54,2015-01-13 00:00:00,0,4931,0,408,1974,2011,2015,0,0,1,0,0,10,PSDB,DF,IZALCI LUCAS,00000000000001,TELEFONIA,,CELULAR FUNCIONAL,5589256,,,101.52,0,101.52,
55,2015-04-13 00:00:00,0,4931,0,408,1974,2015,2015,0,0,4,0,0,10,PSDB,DF,IZALCI LUCAS,00000000000001,TELEFONIA,,CELULAR FUNCIONAL,5741755,,,102.46,0,102.46,
55,2015-05-12 00:00:00,0,4931,0,408,1974,2015,2015,0,0,5,0,0,10,PSDB,DF,IZALCI LUCAS,00000000000001,TELEFONIA,,CELULAR FUNCIONAL,5755690,,,93.45,0,93.45,
55,2015-06-12 00:00:00,0,4931,0,408,1974,2015,2015,0,0,6,0,0,10,PSDB,DF,IZALCI LUCAS,00000000000001,TELEFONIA,,CELULAR FUNCIONAL,5782964,,,102.46,0,102.46,
55,2015-07-15 00:00:00,0,4931,0,408,1974,2015,2015,0,0,7,0,0,10,PSDB,DF,IZALCI LUCAS,00000000000001,TELEFONIA,,CELULAR FUNCIONAL,5795124,,,102.46,0,102.46,
55,2015-08-12 00:00:00,0,4931,0,408,1974,2015,2015,0,0,8,0,0,10,PSDB,DF,IZALCI LUCAS,00000000000001,TELEFONIA,,CELULAR FUNCIONAL,5809203,,,102.46,0,102.46,
55,2015-09-11 00:00:00,0,4931,0,408,1974,2015,2015,0,0,9,0,0,10,PSDB,DF,IZALCI LUCAS,00000000000001,TELEFONIA,,CELULAR FUNCIONAL,5847517,,,102.46,0,102.46,
55,2015-10-13 00:00:00,0,4931,0,408,1974,2015,2015,0,0,10,0,0,10,PSDB,DF,IZALCI LUCAS,00000000000001,TELEFONIA,,CELULAR FUNCIONAL,5850945,,,102.46,0,102.46,
55,2015-11-13 00:00:00,0,4931,0,408,1974,2015,2015,0,0,11,0,0,10,PSDB,DF,IZALCI LUCAS,00000000000001,TELEFONIA,,CELULAR FUNCIONAL,5857009,,,102.46,0,102.46,
55,2015-03-12 00:00:00,0,4931,0,408,1974,2015,2015,0,0,2,0,0,10,PSDB,DF,IZALCI LUCAS,00000000000001,TELEFONIA,,CELULAR FUNCIONAL,5884875,,,102.46,0,102.46,
55,2015-12-15 00:00:00,0,4931,0,408,1974,2015,2015,0,0,12,0,0,10,PSDB,DF,IZALCI LUCAS,00000000000001,TELEFONIA,,CELULAR FUNCIONAL,5894142,,,102.46,0,102.46,
55,2015-09-01 16:52:44,0,4931,1,408,1974,2015,2015,0,0,9,0,0,11,PSDB,DF,IZALCI LUCAS,00000000000007,SERVIÇOS POSTAIS,,CORREIOS - SEDEX 10,RSP : 2134062,,,88.4,0,88.4,
55,2015-11-12 17:13:23,0,4931,1,408,1974,2015,2015,0,0,11,0,0,11,PSDB,DF,IZALCI LUCAS,00000000000007,SERVIÇOS POSTAIS,,CORREIOS - SEDEX 10,RSP : 2143232,,,114,0,114,
55,2015-11-12 16:41:15,0,4931,1,408,1974,2015,2015,0,0,11,0,0,11,PSDB,DF,IZALCI LUCAS,00000000000007,SERVIÇOS POSTAIS,,CORREIOS - SEDEX 12,RSP : 2143229,,,25.9,0,25.9,
55,2015-11-12 17:12:51,0,4931,1,408,1974,2015,2015,0,0,11,0,0,11,PSDB,DF,IZALCI LUCAS,00000000000007,SERVIÇOS POSTAIS,,CORREIOS - SEDEX CONVENCIONAL,RSP : 2143233,,,83.67,0,83.67,
55,2015-11-17 15:20:06,0,4931,1,408,1974,2015,2015,0,0,11,0,0,11,PSDB,DF,IZALCI LUCAS,00000000000007,SERVIÇOS POSTAIS,,CORREIOS - SEDEX CONVENCIONAL,RSP : 2143234,,,30.39,0,30.39,
55,2015-12-17 13:43:42,0,73579,1,410,1472,2015,2015,0,0,12,0,0,11,DEM,DF,ALBERTO FRAGA,00000000000007,SERVIÇOS POSTAIS,,CORREIOS - CARTA COMERCIAL,RSP : 2147866,,,2.1,0,2.1,
55,2015-12-17 11:47:29,0,73579,1,410,1472,2015,2015,0,0,12,0,0,11,DEM,DF,ALBERTO FRAGA,00000000000007,SERVIÇOS POSTAIS,,CORREIOS - CARTA COMERCIAL,RSP : 2147949,,,414.7,0,414.7,
55,2015-05-11 17:08:59,0,73579,1,410,1472,2015,2015,0,0,5,0,0,11,DEM,DF,ALBERTO FRAGA,00000000000007,SERVIÇOS POSTAIS,,CORREIOS - CARTA REGISTRADA,RSP : 2119359,,,8.1,0,8.1,
55,2015-05-15 14:49:39,0,73579,1,410,1472,2015,2015,0,0,5,0,0,11,DEM,DF,ALBERTO FRAGA,00000000000007,SERVIÇOS POSTAIS,,CORREIOS - CARTA REGISTRADA,RSP : 2119796,,,5,0,5,
55,2015-05-28 10:40:52,0,73579,1,410,1472,2015,2015,0,0,5,0,0,11,DEM,DF,ALBERTO FRAGA,00000000000007,SERVIÇOS POSTAIS,,CORREIOS - CARTA REGISTRADA,RSP : 2121672,,,5.55,0,5.55,
55,2015-07-15 10:51:41,0,73579,1,410,1472,2015,2015,0,0,7,0,0,11,DEM,DF,ALBERTO FRAGA,00000000000007,SERVIÇOS POSTAIS,,CORREIOS - CARTA REGISTRADA,RSP : 2128062,,,6.9,0,6.9,
55,2015-08-11 12:27:48,0,73579,1,410,1472,2015,2015,0,0,8,0,0,11,DEM,DF,ALBERTO FRAGA,00000000000007,SERVIÇOS POSTAIS,,CORREIOS - CARTA REGISTRADA,RSP : 2130997,,,8.1,0,8.1,
55,2015-08-24 15:45:06,0,73579,1,410,1472,2015,2015,0,0,8,0,0,11,DEM,DF,ALBERTO FRAGA,00000000000007,SERVIÇOS POSTAIS,,CORREIOS - CARTA REGISTRADA,RSP : 2132910,,,5,0,5,
55,2015-09-02 11:35:16,0,73579,1,410,1472,2015,2015,0,0,9,0,0,11,DEM,DF,ALBERTO FRAGA,00000000000007,SERVIÇOS POSTAIS,,CORREIOS - CARTA REGISTRADA,RSP : 2134114,,,5,0,5,
55,2015-09-03 16:26:14,0,73579,1,410,1472,2015,2015,0,0,9,0,0,11,DEM,DF,ALBERTO FRAGA,00000000000007,SERVIÇOS POSTAIS,,CORREIOS - CARTA REGISTRADA,RSP : 2134382,,,5,0,5,
55,2015-09-10 10:19:22,0,73579,1,410,1472,2015,2015,0,0,9,0,0,11,DEM,DF,ALBERTO FRAGA,00000000000007,SERVIÇOS POSTAIS,,CORREIOS - CARTA REGISTRADA,RSP : 2135287,,,5,0,5,
55,2015-09-21 16:53:29,0,73579,1,410,1472,2015,2015,0,0,9,0,0,11,DEM,DF,ALBERTO FRAGA,00000000000007,SERVIÇOS POSTAIS,,CORREIOS - CARTA REGISTRADA,RSP : 2136786,,,8.1,0,8.1,
55,2015-09-28 10:35:24,0,73579,1,410,1472,2015,2015,0,0,9,0,0,11,DEM,DF,ALBERTO FRAGA,00000000000007,SERVIÇOS POSTAIS,,CORREIOS - CARTA REGISTRADA,RSP : 2137518,,,7.5,0,7.5,
55,2015-12-15 14:36:46,0,73579,1,410,1472,2015,2015,0,0,12,0,0,11,DEM,DF,ALBERTO FRAGA,00000000000007,SERVIÇOS POSTAIS,,CORREIOS - CARTA REGISTRADA,RSP : 2147534,,,6.85,0,6.85,
55,2015-08-20 16:35:36,0,73579,1,410,1472,2015,2015,0,0,8,0,0,11,DEM,DF,ALBERTO FRAGA,00000000000007,SERVIÇOS POSTAIS,,CORREIOS - ENCOMENDA PAC,RSP : 2132521,,,229.22,0,229.22,
55,2015-11-17 15:44:33,0,73579,1,410,1472,2015,2015,0,0,11,0,0,11,DEM,DF,ALBERTO FRAGA,00000000000007,SERVIÇOS POSTAIS,,CORREIOS - ENCOMENDA PAC,RSP : 2143705,,,256.43,0,256.43,
55,2015-12-17 11:31:33,0,73579,1,410,1472,2015,2015,0,0,12,0,0,11,DEM,DF,ALBERTO FRAGA,00000000000007,SERVIÇOS POSTAIS,,CORREIOS - ENCOMENDA PAC,RSP : 2147951,,,17.14,0,17.14,
55,2015-04-24 15:21:46,0,73579,1,410,1472,2015,2015,0,0,4,0,0,11,DEM,DF,ALBERTO FRAGA,00000000000007,SERVIÇOS POSTAIS,,CORREIOS - SEDEX CONVENCIONAL,RSP : 2117128,,,82.88,0,82.88,
55,2015-04-24 15:21:04,0,73579,1,410,1472,2015,2015,0,0,4,0,0,11,DEM,DF,ALBERTO FRAGA,00000000000007,SERVIÇOS POSTAIS,,CORREIOS - SEDEX CONVENCIONAL,RSP : 2117343,,,12.85,0,12.85,
55,2015-05-05 15:45:57,0,73579,1,410,1472,2015,2015,0,0,5,0,0,11,DEM,DF,ALBERTO FRAGA,00000000000007,SERVIÇOS POSTAIS,,CORREIOS - SEDEX CONVENCIONAL,RSP : 2118550,,,39.51,0,39.51,
55,2015-07-20 17:15:39,0,73579,1,410,1472,2015,2015,0,0,7,0,0,11,DEM,DF,ALBERTO FRAGA,00000000000007,SERVIÇOS POSTAIS,,CORREIOS - SEDEX CONVENCIONAL,RSP : 2128614,,,38.19,0,38.19,
55,2015-08-10 14:12:54,0,73579,1,410,1472,2015,2015,0,0,8,0,0,11,DEM,DF,ALBERTO FRAGA,00000000000007,SERVIÇOS POSTAIS,,CORREIOS - SEDEX CONVENCIONAL,RSP : 2130901,,,38.19,0,38.19,
55,2015-11-24 16:07:46,0,73579,1,410,1472,2015,2015,0,0,11,0,0,11,DEM,DF,ALBERTO FRAGA,00000000000007,SERVIÇOS POSTAIS,,CORREIOS - SEDEX CONVENCIONAL,RSP : 2137196,,,30.39,0,30.39,
55,2015-03-25 00:00:00,962446,73579,0,410,1472,2015,2015,0,0,3,0,0,999,DEM,DF,ALBERTO FRAGA,02575829000148,Emissão Bilhete Aéreo,,Cia Aérea - AVIANCA,Bilhete: 2415174848,ALBERTO FRAGA,BSB/FOR,799.03,0,799.03,
55,2015-03-25 00:00:00,962447,73579,0,410,1472,2015,2015,0,0,3,0,0,999,DEM,DF,ALBERTO FRAGA,02575829000148,Emissão Bilhete Aéreo,,Cia Aérea - AVIANCA,Bilhete: 2415174848,ALBERTO FRAGA,FOR/BSB,1209.64,0,1209.64,
55,2015-04-08 00:00:00,964717,73579,0,410,1472,2015,2015,0,0,4,0,0,999,DEM,DF,ALBERTO FRAGA,02575829000148,Emissão Bilhete Aéreo,,Cia Aérea - AVIANCA,Bilhete: 2415623630,ALBERTO FRAGA,AJU/BSB,708.35,0,708.35,
55,2015-07-14 00:00:00,1041505,73579,0,410,1472,2015,2015,0,0,7,0,0,999,DEM,DF,ALBERTO FRAGA,02575829000148,Emissão Bilhete Aéreo,,Cia Aérea - AVIANCA,Bilhete: 2417024286,ALBERTO FRAGA,AJU/BSB,288.35,0,288.35,
55,2015-07-14 00:00:00,1041504,73579,0,410,1472,2015,2015,0,0,7,0,0,999,DEM,DF,ALBERTO FRAGA,02575829000148,Emissão Bilhete Aéreo,,Cia Aérea - AVIANCA,Bilhete: 2417024286,ALBERTO FRAGA,BSB/AJU,849.03,0,849.03,
55,2015-04-09 00:00:00,973756,73579,0,410,1472,2015,2015,0,0,4,0,0,999,DEM,DF,ALBERTO FRAGA,07575651000159,Emissão Bilhete Aéreo,,Cia Aérea - GOL,Bilhete: MCLR7C,ALBERTO FRAGA,BSB/SDU/AJU,1400.2,0,1400.2,
55,2015-06-25 00:00:00,1017576,73579,0,410,1472,2015,2015,0,0,6,0,0,999,DEM,DF,ALBERTO FRAGA,07575651000159,Emissão Bilhete Aéreo,,Cia Aérea - GOL,Bilhete: SGS6FW,ALBERTO FRAGA,BSB/CNF,1281.93,0,1281.93,
55,2015-06-25 00:00:00,1098087,73579,0,410,1472,2015,2015,0,0,6,0,0,999,DEM,DF,ALBERTO FRAGA,02012862000160,Emissão Bilhete Aéreo,,Cia Aérea - TAM,Bilhete: 957-2112.866160,ALBERTO FRAGA,CNF/BSB,546.45,0,546.45,
55,2015-09-24 00:00:00,1119599,73579,0,410,1472,2015,2015,0,0,9,0,0,999,DEM,DF,ALBERTO FRAGA,02012862000160,Emissão Bilhete Aéreo,,Cia Aérea - TAM,Bilhete: 957-2117.752203,ALBERTO FRAGA,BSB/AJU/BSB,614.68,0,614.68,
55,2015-05-27 16:59:12,0,73655,1,411,359,2015,2015,0,0,5,0,0,11,SOLIDARIEDADE,DF,AUGUSTO CARVALHO,00000000000007,SERVIÇOS POSTAIS,,CORREIOS - EXPORTA FÁCIL EXPRESSO (EMS MERCADORIA),RSP : 2121601,,,132,0,132,
55,2015-04-16 15:55:24,0,73655,1,411,359,2015,2015,0,0,4,0,0,11,SOLIDARIEDADE,DF,AUGUSTO CARVALHO,00000000000007,SERVIÇOS POSTAIS,,CORREIOS - SEDEX 10,RSP : 2116483,,,53.6,0,53.6,
55,2015-06-11 13:08:17,0,73655,1,411,359,2015,2015,0,0,6,0,0,11,SOLIDARIEDADE,DF,AUGUSTO CARVALHO,00000000000007,SERVIÇOS POSTAIS,,CORREIOS - SEDEX 10,RSP : 2123371,,,62.9,0,62.9,
55,2015-11-26 00:00:00,1134344,73655,0,411,359,2015,2015,0,0,11,0,0,999,SOLIDARIEDADE,DF,AUGUSTO CARVALHO,07575651000159,Emissão Bilhete Aéreo,,Cia Aérea - GOL,Bilhete: SCK78V,AUGUSTO CARVALHO,GRU/BSB,851,0,851,
54,2015-01-13 00:00:00,0,74802,0,411,1420,2011,2015,0,0,1,0,0,10,PT,DF,MAGELA,00000000000001,TELEFONIA,,CELULAR FUNCIONAL,5882419,,,39.25,0,39.25,
54,2015-03-12 00:00:00,0,74802,0,411,1420,2011,2015,0,0,1,0,0,10,PT,DF,MAGELA,00000000000001,TELEFONIA,,CELULAR FUNCIONAL,5886182,,,2.34,0,2.34,
54,2015-02-19 00:00:00,0,89282,0,413,2284,2011,2015,0,0,1,0,0,10,PDT,DF,REGUFFE,00000000000001,TELEFONIA,,CELULAR FUNCIONAL,5677446,,,108.55,0,108.55,
54,2015-03-17 00:00:00,0,89282,0,413,2284,2011,2015,0,0,1,0,0,10,PDT,DF,REGUFFE,00000000000001,TELEFONIA,,CELULAR FUNCIONAL,5714524,,,4.15,0,4.15,
54,2015-01-13 00:00:00,0,89282,0,413,2284,2011,2015,0,0,1,0,0,10,PDT,DF,REGUFFE,00000000000001,TELEFONIA,,CELULAR FUNCIONAL,5882419,,,39.24,0,39.24,
54,2015-03-12 00:00:00,0,89282,0,413,2284,2011,2015,0,0,1,0,0,10,PDT,DF,REGUFFE,00000000000001,TELEFONIA,,CELULAR FUNCIONAL,5886182,,,13.9,0,13.9,
54,2015-01-13 00:00:00,0,92355,0,613,2353,2011,2015,0,0,1,0,0,10,PRB,DF,VITOR PAULO,00000000000001,TELEFONIA,,CELULAR FUNCIONAL,5589256,,,31.14,0,31.14,
54,2015-02-19 00:00:00,0,92355,0,613,2353,2011,2015,0,0,1,0,0,10,PRB,DF,VITOR PAULO,00000000000001,TELEFONIA,,CELULAR FUNCIONAL,5677446,,,79.77,0,79.77,
54,2015-01-13 00:00:00,0,92355,0,613,2353,2011,2015,0,0,1,0,0,10,PRB,DF,VITOR PAULO,00000000000001,TELEFONIA,,CELULAR FUNCIONAL,5882419,,,196.6,0,196.6,
54,2015-03-12 00:00:00,0,92355,0,613,2353,2011,2015,0,0,1,0,0,10,PRB,DF,VITOR PAULO,00000000000001,TELEFONIA,,CELULAR FUNCIONAL,5886182,,,10.13,0,10.13,
54,2015-01-20 12:59:18,0,92355,1,613,2353,2011,2015,0,0,1,0,0,11,PRB,DF,VITOR PAULO,00000000000007,SERVIÇOS POSTAIS,,CORREIOS - SEDEX CONVENCIONAL,RSP : 2106057,,,122.39,0,122.39,
54,2015-01-26 17:23:57,0,92355,1,613,2353,2011,2015,0,0,1,0,0,11,PRB,DF,VITOR PAULO,00000000000007,SERVIÇOS POSTAIS,,CORREIOS - SEDEX CONVENCIONAL,RSP : 2106602,,,37,0,37,
54,2015-01-08 00:00:00,942407,92355,0,613,2353,2011,2015,0,0,1,0,0,999,PRB,DF,VITOR PAULO,02575829000148,Emissão Bilhete Aéreo,,Cia Aérea - AVIANCA,Bilhete: 2413629666,VITOR PAULO,SDU/BSB,330.57,0,330.57,
54,2015-01-08 00:00:00,949784,92355,0,613,2353,2011,2015,0,0,1,0,0,999,PRB,DF,VITOR PAULO,07575651000159,Emissão Bilhete Aéreo,,Cia Aérea - GOL,Bilhete: BL6MGE,VITOR PAULO,BSB/SDU,215.93,0,215.93,
54,2015-01-13 00:00:00,0,97822,0,409,2382,2011,2015,0,0,1,0,0,10,PMN,DF,JAQUELINE RORIZ,00000000000001,TELEFONIA,,CELULAR FUNCIONAL,5882419,,,78.48,0,78.48,
55,2015-10-05 13:39:33,0,141478,1,412,1867,2015,2015,0,0,10,0,0,11,PR,DF,LAERTE BESSA,00000000000007,SERVIÇOS POSTAIS,,CORREIOS - SEDEX 10,RSP : 2138391,,,62.9,0,62.9,
55,2015-04-16 15:52:28,0,141478,1,412,1867,2015,2015,0,0,4,0,0,11,PR,DF,LAERTE BESSA,00000000000007,SERVIÇOS POSTAIS,,CORREIOS - SEDEX CONVENCIONAL,RSP : 2116496,,,42.79,0,42.79,
55,2015-07-20 13:24:08,0,141478,1,412,1867,2015,2015,0,0,7,0,0,11,PR,DF,LAERTE BESSA,00000000000007,SERVIÇOS POSTAIS,,CORREIOS - SEDEX CONVENCIONAL,RSP : 2128274,,,151.84,0,151.84,
55,2015-10-21 15:33:11,0,141478,1,412,1867,2015,2015,0,0,10,0,0,11,PR,DF,LAERTE BESSA,00000000000007,SERVIÇOS POSTAIS,,CORREIOS - TELEGRAMA,RSP : 2139570,,,33.99,0,33.99,
55,2015-09-11 00:00:00,0,160426,0,413,2031,2015,2015,0,0,9,0,0,10,PSD,DF,ROGÉRIO ROSSO,00000000000001,TELEFONIA,,CELULAR FUNCIONAL,5821143,,,122.44,0,122.44,
55,2015-09-11 00:00:00,0,160426,0,413,2031,2015,2015,0,0,8,0,0,10,PSD,DF,ROGÉRIO ROSSO,00000000000001,TELEFONIA,,CELULAR FUNCIONAL,5821143,,,201.11,0,201.11,
55,2015-10-13 00:00:00,0,160426,0,413,2031,2015,2015,0,0,10,0,0,10,PSD,DF,ROGÉRIO ROSSO,00000000000001,TELEFONIA,,CELULAR FUNCIONAL,5862714,,,120.84,0,120.84,
55,2015-10-13 00:00:00,0,160426,0,413,2031,2015,2015,0,0,9,0,0,10,PSD,DF,ROGÉRIO ROSSO,00000000000001,TELEFONIA,,CELULAR FUNCIONAL,5862714,,,191.58,0,191.58,
55,2015-03-12 00:00:00,0,160426,0,413,2031,2015,2015,0,0,2,0,0,10,PSD,DF,ROGÉRIO ROSSO,00000000000001,TELEFONIA,,CELULAR FUNCIONAL,5886182,,,35.32,0,35.32,
55,2015-03-12 00:00:00,0,160426,0,413,2031,2015,2015,0,0,3,0,0,10,PSD,DF,ROGÉRIO ROSSO,00000000000001,TELEFONIA,,CELULAR FUNCIONAL,5886182,,,63.11,0,63.11,
55,2016-01-12 00:00:00,0,160426,0,413,2031,2015,2015,0,0,12,0,0,10,PSD,DF,ROGÉRIO ROSSO,00000000000001,TELEFONIA,,CELULAR FUNCIONAL,5895660,,,208.69,0,208.69,
55,2015-04-13 00:00:00,0,160426,0,413,2031,2015,2015,0,0,4,0,0,10,PSD,DF,ROGÉRIO ROSSO,00000000000001,TELEFONIA,,CELULAR FUNCIONAL,5906005,,,123.27,0,123.27,
55,2015-04-13 00:00:00,0,160426,0,413,2031,2015,2015,0,0,3,0,0,10,PSD,DF,ROGÉRIO ROSSO,00000000000001,TELEFONIA,,CELULAR FUNCIONAL,5906005,,,162.78,0,162.78,
55,2015-05-12 00:00:00,0,160426,0,413,2031,2015,2015,0,0,5,0,0,10,PSD,DF,ROGÉRIO ROSSO,00000000000001,TELEFONIA,,CELULAR FUNCIONAL,5923029,,,121.76,0,121.76,
55,2015-05-12 00:00:00,0,160426,0,413,2031,2015,2015,0,0,4,0,0,10,PSD,DF,ROGÉRIO ROSSO,00000000000001,TELEFONIA,,CELULAR FUNCIONAL,5923029,,,257.83,0,257.83,
55,2015-06-12 00:00:00,0,160426,0,413,2031,2015,2015,0,0,6,0,0,10,PSD,DF,ROGÉRIO ROSSO,00000000000001,TELEFONIA,,CELULAR FUNCIONAL,5930055,,,121.85,0,121.85,
55,2015-06-12 00:00:00,0,160426,0,413,2031,2015,2015,0,0,5,0,0,10,PSD,DF,ROGÉRIO ROSSO,00000000000001,TELEFONIA,,CELULAR FUNCIONAL,5930055,,,192.62,0,192.62,
55,2015-07-15 00:00:00,0,160426,0,413,2031,2015,2015,0,0,7,0,0,10,PSD,DF,ROGÉRIO ROSSO,00000000000001,TELEFONIA,,CELULAR FUNCIONAL,5931599,,,120.48,0,120.48,
55,2015-07-15 00:00:00,0,160426,0,413,2031,2015,2015,0,0,6,0,0,10,PSD,DF,ROGÉRIO ROSSO,00000000000001,TELEFONIA,,CELULAR FUNCIONAL,5931599,,,198.37,0,198.37,
55,2015-08-12 00:00:00,0,160426,0,413,2031,2015,2015,0,0,8,0,0,10,PSD,DF,ROGÉRIO ROSSO,00000000000001,TELEFONIA,,CELULAR FUNCIONAL,5942012,,,120.72,0,120.72,
55,2015-08-12 00:00:00,0,160426,0,413,2031,2015,2015,0,0,7,0,0,10,PSD,DF,ROGÉRIO ROSSO,00000000000001,TELEFONIA,,CELULAR FUNCIONAL,5942012,,,188.64,0,188.64,
55,2016-03-17 00:00:00,0,160426,0,413,2031,2015,2015,0,0,12,0,0,10,PSD,DF,ROGÉRIO ROSSO,00000000000001,TELEFONIA,,CELULAR FUNCIONAL,5963747,,,9.17,0,9.17,
55,2015-11-13 00:00:00,0,160426,0,413,2031,2015,2015,0,0,11,0,0,10,PSD,DF,ROGÉRIO ROSSO,00000000000001,TELEFONIA,,CELULAR FUNCIONAL,6026731,,,126.29,0,126.29,
55,2015-11-13 00:00:00,0,160426,0,413,2031,2015,2015,0,0,10,0,0,10,PSD,DF,ROGÉRIO ROSSO,00000000000001,TELEFONIA,,CELULAR FUNCIONAL,6026731,,,160.03,0,160.03,
55,2015-12-15 00:00:00,0,160426,0,413,2031,2015,2015,0,0,12,0,0,10,PSD,DF,ROGÉRIO ROSSO,00000000000001,TELEFONIA,,CELULAR FUNCIONAL,6026934,,,120.7,0,120.7,
55,2015-12-15 00:00:00,0,160426,0,413,2031,2015,2015,0,0,11,0,0,10,PSD,DF,ROGÉRIO ROSSO,00000000000001,TELEFONIA,,CELULAR FUNCIONAL,6026934,,,261.19,0,261.19,
55,2015-02-27 17:39:47,0,160426,1,413,2031,2015,2015,0,0,2,0,0,11,PSD,DF,ROGÉRIO ROSSO,00000000000007,SERVIÇOS POSTAIS,,CORREIOS - CARTA COMERCIAL,RSP : 2110395,,,4.15,0,4.15,
55,2015-03-04 14:31:01,0,160426,1,413,2031,2015,2015,0,0,3,0,0,11,PSD,DF,ROGÉRIO ROSSO,00000000000007,SERVIÇOS POSTAIS,,CORREIOS - CARTA COMERCIAL,RSP : 2110967,,,4.15,0,4.15,
55,2015-03-09 12:55:08,0,160426,1,413,2031,2015,2015,0,0,3,0,0,11,PSD,DF,ROGÉRIO ROSSO,00000000000007,SERVIÇOS POSTAIS,,CORREIOS - CARTA COMERCIAL,RSP : 2111386,,,1.3,0,1.3,
55,2015-03-13 16:37:03,0,160426,1,413,2031,2015,2015,0,0,3,0,0,11,PSD,DF,ROGÉRIO ROSSO,00000000000007,SERVIÇOS POSTAIS,,CORREIOS - CARTA COMERCIAL,RSP : 2112353,,,1.3,0,1.3,
55,2015-03-31 10:56:51,0,160426,1,413,2031,2015,2015,0,0,3,0,0,11,PSD,DF,ROGÉRIO ROSSO,00000000000007,SERVIÇOS POSTAIS,,CORREIOS - CARTA COMERCIAL,RSP : 2114504,,,7.8,0,7.8,
55,2015-04-01 16:56:20,0,160426,1,413,2031,2015,2015,0,0,4,0,0,11,PSD,DF,ROGÉRIO ROSSO,00000000000007,SERVIÇOS POSTAIS,,CORREIOS - CARTA COMERCIAL,RSP : 2114871,,,1.3,0,1.3,
55,2015-04-09 11:19:29,0,160426,1,413,2031,2015,2015,0,0,4,0,0,11,PSD,DF,ROGÉRIO ROSSO,00000000000007,SERVIÇOS POSTAIS,,CORREIOS - CARTA COMERCIAL,RSP : 2115499,,,5.2,0,5.2,
55,2015-04-15 14:58:00,0,160426,1,413,2031,2015,2015,0,0,4,0,0,11,PSD,DF,ROGÉRIO ROSSO,00000000000007,SERVIÇOS POSTAIS,,CORREIOS - CARTA COMERCIAL,RSP : 2116238,,,1.4,0,1.4,
55,2015-04-23 16:34:13,0,160426,1,413,2031,2015,2015,0,0,4,0,0,11,PSD,DF,ROGÉRIO ROSSO,00000000000007,SERVIÇOS POSTAIS,,CORREIOS - CARTA COMERCIAL,RSP : 2117132,,,1.4,0,1.4,
55,2015-05-08 14:50:01,0,160426,1,413,2031,2015,2015,0,0,5,0,0,11,PSD,DF,ROGÉRIO ROSSO,00000000000007,SERVIÇOS POSTAIS,,CORREIOS - CARTA COMERCIAL,RSP : 2119140,,,1.4,0,1.4,
55,2015-07-15 11:45:19,0,160426,1,413,2031,2015,2015,0,0,7,0,0,11,PSD,DF,ROGÉRIO ROSSO,00000000000007,SERVIÇOS POSTAIS,,CORREIOS - CARTA COMERCIAL,RSP : 2128120,,,955.8,0,955.8,
55,2015-07-16 17:23:52,0,160426,1,413,2031,2015,2015,0,0,7,0,0,11,PSD,DF,ROGÉRIO ROSSO,00000000000007,SERVIÇOS POSTAIS,,CORREIOS - CARTA COMERCIAL,RSP : 2128349,,,81,0,81,
55,2015-07-23 12:40:52,0,160426,1,413,2031,2015,2015,0,0,7,0,0,11,PSD,DF,ROGÉRIO ROSSO,00000000000007,SERVIÇOS POSTAIS,,CORREIOS - CARTA COMERCIAL,RSP : 2129157,,,2195.1,0,2195.1,
55,2015-07-30 16:50:17,0,160426,1,413,2031,2015,2015,0,0,7,0,0,11,PSD,DF,ROGÉRIO ROSSO,00000000000007,SERVIÇOS POSTAIS,,CORREIOS - CARTA COMERCIAL,RSP : 2129773,,,136.5,0,136.5,
55,2015-07-31 11:49:22,0,160426,1,413,2031,2015,2015,0,0,7,0,0,11,PSD,DF,ROGÉRIO ROSSO,00000000000007,SERVIÇOS POSTAIS,,CORREIOS - CARTA COMERCIAL,RSP : 2129821,,,1.95,0,1.95,
55,2015-08-05 14:33:40,0,160426,1,413,2031,2015,2015,0,0,8,0,0,11,PSD,DF,ROGÉRIO ROSSO,00000000000007,SERVIÇOS POSTAIS,,CORREIOS - CARTA COMERCIAL,RSP : 2130283,,,1.4,0,1.4,
55,2015-08-06 15:39:08,0,160426,1,413,2031,2015,2015,0,0,8,0,0,11,PSD,DF,ROGÉRIO ROSSO,00000000000007,SERVIÇOS POSTAIS,,CORREIOS - CARTA COMERCIAL,RSP : 2130465,,,121.5,0,121.5,
55,2015-03-13 15:40:44,0,160426,1,413,2031,2015,2015,0,0,3,0,0,11,PSD,DF,ROGÉRIO ROSSO,00000000000007,SERVIÇOS POSTAIS,,CORREIOS - ENCOMENDA PAC,RSP : 2112289,,,7.41,0,7.41,
55,2015-03-13 16:29:47,0,160426,1,413,2031,2015,2015,0,0,3,0,0,11,PSD,DF,ROGÉRIO ROSSO,00000000000007,SERVIÇOS POSTAIS,,CORREIOS - ENCOMENDA PAC,RSP : 2112345,,,58.24,0,58.24,
55,2015-03-20 17:33:05,0,160426,1,413,2031,2015,2015,0,0,3,0,0,11,PSD,DF,ROGÉRIO ROSSO,00000000000007,SERVIÇOS POSTAIS,,CORREIOS - ENCOMENDA PAC,RSP : 2113323,,,37.05,0,37.05,
55,2015-03-27 15:17:31,0,160426,1,413,2031,2015,2015,0,0,3,0,0,11,PSD,DF,ROGÉRIO ROSSO,00000000000007,SERVIÇOS POSTAIS,,CORREIOS - ENCOMENDA PAC,RSP : 2114189,,,37.05,0,37.05,
55,2015-03-30 16:38:24,0,160426,1,413,2031,2015,2015,0,0,3,0,0,11,PSD,DF,ROGÉRIO ROSSO,00000000000007,SERVIÇOS POSTAIS,,CORREIOS - ENCOMENDA PAC,RSP : 2114433,,,7.94,0,7.94,
55,2015-04-09 13:18:41,0,160426,1,413,2031,2015,2015,0,0,4,0,0,11,PSD,DF,ROGÉRIO ROSSO,00000000000007,SERVIÇOS POSTAIS,,CORREIOS - ENCOMENDA PAC,RSP : 2115503,,,52.48,0,52.48,
55,2015-04-30 16:45:20,0,160426,1,413,2031,2015,2015,0,0,4,0,0,11,PSD,DF,ROGÉRIO ROSSO,00000000000007,SERVIÇOS POSTAIS,,CORREIOS - ENCOMENDA PAC,RSP : 2118213,,,47.64,0,47.64,
55,2015-05-15 10:40:07,0,160426,1,413,2031,2015,2015,0,0,5,0,0,11,PSD,DF,ROGÉRIO ROSSO,00000000000007,SERVIÇOS POSTAIS,,CORREIOS - ENCOMENDA PAC,RSP : 2119506,,,47.64,0,47.64,
55,2015-05-15 13:41:28,0,160426,1,413,2031,2015,2015,0,0,5,0,0,11,PSD,DF,ROGÉRIO ROSSO,00000000000007,SERVIÇOS POSTAIS,,CORREIOS - ENCOMENDA PAC,RSP : 2119871,,,39.17,0,39.17,
55,2015-05-27 11:24:21,0,160426,1,413,2031,2015,2015,0,0,5,0,0,11,PSD,DF,ROGÉRIO ROSSO,00000000000007,SERVIÇOS POSTAIS,,CORREIOS - ENCOMENDA PAC,RSP : 2121512,,,44.46,0,44.46,
55,2015-09-24 09:31:03,0,160426,1,413,2031,2015,2015,0,0,9,0,0,11,PSD,DF,ROGÉRIO ROSSO,00000000000007,SERVIÇOS POSTAIS,,CORREIOS - ENCOMENDA PAC,RSP : 2137174,,,215.3,0,215.3,
55,2015-10-13 16:19:31,0,160426,1,413,2031,2015,2015,0,0,10,0,0,11,PSD,DF,ROGÉRIO ROSSO,00000000000007,SERVIÇOS POSTAIS,,CORREIOS - ENCOMENDA PAC,RSP : 2139512,,,79.03,0,79.03,
55,2015-12-03 12:55:55,0,160426,1,413,2031,2015,2015,0,0,12,0,0,11,PSD,DF,ROGÉRIO ROSSO,00000000000007,SERVIÇOS POSTAIS,,CORREIOS - ENCOMENDA PAC,RSP : 2145996,,,76.04,0,76.04,
55,2015-12-08 17:30:18,0,160426,1,413,2031,2015,2015,0,0,12,0,0,11,PSD,DF,ROGÉRIO ROSSO,00000000000007,SERVIÇOS POSTAIS,,CORREIOS - ENCOMENDA PAC,RSP : 2146645,,,25.71,0,25.71,
55,2015-03-20 13:00:41,0,160426,1,413,2031,2015,2015,0,0,3,0,0,11,PSD,DF,ROGÉRIO ROSSO,00000000000007,SERVIÇOS POSTAIS,,CORREIOS - SEDEX 10,RSP : 2113264,,,53.6,0,53.6,
55,2015-03-20 17:42:52,0,160426,1,413,2031,2015,2015,0,0,3,0,0,11,PSD,DF,ROGÉRIO ROSSO,00000000000007,SERVIÇOS POSTAIS,,CORREIOS - SEDEX 10,RSP : 2113353,,,53.6,0,53.6,
55,2015-05-06 10:25:05,0,160426,1,413,2031,2015,2015,0,0,5,0,0,11,PSD,DF,ROGÉRIO ROSSO,00000000000007,SERVIÇOS POSTAIS,,CORREIOS - SEDEX 10,RSP : 2118642,,,53.6,0,53.6,
55,2015-07-27 14:41:35,0,160426,1,413,2031,2015,2015,0,0,7,0,0,11,PSD,DF,ROGÉRIO ROSSO,00000000000007,SERVIÇOS POSTAIS,,CORREIOS - SEDEX 10,RSP : 2129403,,,57,0,57,
55,2015-11-04 16:54:47,0,160426,1,413,2031,2015,2015,0,0,11,0,0,11,PSD,DF,ROGÉRIO ROSSO,00000000000007,SERVIÇOS POSTAIS,,CORREIOS - SEDEX 10,RSP : 2142016,,,57,0,57,
55,2015-02-26 13:36:49,0,160426,1,413,2031,2015,2015,0,0,2,0,0,11,PSD,DF,ROGÉRIO ROSSO,00000000000007,SERVIÇOS POSTAIS,,CORREIOS - SEDEX CONVENCIONAL,RSP : 2110194,,,37.96,0,37.96,
55,2015-04-09 17:09:50,0,160426,1,413,2031,2015,2015,0,0,4,0,0,11,PSD,DF,ROGÉRIO ROSSO,00000000000007,SERVIÇOS POSTAIS,,CORREIOS - SEDEX CONVENCIONAL,RSP : 2115643,,,37.96,0,37.96,
55,2015-05-15 10:39:18,0,160426,1,413,2031,2015,2015,0,0,5,0,0,11,PSD,DF,ROGÉRIO ROSSO,00000000000007,SERVIÇOS POSTAIS,,CORREIOS - SEDEX CONVENCIONAL,RSP : 2119806,,,37.96,0,37.96,
55,2015-06-19 15:53:40,0,160426,1,413,2031,2015,2015,0,0,6,0,0,11,PSD,DF,ROGÉRIO ROSSO,00000000000007,SERVIÇOS POSTAIS,,CORREIOS - SEDEX CONVENCIONAL,RSP : 2124786,,,57.39,0,57.39,
55,2015-07-15 12:11:08,0,160426,1,413,2031,2015,2015,0,0,7,0,0,11,PSD,DF,ROGÉRIO ROSSO,00000000000007,SERVIÇOS POSTAIS,,CORREIOS - SEDEX CONVENCIONAL,RSP : 2128118,,,53.28,0,53.28,
55,2015-07-15 16:51:05,0,160426,1,413,2031,2015,2015,0,0,7,0,0,11,PSD,DF,ROGÉRIO ROSSO,00000000000007,SERVIÇOS POSTAIS,,CORREIOS - SEDEX CONVENCIONAL,RSP : 2128166,,,15.81,0,15.81,
55,2015-08-06 11:09:30,0,160426,1,413,2031,2015,2015,0,0,8,0,0,11,PSD,DF,ROGÉRIO ROSSO,00000000000007,SERVIÇOS POSTAIS,,CORREIOS - SEDEX CONVENCIONAL,RSP : 2130467,,,40.35,0,40.35,
55,2015-09-03 12:00:38,0,160426,1,413,2031,2015,2015,0,0,9,0,0,11,PSD,DF,ROGÉRIO ROSSO,00000000000007,SERVIÇOS POSTAIS,,CORREIOS - SEDEX CONVENCIONAL,RSP : 2134455,,,49.49,0,49.49,
55,2015-09-23 16:58:22,0,160426,1,413,2031,2015,2015,0,0,9,0,0,11,PSD,DF,ROGÉRIO ROSSO,00000000000007,SERVIÇOS POSTAIS,,CORREIOS - SEDEX CONVENCIONAL,RSP : 2137144,,,53.28,0,53.28,
55,2015-10-08 17:10:20,0,160426,1,413,2031,2015,2015,0,0,10,0,0,11,PSD,DF,ROGÉRIO ROSSO,00000000000007,SERVIÇOS POSTAIS,,CORREIOS - SEDEX CONVENCIONAL,RSP : 2139240,,,40.35,0,40.35,
55,2015-11-10 13:04:21,0,160426,1,413,2031,2015,2015,0,0,11,0,0,11,PSD,DF,ROGÉRIO ROSSO,00000000000007,SERVIÇOS POSTAIS,,CORREIOS - SEDEX CONVENCIONAL,RSP : 2142716,,,57.39,0,57.39,
55,2015-12-07 16:33:51,0,160426,1,413,2031,2015,2015,0,0,12,0,0,11,PSD,DF,ROGÉRIO ROSSO,00000000000007,SERVIÇOS POSTAIS,,CORREIOS - SEDEX CONVENCIONAL,RSP : 2146435,,,45.48,0,45.48,
55,2015-12-15 12:45:11,0,160426,1,413,2031,2015,2015,0,0,12,0,0,11,PSD,DF,ROGÉRIO ROSSO,00000000000007,SERVIÇOS POSTAIS,,CORREIOS - SEDEX CONVENCIONAL,RSP : 2147454,,,13.65,0,13.65,
55,2015-12-21 15:48:22,0,160426,1,413,2031,2015,2015,0,0,12,0,0,11,PSD,DF,ROGÉRIO ROSSO,00000000000007,SERVIÇOS POSTAIS,,CORREIOS - SEDEX CONVENCIONAL,RSP : 2148574,,,40.35,0,40.35,
55,2015-04-30 16:49:01,0,160426,1,413,2031,2015,2015,0,0,4,0,0,11,PSD,DF,ROGÉRIO ROSSO,00000000000007,SERVIÇOS POSTAIS,,CORREIOS - TELEGRAMA,RSP : 2118129,,,11.33,0,11.33,
55,2015-06-03 17:14:12,0,160426,1,413,2031,2015,2015,0,0,6,0,0,11,PSD,DF,ROGÉRIO ROSSO,00000000000007,SERVIÇOS POSTAIS,,CORREIOS - TELEGRAMA,RSP : 2122590,,,11.33,0,11.33,
55,2015-11-11 17:44:18,0,160426,1,413,2031,2015,2015,0,0,11,0,0,11,PSD,DF,ROGÉRIO ROSSO,00000000000007,SERVIÇOS POSTAIS,,CORREIOS - TELEGRAMA,RSP : 2143085,,,11.33,0,11.33,
55,2015-11-13 15:22:51,0,160426,1,413,2031,2015,2015,0,0,11,0,0,11,PSD,DF,ROGÉRIO ROSSO,00000000000007,SERVIÇOS POSTAIS,,CORREIOS - TELEGRAMA,RSP : 2143343,,,11.33,0,11.33,
54,2015-01-13 00:00:00,0,160550,0,410,2269,2011,2015,0,0,1,0,0,10,PSDB,DF,LUIZ PITIMAN,00000000000001,TELEFONIA,,CELULAR FUNCIONAL,5882419,,,78.49,0,78.49,
54,2015-01-13 00:00:00,0,160575,0,407,2403,2011,2015,0,0,1,0,0,10,PT,DF,Erika Kokay,00000000000001,TELEFONIA,,CELULAR FUNCIONAL,5589256,,,62.28,0,62.28,
54,2015-01-21 00:00:00,0,160575,0,407,2403,2011,2015,0,0,1,0,0,10,PT,DF,Erika Kokay,00000000000001,TELEFONIA,,CELULAR FUNCIONAL,5622342,,,31.15,0,31.15,
54,2015-01-30 13:00:37,0,160575,1,407,2403,2011,2015,0,0,1,0,0,11,PT,DF,Erika Kokay,00000000000007,SERVIÇOS POSTAIS,,CORREIOS - CARTA REGISTRADA COM AR,RSP : 2107157,,,8.2,0,8.2,
54,2015-01-30 13:00:19,0,160575,1,407,2403,2011,2015,0,0,1,0,0,11,PT,DF,Erika Kokay,00000000000007,SERVIÇOS POSTAIS,,CORREIOS - CARTA REGISTRADA COM AR,RSP : 2107514,,,15.9,0,15.9,
55,2015-02-13 00:00:00,0,160575,0,407,2403,2015,2015,0,0,2,0,0,10,PT,DF,Erika Kokay,00000000000001,TELEFONIA,,CELULAR FUNCIONAL,5633516,,,31.15,0,31.15,
55,2015-03-19 00:00:00,0,160575,0,407,2403,2015,2015,0,0,3,0,0,10,PT,DF,Erika Kokay,00000000000001,TELEFONIA,,CELULAR FUNCIONAL,5682026,,,31.15,0,31.15,
55,2015-04-22 00:00:00,0,160575,0,407,2403,2015,2015,0,0,4,0,0,10,PT,DF,Erika Kokay,00000000000001,TELEFONIA,,CELULAR FUNCIONAL,5741690,,,31.15,0,31.15,
55,2015-04-13 00:00:00,0,160575,0,407,2403,2015,2015,0,0,4,0,0,10,PT,DF,Erika Kokay,00000000000001,TELEFONIA,,CELULAR FUNCIONAL,5741755,,,62.3,0,62.3,
55,2015-05-12 00:00:00,0,160575,0,407,2403,2015,2015,0,0,5,0,0,10,PT,DF,Erika Kokay,00000000000001,TELEFONIA,,CELULAR FUNCIONAL,5755690,,,62.3,0,62.3,
55,2015-05-20 00:00:00,0,160575,0,407,2403,2015,2015,0,0,5,0,0,10,PT,DF,Erika Kokay,00000000000001,TELEFONIA,,CELULAR FUNCIONAL,5765400,,,31.15,0,31.15,
55,2015-06-12 00:00:00,0,160575,0,407,2403,2015,2015,0,0,6,0,0,10,PT,DF,Erika Kokay,00000000000001,TELEFONIA,,CELULAR FUNCIONAL,5782964,,,62.3,0,62.3,
55,2015-06-16 00:00:00,0,160575,0,407,2403,2015,2015,0,0,6,0,0,10,PT,DF,Erika Kokay,00000000000001,TELEFONIA,,CELULAR FUNCIONAL,5783303,,,31.15,0,31.15,
55,2015-07-15 00:00:00,0,160575,0,407,2403,2015,2015,0,0,7,0,0,10,PT,DF,Erika Kokay,00000000000001,TELEFONIA,,CELULAR FUNCIONAL,5795124,,,62.3,0,62.3,
55,2015-07-15 00:00:00,0,160575,0,407,2403,2015,2015,0,0,7,0,0,10,PT,DF,Erika Kokay,00000000000001,TELEFONIA,,CELULAR FUNCIONAL,5795987,,,31.15,0,31.15,
55,2015-08-12 00:00:00,0,160575,0,407,2403,2015,2015,0,0,8,0,0,10,PT,DF,Erika Kokay,00000000000001,TELEFONIA,,CELULAR FUNCIONAL,5809203,,,62.3,0,62.3,
55,2015-08-13 00:00:00,0,160575,0,407,2403,2015,2015,0,0,8,0,0,10,PT,DF,Erika Kokay,00000000000001,TELEFONIA,,CELULAR FUNCIONAL,5809877,,,29.98,0,29.98,
55,2015-09-11 00:00:00,0,160575,0,407,2403,2015,2015,0,0,7,0,0,10,PT,DF,Erika Kokay,00000000000001,TELEFONIA,,CELULAR FUNCIONAL,5821143,,,0.12,0,0.12,
55,2015-09-11 00:00:00,0,160575,0,407,2403,2015,2015,0,0,9,0,0,10,PT,DF,Erika Kokay,00000000000001,TELEFONIA,,CELULAR FUNCIONAL,5821143,,,82.55,0,82.55,
55,2015-09-11 00:00:00,0,160575,0,407,2403,2015,2015,0,0,8,0,0,10,PT,DF,Erika Kokay,00000000000001,TELEFONIA,,CELULAR FUNCIONAL,5821143,,,204.57,0,204.57,
55,2015-09-11 00:00:00,0,160575,0,407,2403,2015,2015,0,0,9,0,0,10,PT,DF,Erika Kokay,00000000000001,TELEFONIA,,CELULAR FUNCIONAL,5847517,,,62.3,0,62.3,
55,2015-09-23 00:00:00,0,160575,0,407,2403,2015,2015,0,0,9,0,0,10,PT,DF,Erika Kokay,00000000000001,TELEFONIA,,CELULAR FUNCIONAL,5850568,,,29.98,0,29.98,
55,2015-10-15 00:00:00,0,160575,0,407,2403,2015,2015,0,0,10,0,0,10,PT,DF,Erika Kokay,00000000000001,TELEFONIA,,CELULAR FUNCIONAL,5850645,,,29.98,0,29.98,
55,2015-11-13 00:00:00,0,160575,0,407,2403,2015,2015,0,0,11,0,0,10,PT,DF,Erika Kokay,00000000000001,TELEFONIA,,CELULAR FUNCIONAL,5850702,,,29.98,0,29.98,
55,2015-10-13 00:00:00,0,160575,0,407,2403,2015,2015,0,0,10,0,0,10,PT,DF,Erika Kokay,00000000000001,TELEFONIA,,CELULAR FUNCIONAL,5850945,,,62.3,0,62.3,
55,2015-11-13 00:00:00,0,160575,0,407,2403,2015,2015,0,0,11,0,0,10,PT,DF,Erika Kokay,00000000000001,TELEFONIA,,CELULAR FUNCIONAL,5857009,,,62.3,0,62.3,
55,2015-10-13 00:00:00,0,160575,0,407,2403,2015,2015,0,0,10,0,0,10,PT,DF,Erika Kokay,00000000000001,TELEFONIA,,CELULAR FUNCIONAL,5862714,,,98.87,0,98.87,
55,2015-10-13 00:00:00,0,160575,0,407,2403,2015,2015,0,0,9,0,0,10,PT,DF,Erika Kokay,00000000000001,TELEFONIA,,CELULAR FUNCIONAL,5862714,,,228.2,0,228.2,
55,2015-03-12 00:00:00,0,160575,0,407,2403,2015,2015,0,0,2,0,0,10,PT,DF,Erika Kokay,00000000000001,TELEFONIA,,CELULAR FUNCIONAL,5884875,,,62.3,0,62.3,
55,2015-03-12 00:00:00,0,160575,0,407,2403,2015,2015,0,0,2,0,0,10,PT,DF,Erika Kokay,00000000000001,TELEFONIA,,CELULAR FUNCIONAL,5886182,,,35.8,0,35.8,
55,2015-03-12 00:00:00,0,160575,0,407,2403,2015,2015,0,0,3,0,0,10,PT,DF,Erika Kokay,00000000000001,TELEFONIA,,CELULAR FUNCIONAL,5886182,,,61.02,0,61.02,
55,2015-12-15 00:00:00,0,160575,0,407,2403,2015,2015,0,0,12,0,0,10,PT,DF,Erika Kokay,00000000000001,TELEFONIA,,CELULAR FUNCIONAL,5894142,,,62.3,0,62.3,
55,2016-01-12 00:00:00,0,160575,0,407,2403,2015,2015,0,0,12,0,0,10,PT,DF,Erika Kokay,00000000000001,TELEFONIA,,CELULAR FUNCIONAL,5895660,,,200.31,0,200.31,
55,2015-04-13 00:00:00,0,160575,0,407,2403,2015,2015,0,0,4,0,0,10,PT,DF,Erika Kokay,00000000000001,TELEFONIA,,CELULAR FUNCIONAL,5906005,,,82.42,0,82.42,
55,2015-04-13 00:00:00,0,160575,0,407,2403,2015,2015,0,0,3,0,0,10,PT,DF,Erika Kokay,00000000000001,TELEFONIA,,CELULAR FUNCIONAL,5906005,,,188.49,0,188.49,
55,2015-05-12 00:00:00,0,160575,0,407,2403,2015,2015,0,0,3,0,0,10,PT,DF,Erika Kokay,00000000000001,TELEFONIA,,CELULAR FUNCIONAL,5923029,,,0.6,0,0.6,
55,2015-05-12 00:00:00,0,160575,0,407,2403,2015,2015,0,0,5,0,0,10,PT,DF,Erika Kokay,00000000000001,TELEFONIA,,CELULAR FUNCIONAL,5923029,,,80.88,0,80.88,
55,2015-05-12 00:00:00,0,160575,0,407,2403,2015,2015,0,0,4,0,0,10,PT,DF,Erika Kokay,00000000000001,TELEFONIA,,CELULAR FUNCIONAL,5923029,,,184.45,0,184.45,
55,2015-06-12 00:00:00,0,160575,0,407,2403,2015,2015,0,0,4,0,0,10,PT,DF,Erika Kokay,00000000000001,TELEFONIA,,CELULAR FUNCIONAL,5930055,,,0.6,0,0.6,
55,2015-06-12 00:00:00,0,160575,0,407,2403,2015,2015,0,0,6,0,0,10,PT,DF,Erika Kokay,00000000000001,TELEFONIA,,CELULAR FUNCIONAL,5930055,,,82.41,0,82.41,
55,2015-06-12 00:00:00,0,160575,0,407,2403,2015,2015,0,0,5,0,0,10,PT,DF,Erika Kokay,00000000000001,TELEFONIA,,CELULAR FUNCIONAL,5930055,,,238.65,0,238.65,
55,2015-07-15 00:00:00,0,160575,0,407,2403,2015,2015,0,0,4,0,0,10,PT,DF,Erika Kokay,00000000000001,TELEFONIA,,CELULAR FUNCIONAL,5931599,,,0.24,0,0.24,
55,2015-07-15 00:00:00,0,160575,0,407,2403,2015,2015,0,0,5,0,0,10,PT,DF,Erika Kokay,00000000000001,TELEFONIA,,CELULAR FUNCIONAL,5931599,,,0.84,0,0.84,
55,2015-07-15 00:00:00,0,160575,0,407,2403,2015,2015,0,0,7,0,0,10,PT,DF,Erika Kokay,00000000000001,TELEFONIA,,CELULAR FUNCIONAL,5931599,,,80.32,0,80.32,
55,2015-07-15 00:00:00,0,160575,0,407,2403,2015,2015,0,0,6,0,0,10,PT,DF,Erika Kokay,00000000000001,TELEFONIA,,CELULAR FUNCIONAL,5931599,,,148.9,0,148.9,
55,2015-08-12 00:00:00,0,160575,0,407,2403,2015,2015,0,0,6,0,0,10,PT,DF,Erika Kokay,00000000000001,TELEFONIA,,CELULAR FUNCIONAL,5942012,,,0.12,0,0.12,
55,2015-08-12 00:00:00,0,160575,0,407,2403,2015,2015,0,0,8,0,0,10,PT,DF,Erika Kokay,00000000000001,TELEFONIA,,CELULAR FUNCIONAL,5942012,,,103.53,0,103.53,
55,2015-08-12 00:00:00,0,160575,0,407,2403,2015,2015,0,0,7,0,0,10,PT,DF,Erika Kokay,00000000000001,TELEFONIA,,CELULAR FUNCIONAL,5942012,,,199.64,0,199.64,
55,2016-03-17 00:00:00,0,160575,0,407,2403,2015,2015,0,0,12,0,0,10,PT,DF,Erika Kokay,00000000000001,TELEFONIA,,CELULAR FUNCIONAL,5963747,,,17.43,0,17.43,
55,2015-11-13 00:00:00,0,160575,0,407,2403,2015,2015,0,0,11,0,0,10,PT,DF,Erika Kokay,00000000000001,TELEFONIA,,CELULAR FUNCIONAL,6026731,,,98.34,0,98.34,
55,2015-11-13 00:00:00,0,160575,0,407,2403,2015,2015,0,0,10,0,0,10,PT,DF,Erika Kokay,00000000000001,TELEFONIA,,CELULAR FUNCIONAL,6026731,,,270.95,0,270.95,
55,2015-12-15 00:00:00,0,160575,0,407,2403,2015,2015,0,0,12,0,0,10,PT,DF,Erika Kokay,00000000000001,TELEFONIA,,CELULAR FUNCIONAL,6026934,,,94.77,0,94.77,
55,2015-12-15 00:00:00,0,160575,0,407,2403,2015,2015,0,0,11,0,0,10,PT,DF,Erika Kokay,00000000000001,TELEFONIA,,CELULAR FUNCIONAL,6026934,,,234.9,0,234.9,
55,2015-02-06 14:57:44,0,160575,1,407,2403,2015,2015,0,0,2,0,0,11,PT,DF,Erika Kokay,00000000000007,SERVIÇOS POSTAIS,,CORREIOS - CARTA COMERCIAL,RSP : 2108186,,,1.3,0,1.3,
55,2015-09-01 15:08:37,0,160575,1,407,2403,2015,2015,0,0,9,0,0,11,PT,DF,Erika Kokay,00000000000007,SERVIÇOS POSTAIS,,CORREIOS - CARTA COMERCIAL,RSP : 2133578,,,5.15,0,5.15,
55,2015-10-15 16:13:27,0,160575,1,407,2403,2015,2015,0,0,10,0,0,11,PT,DF,Erika Kokay,00000000000007,SERVIÇOS POSTAIS,,CORREIOS - CARTA COMERCIAL,RSP : 2139755,,,4.5,0,4.5,
55,2015-03-03 17:23:30,0,160575,1,407,2403,2015,2015,0,0,3,0,0,11,PT,DF,Erika Kokay,00000000000007,SERVIÇOS POSTAIS,,CORREIOS - CARTA REGISTRADA,RSP : 2110746,,,4.5,0,4.5,
55,2015-09-30 15:24:10,0,160575,1,407,2403,2015,2015,0,0,9,0,0,11,PT,DF,Erika Kokay,00000000000007,SERVIÇOS POSTAIS,,CORREIOS - CARTA REGISTRADA,RSP : 2137649,,,5,0,5,
55,2015-02-06 17:26:15,0,160575,1,407,2403,2015,2015,0,0,2,0,0,11,PT,DF,Erika Kokay,00000000000007,SERVIÇOS POSTAIS,,CORREIOS - CARTA REGISTRADA COM AR,RSP : 2108303,,,16.4,0,16.4,
55,2015-02-09 11:34:13,0,160575,1,407,2403,2015,2015,0,0,2,0,0,11,PT,DF,Erika Kokay,00000000000007,SERVIÇOS POSTAIS,,CORREIOS - CARTA REGISTRADA COM AR,RSP : 2108450,,,8.2,0,8.2,
55,2015-02-12 13:27:28,0,160575,1,407,2403,2015,2015,0,0,2,0,0,11,PT,DF,Erika Kokay,00000000000007,SERVIÇOS POSTAIS,,CORREIOS - CARTA REGISTRADA COM AR,RSP : 2109074,,,39,0,39,
55,2015-02-20 17:26:13,0,160575,1,407,2403,2015,2015,0,0,2,0,0,11,PT,DF,Erika Kokay,00000000000007,SERVIÇOS POSTAIS,,CORREIOS - CARTA REGISTRADA COM AR,RSP : 2109599,,,24.6,0,24.6,
55,2015-03-02 12:52:40,0,160575,1,407,2403,2015,2015,0,0,3,0,0,11,PT,DF,Erika Kokay,00000000000007,SERVIÇOS POSTAIS,,CORREIOS - CARTA REGISTRADA COM AR,RSP : 2110188,,,7.7,0,7.7,
55,2015-03-23 11:17:55,0,160575,1,407,2403,2015,2015,0,0,3,0,0,11,PT,DF,Erika Kokay,00000000000007,SERVIÇOS POSTAIS,,CORREIOS - CARTA REGISTRADA COM AR,RSP : 2112144,,,15.9,0,15.9,
55,2015-03-30 12:35:29,0,160575,1,407,2403,2015,2015,0,0,3,0,0,11,PT,DF,Erika Kokay,00000000000007,SERVIÇOS POSTAIS,,CORREIOS - CARTA REGISTRADA COM AR,RSP : 2114140,,,8.2,0,8.2,
55,2015-03-31 16:10:35,0,160575,1,407,2403,2015,2015,0,0,3,0,0,11,PT,DF,Erika Kokay,00000000000007,SERVIÇOS POSTAIS,,CORREIOS - CARTA REGISTRADA COM AR,RSP : 2114624,,,7.7,0,7.7,
55,2015-04-01 14:16:52,0,160575,1,407,2403,2015,2015,0,0,4,0,0,11,PT,DF,Erika Kokay,00000000000007,SERVIÇOS POSTAIS,,CORREIOS - CARTA REGISTRADA COM AR,RSP : 2114795,,,15.9,0,15.9,
55,2015-04-06 11:07:23,0,160575,1,407,2403,2015,2015,0,0,4,0,0,11,PT,DF,Erika Kokay,00000000000007,SERVIÇOS POSTAIS,,CORREIOS - CARTA REGISTRADA COM AR,RSP : 2114937,,,7.7,0,7.7,
55,2015-04-24 12:06:20,0,160575,1,407,2403,2015,2015,0,0,4,0,0,11,PT,DF,Erika Kokay,00000000000007,SERVIÇOS POSTAIS,,CORREIOS - CARTA REGISTRADA COM AR,RSP : 2117294,,,17.75,0,17.75,
55,2015-04-28 13:06:29,0,160575,1,407,2403,2015,2015,0,0,4,0,0,11,PT,DF,Erika Kokay,00000000000007,SERVIÇOS POSTAIS,,CORREIOS - CARTA REGISTRADA COM AR,RSP : 2117597,,,9.15,0,9.15,
55,2015-05-06 11:59:10,0,160575,1,407,2403,2015,2015,0,0,5,0,0,11,PT,DF,Erika Kokay,00000000000007,SERVIÇOS POSTAIS,,CORREIOS - CARTA REGISTRADA COM AR,RSP : 2118223,,,17.2,0,17.2,
55,2015-05-15 10:45:05,0,160575,1,407,2403,2015,2015,0,0,5,0,0,11,PT,DF,Erika Kokay,00000000000007,SERVIÇOS POSTAIS,,CORREIOS - CARTA REGISTRADA COM AR,RSP : 2119704,,,27.45,0,27.45,
55,2015-05-29 11:57:49,0,160575,1,407,2403,2015,2015,0,0,5,0,0,11,PT,DF,Erika Kokay,00000000000007,SERVIÇOS POSTAIS,,CORREIOS - CARTA REGISTRADA COM AR,RSP : 2121805,,,9.9,0,9.9,
55,2015-06-02 13:54:53,0,160575,1,407,2403,2015,2015,0,0,6,0,0,11,PT,DF,Erika Kokay,00000000000007,SERVIÇOS POSTAIS,,CORREIOS - CARTA REGISTRADA COM AR,RSP : 2122372,,,8.6,0,8.6,
55,2015-07-03 17:11:58,0,160575,1,407,2403,2015,2015,0,0,7,0,0,11,PT,DF,Erika Kokay,00000000000007,SERVIÇOS POSTAIS,,CORREIOS - CARTA REGISTRADA COM AR,RSP : 2126711,,,54.9,0,54.9,
55,2015-07-17 17:01:34,0,160575,1,407,2403,2015,2015,0,0,7,0,0,11,PT,DF,Erika Kokay,00000000000007,SERVIÇOS POSTAIS,,CORREIOS - CARTA REGISTRADA COM AR,RSP : 2128571,,,9.15,0,9.15,
55,2015-08-19 17:28:48,0,160575,1,407,2403,2015,2015,0,0,8,0,0,11,PT,DF,Erika Kokay,00000000000007,SERVIÇOS POSTAIS,,CORREIOS - CARTA REGISTRADA COM AR,RSP : 2132323,,,9.15,0,9.15,
55,2015-08-28 13:25:40,0,160575,1,407,2403,2015,2015,0,0,8,0,0,11,PT,DF,Erika Kokay,00000000000007,SERVIÇOS POSTAIS,,CORREIOS - CARTA REGISTRADA COM AR,RSP : 2133577,,,27.45,0,27.45,
55,2015-08-28 13:25:23,0,160575,1,407,2403,2015,2015,0,0,8,0,0,11,PT,DF,Erika Kokay,00000000000007,SERVIÇOS POSTAIS,,CORREIOS - CARTA REGISTRADA COM AR,RSP : 2133580,,,8.6,0,8.6,
55,2015-09-08 17:19:38,0,160575,1,407,2403,2015,2015,0,0,9,0,0,11,PT,DF,Erika Kokay,00000000000007,SERVIÇOS POSTAIS,,CORREIOS - CARTA REGISTRADA COM AR,RSP : 2134863,,,9.15,0,9.15,
55,2015-09-14 15:28:01,0,160575,1,407,2403,2015,2015,0,0,9,0,0,11,PT,DF,Erika Kokay,00000000000007,SERVIÇOS POSTAIS,,CORREIOS - CARTA REGISTRADA COM AR,RSP : 2135795,,,8.6,0,8.6,
55,2015-09-17 13:55:39,0,160575,1,407,2403,2015,2015,0,0,9,0,0,11,PT,DF,Erika Kokay,00000000000007,SERVIÇOS POSTAIS,,CORREIOS - CARTA REGISTRADA COM AR,RSP : 2136400,,,17.2,0,17.2,
55,2015-09-24 14:38:55,0,160575,1,407,2403,2015,2015,0,0,9,0,0,11,PT,DF,Erika Kokay,00000000000007,SERVIÇOS POSTAIS,,CORREIOS - CARTA REGISTRADA COM AR,RSP : 2137166,,,17.2,0,17.2,
55,2015-10-05 13:09:20,0,160575,1,407,2403,2015,2015,0,0,10,0,0,11,PT,DF,Erika Kokay,00000000000007,SERVIÇOS POSTAIS,,CORREIOS - CARTA REGISTRADA COM AR,RSP : 2138411,,,17.2,0,17.2,
55,2015-10-06 13:15:15,0,160575,1,407,2403,2015,2015,0,0,10,0,0,11,PT,DF,Erika Kokay,00000000000007,SERVIÇOS POSTAIS,,CORREIOS - CARTA REGISTRADA COM AR,RSP : 2138676,,,8.6,0,8.6,
55,2015-10-14 14:45:38,0,160575,1,407,2403,2015,2015,0,0,10,0,0,11,PT,DF,Erika Kokay,00000000000007,SERVIÇOS POSTAIS,,CORREIOS - CARTA REGISTRADA COM AR,RSP : 2139701,,,51.6,0,51.6,
55,2015-10-27 13:36:57,0,160575,1,407,2403,2015,2015,0,0,10,0,0,11,PT,DF,Erika Kokay,00000000000007,SERVIÇOS POSTAIS,,CORREIOS - CARTA REGISTRADA COM AR,RSP : 2140269,,,17.2,0,17.2,
55,2015-11-06 14:42:44,0,160575,1,407,2403,2015,2015,0,0,11,0,0,11,PT,DF,Erika Kokay,00000000000007,SERVIÇOS POSTAIS,,CORREIOS - CARTA REGISTRADA COM AR,RSP : 2142380,,,17.2,0,17.2,
55,2015-11-11 14:48:21,0,160575,1,407,2403,2015,2015,0,0,11,0,0,11,PT,DF,Erika Kokay,00000000000007,SERVIÇOS POSTAIS,,CORREIOS - CARTA REGISTRADA COM AR,RSP : 2142754,,,18.3,0,18.3,
55,2015-08-06 15:39:46,0,160575,1,407,2403,2015,2015,0,0,8,0,0,11,PT,DF,Erika Kokay,00000000000007,SERVIÇOS POSTAIS,,CORREIOS - ENCOMENDA PAC,RSP : 2130150,,,32,0,32,
55,2015-10-13 11:17:02,0,160575,1,407,2403,2015,2015,0,0,10,0,0,11,PT,DF,Erika Kokay,00000000000007,SERVIÇOS POSTAIS,,CORREIOS - ENCOMENDA PAC,RSP : 2139405,,,20.26,0,20.26,
55,2015-04-13 13:04:48,0,160575,1,407,2403,2015,2015,0,0,4,0,0,11,PT,DF,Erika Kokay,00000000000007,SERVIÇOS POSTAIS,,CORREIOS - SEDEX CONVENCIONAL,RSP : 2115869,,,56.61,0,56.61,
55,2015-05-11 15:02:01,0,160575,1,407,2403,2015,2015,0,0,5,0,0,11,PT,DF,Erika Kokay,00000000000007,SERVIÇOS POSTAIS,,CORREIOS - SEDEX CONVENCIONAL,RSP : 2119311,,,56.61,0,56.61,
55,2015-08-14 14:48:10,0,160575,1,407,2403,2015,2015,0,0,8,0,0,11,PT,DF,Erika Kokay,00000000000007,SERVIÇOS POSTAIS,,CORREIOS - SEDEX CONVENCIONAL,RSP : 2131689,,,45.48,0,45.48,
55,2015-08-25 12:29:47,0,160575,1,407,2403,2015,2015,0,0,8,0,0,11,PT,DF,Erika Kokay,00000000000007,SERVIÇOS POSTAIS,,CORREIOS - SEDEX CONVENCIONAL,RSP : 2133038,,,20.43,0,20.43,
55,2015-11-20 16:07:54,0,160575,1,407,2403,2015,2015,0,0,11,0,0,11,PT,DF,Erika Kokay,00000000000007,SERVIÇOS POSTAIS,,CORREIOS - SEDEX CONVENCIONAL,RSP : 2137929,,,115.71,0,115.71,
55,2015-09-08 17:15:56,0,160575,1,407,2403,2015,2015,0,0,9,0,0,11,PT,DF,Erika Kokay,00000000000007,SERVIÇOS POSTAIS,,CORREIOS - SEDEX CONVENCIONAL COM AR,RSP : 2134989,,,19.41,0,19.41,
55,2015-02-26 16:42:58,0,160637,1,414,2365,2015,2015,0,0,2,0,0,11,PODE,DF,RONALDO FONSECA,00000000000007,SERVIÇOS POSTAIS,,CORREIOS - SEDEX CONVENCIONAL,RSP : 2110285,,,31.88,0,31.88,
55,2015-07-29 12:22:51,0,160637,1,414,2365,2015,2015,0,0,7,0,0,11,PODE,DF,RONALDO FONSECA,00000000000007,SERVIÇOS POSTAIS,,CORREIOS - SEDEX CONVENCIONAL COM AR,RSP : 2129623,,,37.48,0,37.48,
54,2015-01-13 00:00:00,0,162174,0,539,2422,2011,2015,0,0,1,0,0,10,PT,DF,POLICARPO,00000000000001,TELEFONIA,,CELULAR FUNCIONAL,5589256,,,26.18,0,26.18,
54,2015-02-19 00:00:00,0,162174,0,539,2422,2011,2015,0,0,1,0,0,10,PT,DF,POLICARPO,00000000000001,TELEFONIA,,CELULAR FUNCIONAL,5677446,,,9.1,0,9.1,
54,2015-03-17 00:00:00,0,162174,0,539,2422,2011,2015,0,0,1,0,0,10,PT,DF,POLICARPO,00000000000001,TELEFONIA,,CELULAR FUNCIONAL,5714524,,,1.13,0,1.13,
54,2015-01-13 00:00:00,0,162174,0,539,2422,2011,2015,0,0,1,0,0,10,PT,DF,POLICARPO,00000000000001,TELEFONIA,,CELULAR FUNCIONAL,5882419,,,165.69,0,165.69,
54,2015-03-12 00:00:00,0,162174,0,539,2422,2011,2015,0,0,1,0,0,10,PT,DF,POLICARPO,00000000000001,TELEFONIA,,CELULAR FUNCIONAL,5886182,,,7.37,0,7.37,
55,2015-09-11 00:00:00,0,178870,0,415,2904,2015,2015,0,0,9,0,0,10,PP,DF,RÔNEY NEMER,00000000000001,TELEFONIA,,CELULAR FUNCIONAL,5821143,,,56.52,0,56.52,
55,2015-09-11 00:00:00,0,178870,0,415,2904,2015,2015,0,0,8,0,0,10,PP,DF,RÔNEY NEMER,00000000000001,TELEFONIA,,CELULAR FUNCIONAL,5821143,,,693.35,0,693.35,
55,2015-10-13 00:00:00,0,178870,0,415,2904,2015,2015,0,0,10,0,0,10,PP,DF,RÔNEY NEMER,00000000000001,TELEFONIA,,CELULAR FUNCIONAL,5862714,,,54.92,0,54.92,
55,2015-10-13 00:00:00,0,178870,0,415,2904,2015,2015,0,0,9,0,0,10,PP,DF,RÔNEY NEMER,00000000000001,TELEFONIA,,CELULAR FUNCIONAL,5862714,,,656.1,0,656.1,
55,2015-03-12 00:00:00,0,178870,0,415,2904,2015,2015,0,0,3,0,0,10,PP,DF,RÔNEY NEMER,00000000000001,TELEFONIA,,CELULAR FUNCIONAL,5886182,,,25.02,0,25.02,
55,2016-01-12 00:00:00,0,178870,0,415,2904,2015,2015,0,0,12,0,0,10,PP,DF,RÔNEY NEMER,00000000000001,TELEFONIA,,CELULAR FUNCIONAL,5895660,,,676.94,0,676.94,
55,2015-04-13 00:00:00,0,178870,0,415,2904,2015,2015,0,0,3,0,0,10,PP,DF,RÔNEY NEMER,00000000000001,TELEFONIA,,CELULAR FUNCIONAL,5906005,,,11.71,0,11.71,
55,2015-04-13 00:00:00,0,178870,0,415,2904,2015,2015,0,0,4,0,0,10,PP,DF,RÔNEY NEMER,00000000000001,TELEFONIA,,CELULAR FUNCIONAL,5906005,,,55.87,0,55.87,
55,2015-05-12 00:00:00,0,178870,0,415,2904,2015,2015,0,0,5,0,0,10,PP,DF,RÔNEY NEMER,00000000000001,TELEFONIA,,CELULAR FUNCIONAL,5923029,,,54.53,0,54.53,
55,2015-05-12 00:00:00,0,178870,0,415,2904,2015,2015,0,0,4,0,0,10,PP,DF,RÔNEY NEMER,00000000000001,TELEFONIA,,CELULAR FUNCIONAL,5923029,,,62.36,0,62.36,
55,2015-06-12 00:00:00,0,178870,0,415,2904,2015,2015,0,0,6,0,0,10,PP,DF,RÔNEY NEMER,00000000000001,TELEFONIA,,CELULAR FUNCIONAL,5930055,,,56.43,0,56.43,
55,2015-06-12 00:00:00,0,178870,0,415,2904,2015,2015,0,0,5,0,0,10,PP,DF,RÔNEY NEMER,00000000000001,TELEFONIA,,CELULAR FUNCIONAL,5930055,,,491.22,0,491.22,
55,2015-07-15 00:00:00,0,178870,0,415,2904,2015,2015,0,0,7,0,0,10,PP,DF,RÔNEY NEMER,00000000000001,TELEFONIA,,CELULAR FUNCIONAL,5931599,,,54.06,0,54.06,
55,2015-07-15 00:00:00,0,178870,0,415,2904,2015,2015,0,0,6,0,0,10,PP,DF,RÔNEY NEMER,00000000000001,TELEFONIA,,CELULAR FUNCIONAL,5931599,,,807.67,0,807.67,
55,2015-08-12 00:00:00,0,178870,0,415,2904,2015,2015,0,0,8,0,0,10,PP,DF,RÔNEY NEMER,00000000000001,TELEFONIA,,CELULAR FUNCIONAL,5942012,,,65,0,65,
55,2015-08-12 00:00:00,0,178870,0,415,2904,2015,2015,0,0,7,0,0,10,PP,DF,RÔNEY NEMER,00000000000001,TELEFONIA,,CELULAR FUNCIONAL,5942012,,,1010.13,0,1010.13,
55,2016-02-21 23:00:00,0,178870,0,415,2904,2015,2015,0,0,12,0,0,10,PP,DF,RÔNEY NEMER,00000000000001,TELEFONIA,,CELULAR FUNCIONAL,5956677,,,0.47,0,0.47,
55,2016-03-17 00:00:00,0,178870,0,415,2904,2015,2015,0,0,12,0,0,10,PP,DF,RÔNEY NEMER,00000000000001,TELEFONIA,,CELULAR FUNCIONAL,5963747,,,46.85,0,46.85,
55,2015-11-13 00:00:00,0,178870,0,415,2904,2015,2015,0,0,11,0,0,10,PP,DF,RÔNEY NEMER,00000000000001,TELEFONIA,,CELULAR FUNCIONAL,6026731,,,55.93,0,55.93,
55,2015-11-13 00:00:00,0,178870,0,415,2904,2015,2015,0,0,10,0,0,10,PP,DF,RÔNEY NEMER,00000000000001,TELEFONIA,,CELULAR FUNCIONAL,6026731,,,748.91,0,748.91,
55,2015-12-15 00:00:00,0,178870,0,415,2904,2015,2015,0,0,12,0,0,10,PP,DF,RÔNEY NEMER,00000000000001,TELEFONIA,,CELULAR FUNCIONAL,6026934,,,65.49,0,65.49,
55,2015-12-15 00:00:00,0,178870,0,415,2904,2015,2015,0,0,11,0,0,10,PP,DF,RÔNEY NEMER,00000000000001,TELEFONIA,,CELULAR FUNCIONAL,6026934,,,661.34,0,661.34,
55,2015-04-20 12:34:59,0,178870,1,415,2904,2015,2015,0,0,4,0,0,11,PP,DF,RÔNEY NEMER,00000000000007,SERVIÇOS POSTAIS,,CORREIOS - CARTA COMERCIAL,RSP : 2116803,,,4.2,0,4.2,
55,2015-05-25 17:16:39,0,178870,1,415,2904,2015,2015,0,0,5,0,0,11,PP,DF,RÔNEY NEMER,00000000000007,SERVIÇOS POSTAIS,,CORREIOS - CARTA COMERCIAL,RSP : 2121197,,,1.4,0,1.4,
55,2015-06-05 16:45:51,0,178870,1,415,2904,2015,2015,0,0,6,0,0,11,PP,DF,RÔNEY NEMER,00000000000007,SERVIÇOS POSTAIS,,CORREIOS - CARTA COMERCIAL,RSP : 2122782,,,4.2,0,4.2,
55,2015-06-11 15:52:34,0,178870,1,415,2904,2015,2015,0,0,6,0,0,11,PP,DF,RÔNEY NEMER,00000000000007,SERVIÇOS POSTAIS,,CORREIOS - CARTA COMERCIAL,RSP : 2123425,,,1.4,0,1.4,
55,2015-06-25 13:20:20,0,178870,1,415,2904,2015,2015,0,0,6,0,0,11,PP,DF,RÔNEY NEMER,00000000000007,SERVIÇOS POSTAIS,,CORREIOS - CARTA COMERCIAL,RSP : 2125435,,,1.4,0,1.4,
55,2015-07-01 13:19:34,0,178870,1,415,2904,2015,2015,0,0,7,0,0,11,PP,DF,RÔNEY NEMER,00000000000007,SERVIÇOS POSTAIS,,CORREIOS - CARTA COMERCIAL,RSP : 2126131,,,1.4,0,1.4,
55,2015-07-08 10:07:28,0,178870,1,415,2904,2015,2015,0,0,7,0,0,11,PP,DF,RÔNEY NEMER,00000000000007,SERVIÇOS POSTAIS,,CORREIOS - CARTA COMERCIAL,RSP : 2126951,,,1.4,0,1.4,
55,2015-07-28 11:43:00,0,178870,1,415,2904,2015,2015,0,0,7,0,0,11,PP,DF,RÔNEY NEMER,00000000000007,SERVIÇOS POSTAIS,,CORREIOS - CARTA COMERCIAL,RSP : 2129370,,,1.4,0,1.4,
55,2015-08-11 16:04:11,0,178870,1,415,2904,2015,2015,0,0,8,0,0,11,PP,DF,RÔNEY NEMER,00000000000007,SERVIÇOS POSTAIS,,CORREIOS - CARTA COMERCIAL,RSP : 2131042,,,2.8,0,2.8,
55,2015-09-01 16:16:01,0,178870,1,415,2904,2015,2015,0,0,9,0,0,11,PP,DF,RÔNEY NEMER,00000000000007,SERVIÇOS POSTAIS,,CORREIOS - CARTA COMERCIAL,RSP : 2133980,,,2.8,0,2.8,
55,2015-09-02 14:49:39,0,178870,1,415,2904,2015,2015,0,0,9,0,0,11,PP,DF,RÔNEY NEMER,00000000000007,SERVIÇOS POSTAIS,,CORREIOS - CARTA COMERCIAL,RSP : 2134243,,,1.4,0,1.4,
55,2015-09-10 15:17:28,0,178870,1,415,2904,2015,2015,0,0,9,0,0,11,PP,DF,RÔNEY NEMER,00000000000007,SERVIÇOS POSTAIS,,CORREIOS - CARTA COMERCIAL,RSP : 2135338,,,1.4,0,1.4,
55,2015-10-27 16:59:46,0,178870,1,415,2904,2015,2015,0,0,10,0,0,11,PP,DF,RÔNEY NEMER,00000000000007,SERVIÇOS POSTAIS,,CORREIOS - CARTA COMERCIAL,RSP : 2141148,,,1.4,0,1.4,
55,2015-11-17 17:04:48,0,178870,1,415,2904,2015,2015,0,0,11,0,0,11,PP,DF,RÔNEY NEMER,00000000000007,SERVIÇOS POSTAIS,,CORREIOS - CARTA COMERCIAL,RSP : 2143724,,,1.95,0,1.95,
55,2015-11-19 21:12:50,0,178870,1,415,2904,2015,2015,0,0,11,0,0,11,PP,DF,RÔNEY NEMER,00000000000007,SERVIÇOS POSTAIS,,CORREIOS - CARTA COMERCIAL,RSP : 2143815,,,1.4,0,1.4,
55,2015-11-25 16:54:28,0,178870,1,415,2904,2015,2015,0,0,11,0,0,11,PP,DF,RÔNEY NEMER,00000000000007,SERVIÇOS POSTAIS,,CORREIOS - CARTA COMERCIAL,RSP : 2144761,,,2.8,0,2.8,
55,2015-12-01 15:06:23,0,178870,1,415,2904,2015,2015,0,0,12,0,0,11,PP,DF,RÔNEY NEMER,00000000000007,SERVIÇOS POSTAIS,,CORREIOS - CARTA COMERCIAL,RSP : 2145564,,,1.4,0,1.4,
55,2015-12-08 16:39:51,0,178870,1,415,2904,2015,2015,0,0,12,0,0,11,PP,DF,RÔNEY NEMER,00000000000007,SERVIÇOS POSTAIS,,CORREIOS - CARTA COMERCIAL,RSP : 2146336,,,1.4,0,1.4,
55,2015-03-17 15:57:52,0,178870,1,415,2904,2015,2015,0,0,3,0,0,11,PP,DF,RÔNEY NEMER,00000000000007,SERVIÇOS POSTAIS,,CORREIOS - CARTA REGISTRADA COM AR,RSP : 2112701,,,15.4,0,15.4,
55,2015-03-18 12:59:27,0,178870,1,415,2904,2015,2015,0,0,3,0,0,11,PP,DF,RÔNEY NEMER,00000000000007,SERVIÇOS POSTAIS,,CORREIOS - CARTA REGISTRADA COM AR,RSP : 2112838,,,16.4,0,16.4,
55,2015-03-24 15:22:37,0,178870,1,415,2904,2015,2015,0,0,3,0,0,11,PP,DF,RÔNEY NEMER,00000000000007,SERVIÇOS POSTAIS,,CORREIOS - CARTA REGISTRADA COM AR,RSP : 2113578,,,7.7,0,7.7,
55,2015-04-16 16:09:29,0,178870,1,415,2904,2015,2015,0,0,4,0,0,11,PP,DF,RÔNEY NEMER,00000000000007,SERVIÇOS POSTAIS,,CORREIOS - CARTA REGISTRADA COM AR,RSP : 2116468,,,17.75,0,17.75,
55,2015-07-06 10:33:56,0,178870,1,415,2904,2015,2015,0,0,7,0,0,11,PP,DF,RÔNEY NEMER,00000000000007,SERVIÇOS POSTAIS,,CORREIOS - MALA DIRETA POSTAL BÁSICA,RSP : 2126757,,,10728,0,10728,
55,2015-07-30 12:40:05,0,178870,1,415,2904,2015,2015,0,0,7,0,0,11,PP,DF,RÔNEY NEMER,00000000000007,SERVIÇOS POSTAIS,,CORREIOS - MALA DIRETA POSTAL BÁSICA,RSP : 2129733,,,4578,0,4578,
55,2015-08-03 11:22:55,0,178870,1,415,2904,2015,2015,0,0,8,0,0,11,PP,DF,RÔNEY NEMER,00000000000007,SERVIÇOS POSTAIS,,CORREIOS - MALA DIRETA POSTAL BÁSICA,RSP : 2129897,,,10800,0,10800,
55,2015-08-04 15:21:54,0,178870,1,415,2904,2015,2015,0,0,8,0,0,11,PP,DF,RÔNEY NEMER,00000000000007,SERVIÇOS POSTAIS,,CORREIOS - MALA DIRETA POSTAL BÁSICA,RSP : 2130122,,,3766.2,0,3766.2,
