56,2020-02-11 18:03:17,0,73696,1,471,835,2019,2020,0,0,2,0,0,11,PP,SC,Angela Amin,00000000000007,SERVIÇOS POSTAIS,,CORREIOS - CARTA COMERCIAL,RSP : 2300221,,,66.8,0,66.8,
56,2020-02-17 14:06:04,0,73696,1,471,835,2019,2020,0,0,2,0,0,11,PP,SC,Angela Amin,00000000000007,SERVIÇOS POSTAIS,,CORREIOS - CARTA COMERCIAL,RSP : 2300660,,,181,0,181,
56,2020-02-21 15:30:32,0,73696,1,471,835,2019,2020,0,0,2,0,0,11,PP,SC,Angela Amin,00000000000007,SERVIÇOS POSTAIS,,CORREIOS - CARTA COMERCIAL,RSP : 2302145,,,104.55,0,104.55,
56,2020-02-28 12:02:24,0,73696,1,471,835,2019,2020,0,0,2,0,0,11,PP,SC,Angela Amin,00000000000007,SERVIÇOS POSTAIS,,CORREIOS - CARTA COMERCIAL,RSP : 2302279,,,36.25,0,36.25,
56,2020-03-06 11:51:15,0,73696,1,471,835,2019,2020,0,0,3,0,0,11,PP,SC,Angela Amin,00000000000007,SERVIÇOS POSTAIS,,CORREIOS - CARTA COMERCIAL,RSP : 2303796,,,32.95,0,32.95,
56,2020-03-09 15:20:51,0,73696,1,471,835,2019,2020,0,0,3,0,0,11,PP,SC,Angela Amin,00000000000007,SERVIÇOS POSTAIS,,CORREIOS - CARTA COMERCIAL,RSP : 2303895,,,205,0,205,
56,2020-02-17 14:06:16,0,73696,1,471,835,2019,2020,0,0,2,0,0,11,PP,SC,Angela Amin,00000000000007,SERVIÇOS POSTAIS,,CORREIOS - ENCOMENDA PAC,RSP : 2300661,,,79.92,0,79.92,
56,2020-02-20 13:57:48,0,73696,1,471,835,2019,2020,0,0,2,0,0,11,PP,SC,Angela Amin,00000000000007,SERVIÇOS POSTAIS,,CORREIOS - ENCOMENDA PAC,RSP : 2302004,,,103.02,0,103.02,
56,2020-01-17 13:20:36,0,73696,1,471,835,2019,2020,0,0,1,0,0,11,PP,SC,Angela Amin,00000000000007,SERVIÇOS POSTAIS,,CORREIOS - SEDEX CONVENCIONAL,RSP : 2297947,,,45.59,0,45.59,
56,2020-01-24 16:29:37,0,73696,1,471,835,2019,2020,0,0,1,0,0,11,PP,SC,Angela Amin,00000000000007,SERVIÇOS POSTAIS,,CORREIOS - SEDEX CONVENCIONAL,RSP : 2298287,,,49.42,0,49.42,
56,2020-02-05 17:53:09,0,73696,1,471,835,2019,2020,0,0,2,0,0,11,PP,SC,Angela Amin,00000000000007,SERVIÇOS POSTAIS,,CORREIOS - SEDEX CONVENCIONAL,RSP : 2299891,,,45.59,0,45.59,
56,2020-01-20 00:00:00,1723568,116379,0,478,3217,2019,2020,0,0,1,0,0,999,PSD,SC,Darci de Matos,09296295000160,Emissão Bilhete Aéreo,,Cia Aérea - AZUL,Bilhete: LG74YJ,Darci de Matos,BSB/JOI,493.57,0,493.57,
56,2020-01-20 00:00:00,1724386,116379,0,478,3217,2019,2020,0,0,1,0,0,999,PSD,SC,Darci de Matos,02012862000160,Emissão Bilhete Aéreo,,Cia Aérea - TAM,Bilhete: 957-2123.373889,Darci de Matos,FLN/BSB,1148.03,0,1148.03,
56,2020-01-20 00:00:00,1724387,116379,0,478,3217,2019,2020,0,0,1,0,0,999,PSD,SC,Darci de Matos,02012862000160,Emissão Bilhete Aéreo,,Cia Aérea - TAM,Bilhete: 957-2123.374702,Darci de Matos,JOI/CGH/BSB,562.57,0,562.57,
56,2020-03-10 13:42:24,0,141405,1,472,1798,2019,2020,0,0,3,0,0,11,MDB,SC,Celso Maldaner,00000000000007,SERVIÇOS POSTAIS,,CORREIOS - ENCOMENDA PAC,RSP : 2304001,,,68.24,0,68.24,
56,2020-01-17 16:25:08,0,141405,1,472,1798,2019,2020,0,0,1,0,0,11,MDB,SC,Celso Maldaner,00000000000007,SERVIÇOS POSTAIS,,CORREIOS - SEDEX CONVENCIONAL,RSP : 2297806,,,62,0,62,
56,2020-01-29 12:46:00,0,141405,1,472,1798,2019,2020,0,0,1,0,0,11,MDB,SC,Celso Maldaner,00000000000007,SERVIÇOS POSTAIS,,CORREIOS - SEDEX CONVENCIONAL,RSP : 2299405,,,45.59,0,45.59,
56,2020-01-29 10:35:33,0,141405,1,472,1798,2019,2020,0,0,1,0,0,11,MDB,SC,Celso Maldaner,00000000000007,SERVIÇOS POSTAIS,,CORREIOS - SEDEX CONVENCIONAL,RSP : 2299406,,,35.17,0,35.17,
56,2020-01-31 15:23:45,0,141405,1,472,1798,2019,2020,0,0,1,0,0,11,MDB,SC,Celso Maldaner,00000000000007,SERVIÇOS POSTAIS,,CORREIOS - SEDEX CONVENCIONAL,RSP : 2299408,,,110.34,0,110.34,
56,2020-02-06 12:33:39,0,141405,1,472,1798,2019,2020,0,0,2,0,0,11,MDB,SC,Celso Maldaner,00000000000007,SERVIÇOS POSTAIS,,CORREIOS - SEDEX CONVENCIONAL,RSP : 2299900,,,21.92,0,21.92,
56,2020-03-10 13:02:37,0,141405,1,472,1798,2019,2020,0,0,3,0,0,11,MDB,SC,Celso Maldaner,00000000000007,SERVIÇOS POSTAIS,,CORREIOS - SEDEX CONVENCIONAL,RSP : 2303963,,,35.91,0,35.91,
56,2020-02-04 17:05:18,0,160604,1,481,2243,2019,2020,0,0,2,0,0,11,PT,SC,Pedro Uczai,00000000000007,SERVIÇOS POSTAIS,,CORREIOS - SEDEX CONVENCIONAL,RSP : 2299749,,,61.88,0,61.88,
56,2020-02-05 13:08:59,0,160604,1,481,2243,2019,2020,0,0,2,0,0,11,PT,SC,Pedro Uczai,00000000000007,SERVIÇOS POSTAIS,,CORREIOS - SEDEX CONVENCIONAL,RSP : 2299772,,,25.32,0,25.32,
56,2020-02-12 18:02:07,0,160604,1,481,2243,2019,2020,0,0,2,0,0,11,PT,SC,Pedro Uczai,00000000000007,SERVIÇOS POSTAIS,,CORREIOS - SEDEX CONVENCIONAL,RSP : 2300264,,,27.45,0,27.45,
56,2020-02-17 12:00:30,0,160604,1,481,2243,2019,2020,0,0,2,0,0,11,PT,SC,Pedro Uczai,00000000000007,SERVIÇOS POSTAIS,,CORREIOS - SEDEX CONVENCIONAL,RSP : 2300622,,,211.11,0,211.11,
56,2020-02-21 10:31:40,0,160604,1,481,2243,2019,2020,0,0,2,0,0,11,PT,SC,Pedro Uczai,00000000000007,SERVIÇOS POSTAIS,,CORREIOS - SEDEX CONVENCIONAL,RSP : 2302109,,,61.88,0,61.88,
56,2020-03-04 16:20:24,0,160604,1,481,2243,2019,2020,0,0,3,0,0,11,PT,SC,Pedro Uczai,00000000000007,SERVIÇOS POSTAIS,,CORREIOS - SEDEX CONVENCIONAL,RSP : 2302653,,,138.29,0,138.29,
56,2020-03-09 16:41:23,0,160604,1,481,2243,2019,2020,0,0,3,0,0,11,PT,SC,Pedro Uczai,00000000000007,SERVIÇOS POSTAIS,,CORREIOS - SEDEX CONVENCIONAL,RSP : 2303953,,,111.45,0,111.45,
56,2020-01-21 00:00:00,0,160651,0,483,2244,2019,2020,0,0,1,0,0,10,MDB,SC,Rogério Peninha Mendonça,00000000000001,TELEFONIA,,CELULAR FUNCIONAL,7022193,,,0.61,0,0.61,
56,2020-03-09 17:02:21,0,160651,1,483,2244,2019,2020,0,0,3,0,0,11,MDB,SC,Rogério Peninha Mendonça,00000000000007,SERVIÇOS POSTAIS,,CORREIOS - CARTA REGISTRADA,RSP : 2303951,,,46.8,0,46.8,
56,2020-02-10 16:19:07,0,160651,1,483,2244,2019,2020,0,0,2,0,0,11,MDB,SC,Rogério Peninha Mendonça,00000000000007,SERVIÇOS POSTAIS,,CORREIOS - CARTA REGISTRADA COM AR,RSP : 2300044,,,15.55,0,15.55,
56,2020-02-28 12:09:11,0,160651,1,483,2244,2019,2020,0,0,2,0,0,11,MDB,SC,Rogério Peninha Mendonça,00000000000007,SERVIÇOS POSTAIS,,CORREIOS - ENCOMENDA PAC,RSP : 2302239,,,205.36,0,205.36,
56,2020-02-10 17:26:37,0,160651,1,483,2244,2019,2020,0,0,2,0,0,11,MDB,SC,Rogério Peninha Mendonça,00000000000007,SERVIÇOS POSTAIS,,CORREIOS - ENCOMENDA PAC COM AR,RSP : 2300045,,,340.3,0,340.3,
56,2020-02-14 14:01:58,0,160651,1,483,2244,2019,2020,0,0,2,0,0,11,MDB,SC,Rogério Peninha Mendonça,00000000000007,SERVIÇOS POSTAIS,,CORREIOS - ENCOMENDA PAC COM AR,RSP : 2300425,,,50.7,0,50.7,
56,2020-03-09 17:03:01,0,160651,1,483,2244,2019,2020,0,0,3,0,0,11,MDB,SC,Rogério Peninha Mendonça,00000000000007,SERVIÇOS POSTAIS,,CORREIOS - ENCOMENDA PAC COM AR,RSP : 2303950,,,268.08,0,268.08,
56,2020-03-10 15:12:30,0,160651,1,483,2244,2019,2020,0,0,3,0,0,11,MDB,SC,Rogério Peninha Mendonça,00000000000007,SERVIÇOS POSTAIS,,CORREIOS - SEDEX CONVENCIONAL COM AR,RSP : 2304008,,,73.18,0,73.18,
56,2020-02-05 13:51:30,0,164360,1,477,2433,2019,2020,0,0,2,0,0,11,CIDADANIA,SC,Carmen Zanotto,00000000000007,SERVIÇOS POSTAIS,,CORREIOS - ENCOMENDA PAC,RSP : 2299798,,,221.76,0,221.76,
56,2020-02-20 15:04:32,0,164360,1,477,2433,2019,2020,0,0,2,0,0,11,CIDADANIA,SC,Carmen Zanotto,00000000000007,SERVIÇOS POSTAIS,,CORREIOS - ENCOMENDA PAC,RSP : 2302028,,,447.54,0,447.54,
56,2020-03-09 16:08:05,0,164360,1,477,2433,2019,2020,0,0,3,0,0,11,CIDADANIA,SC,Carmen Zanotto,00000000000007,SERVIÇOS POSTAIS,,CORREIOS - ENCOMENDA PAC,RSP : 2303928,,,115.75,0,115.75,
56,2020-02-05 13:51:00,0,164360,1,477,2433,2019,2020,0,0,2,0,0,11,CIDADANIA,SC,Carmen Zanotto,00000000000007,SERVIÇOS POSTAIS,,CORREIOS - SEDEX CONVENCIONAL,RSP : 2299797,,,99.57,0,99.57,
56,2020-02-06 14:27:23,0,178966,1,482,2987,2019,2020,0,0,2,0,0,11,PSDB,SC,Geovania de Sá,00000000000007,SERVIÇOS POSTAIS,,CORREIOS - CARTA REGISTRADA,RSP : 2299920,,,10.3,0,10.3,
56,2020-02-17 19:14:57,0,178966,1,482,2987,2019,2020,0,0,2,0,0,11,PSDB,SC,Geovania de Sá,00000000000007,SERVIÇOS POSTAIS,,CORREIOS - ENCOMENDA PAC,RSP : 2300387,,,356.29,0,356.29,
56,2020-03-02 11:44:56,0,178966,1,482,2987,2019,2020,0,0,3,0,0,11,PSDB,SC,Geovania de Sá,00000000000007,SERVIÇOS POSTAIS,,CORREIOS - ENCOMENDA PAC,RSP : 2301987,,,541.36,0,541.36,
56,2020-03-04 14:00:40,0,178966,1,482,2987,2019,2020,0,0,3,0,0,11,PSDB,SC,Geovania de Sá,00000000000007,SERVIÇOS POSTAIS,,CORREIOS - ENCOMENDA PAC,RSP : 2302625,,,245.41,0,245.41,
56,2020-03-10 10:39:19,0,178966,1,482,2987,2019,2020,0,0,3,0,0,11,PSDB,SC,Geovania de Sá,00000000000007,SERVIÇOS POSTAIS,,CORREIOS - ENCOMENDA PAC,RSP : 2302661,,,552.39,0,552.39,
56,2020-03-09 13:49:48,0,204361,1,473,3331,2019,2020,0,0,3,0,0,11,MDB,SC,Carlos Chiodini,00000000000007,SERVIÇOS POSTAIS,,CORREIOS - CARTA COMERCIAL,RSP : 2302651,,,3.95,0,3.95,
56,2020-03-09 16:31:44,0,204361,1,473,3331,2019,2020,0,0,3,0,0,11,MDB,SC,Carlos Chiodini,00000000000007,SERVIÇOS POSTAIS,,CORREIOS - CARTA COMERCIAL,RSP : 2303919,,,123,0,123,
56,2020-03-09 13:49:22,0,204361,1,473,3331,2019,2020,0,0,3,0,0,11,MDB,SC,Carlos Chiodini,00000000000007,SERVIÇOS POSTAIS,,CORREIOS - ENCOMENDA PAC,RSP : 2302649,,,161.59,0,161.59,
56,2020-03-09 16:32:22,0,204361,1,473,3331,2019,2020,0,0,3,0,0,11,MDB,SC,Carlos Chiodini,00000000000007,SERVIÇOS POSTAIS,,CORREIOS - SEDEX CONVENCIONAL,RSP : 2303921,,,177.45,0,177.45,
56,2020-03-11 16:13:48,0,204366,1,488,3408,2019,2020,0,0,3,0,0,11,PSB,SC,Rodrigo Coelho,00000000000007,SERVIÇOS POSTAIS,,CORREIOS - ENVELOPE BÁSICO/CONVENCIONAL - PLÁSTICO/BOLHA,RSP : 2304131,,,4.4,0,4.4,
56,2020-03-11 16:46:46,0,204366,1,488,3408,2019,2020,0,0,3,0,0,11,PSB,SC,Rodrigo Coelho,00000000000007,SERVIÇOS POSTAIS,,CORREIOS - SEDEX CONVENCIONAL COM AR,RSP : 2304147,,,54.12,0,54.12,
56,2020-02-03 12:31:41,0,204367,1,476,3301,2019,2020,0,0,2,0,0,11,PSL,SC,Daniel Freitas,00000000000007,SERVIÇOS POSTAIS,,CORREIOS - CARTA REGISTRADA,RSP : 2299632,,,28.7,0,28.7,
56,2020-02-12 17:20:59,0,204367,1,476,3301,2019,2020,0,0,2,0,0,11,PSL,SC,Daniel Freitas,00000000000007,SERVIÇOS POSTAIS,,CORREIOS - CARTA REGISTRADA,RSP : 2300254,,,8.4,0,8.4,
56,2020-03-03 16:04:50,0,204367,1,476,3301,2019,2020,0,0,3,0,0,11,PSL,SC,Daniel Freitas,00000000000007,SERVIÇOS POSTAIS,,CORREIOS - CARTA REGISTRADA,RSP : 2302438,,,59.45,0,59.45,
56,2020-02-18 10:16:26,0,204367,1,476,3301,2019,2020,0,0,2,0,0,11,PSL,SC,Daniel Freitas,00000000000007,SERVIÇOS POSTAIS,,CORREIOS - SEDEX CONVENCIONAL,RSP : 2301718,,,61.88,0,61.88,
56,2020-01-30 18:06:24,0,204368,1,479,3232,2019,2020,0,0,1,0,0,11,PSL,SC,Fabio Schiochet,00000000000007,SERVIÇOS POSTAIS,,CORREIOS - CARTA REGISTRADA,RSP : 2299518,,,8.45,0,8.45,
56,2020-02-10 11:54:27,0,204368,1,479,3232,2019,2020,0,0,2,0,0,11,PSL,SC,Fabio Schiochet,00000000000007,SERVIÇOS POSTAIS,,CORREIOS - ENCOMENDA PAC,RSP : 2300049,,,30.94,0,30.94,
56,2020-02-10 13:22:11,0,204368,1,479,3232,2019,2020,0,0,2,0,0,11,PSL,SC,Fabio Schiochet,00000000000007,SERVIÇOS POSTAIS,,CORREIOS - ENCOMENDA PAC,RSP : 2300062,,,106.02,0,106.02,
56,2020-02-18 10:02:34,0,204368,1,479,3232,2019,2020,0,0,2,0,0,11,PSL,SC,Fabio Schiochet,00000000000007,SERVIÇOS POSTAIS,,CORREIOS - ENCOMENDA PAC,RSP : 2301716,,,108.15,0,108.15,
56,2020-03-02 11:48:01,0,204368,1,479,3232,2019,2020,0,0,3,0,0,11,PSL,SC,Fabio Schiochet,00000000000007,SERVIÇOS POSTAIS,,CORREIOS - ENCOMENDA PAC,RSP : 2302358,,,108.08,0,108.08,
56,2020-03-09 14:15:47,0,204368,1,479,3232,2019,2020,0,0,3,0,0,11,PSL,SC,Fabio Schiochet,00000000000007,SERVIÇOS POSTAIS,,CORREIOS - ENCOMENDA PAC,RSP : 2303888,,,32.65,0,32.65,
56,2020-01-20 15:21:52,0,204368,1,479,3232,2019,2020,0,0,1,0,0,11,PSL,SC,Fabio Schiochet,00000000000007,SERVIÇOS POSTAIS,,CORREIOS - SEDEX CONVENCIONAL,RSP : 2298064,,,65.71,0,65.71,
56,2020-01-29 17:15:37,0,204368,1,479,3232,2019,2020,0,0,1,0,0,11,PSL,SC,Fabio Schiochet,00000000000007,SERVIÇOS POSTAIS,,CORREIOS - SEDEX CONVENCIONAL,RSP : 2299419,,,85.5,0,85.5,
56,2020-01-29 17:15:11,0,204368,1,479,3232,2019,2020,0,0,1,0,0,11,PSL,SC,Fabio Schiochet,00000000000007,SERVIÇOS POSTAIS,,CORREIOS - SEDEX CONVENCIONAL,RSP : 2299420,,,25.8,0,25.8,
56,2020-02-04 17:14:04,0,204368,1,479,3232,2019,2020,0,0,2,0,0,11,PSL,SC,Fabio Schiochet,00000000000007,SERVIÇOS POSTAIS,,CORREIOS - SEDEX CONVENCIONAL,RSP : 2299740,,,61.88,0,61.88,
56,2020-02-10 16:17:24,0,204368,1,479,3232,2019,2020,0,0,2,0,0,11,PSL,SC,Fabio Schiochet,00000000000007,SERVIÇOS POSTAIS,,CORREIOS - SEDEX CONVENCIONAL,RSP : 2300116,,,99.57,0,99.57,
56,2020-02-19 13:20:56,0,204368,1,479,3232,2019,2020,0,0,2,0,0,11,PSL,SC,Fabio Schiochet,00000000000007,SERVIÇOS POSTAIS,,CORREIOS - SEDEX CONVENCIONAL,RSP : 2301874,,,61.88,0,61.88,
56,2020-02-20 16:49:43,0,204368,1,479,3232,2019,2020,0,0,2,0,0,11,PSL,SC,Fabio Schiochet,00000000000007,SERVIÇOS POSTAIS,,CORREIOS - SEDEX CONVENCIONAL COM AR,RSP : 2302048,,,68.23,0,68.23,
56,2020-01-27 00:00:00,1724663,204368,0,479,3232,2019,2020,0,0,1,0,0,999,PSL,SC,Fabio Schiochet,02012862000160,Emissão Bilhete Aéreo,,Cia Aérea - TAM,Bilhete: 957-2124.077623,DANIEL FERREIRA,BSB/CGH/JOI,1200.67,0,1200.67,
56,2020-01-20 12:52:27,0,204373,1,484,3376,2019,2020,0,0,1,0,0,11,REPUBLICANOS,SC,Hélio Costa,00000000000007,SERVIÇOS POSTAIS,,CORREIOS - SEDEX CONVENCIONAL COM AR,RSP : 2298043,,,45.89,0,45.89,
56,2020-03-10 16:33:21,0,204373,1,484,3376,2019,2020,0,0,3,0,0,11,REPUBLICANOS,SC,Hélio Costa,00000000000007,SERVIÇOS POSTAIS,,CORREIOS - SEDEX CONVENCIONAL COM AR,RSP : 2304005,,,48.41,0,48.41,
56,2020-01-17 18:01:22,0,204376,1,475,3295,2019,2020,0,0,1,0,0,11,PSL,SC,Coronel Armando,00000000000007,SERVIÇOS POSTAIS,,CORREIOS - ENCOMENDA PAC COM AR,RSP : 2297990,,,513.25,0,513.25,
56,2020-01-13 00:00:00,1724056,204376,0,475,3295,2019,2020,0,0,1,0,0,999,PSL,SC,Coronel Armando,02012862000160,Emissão Bilhete Aéreo,,Cia Aérea - TAM,Bilhete: 957-2122.671521,Coronel Armando,JOI/CGH/BSB,427.57,0,427.57,
56,2020-01-13 00:00:00,1724057,204376,0,475,3295,2019,2020,0,0,1,0,0,999,PSL,SC,Coronel Armando,02012862000160,Emissão Bilhete Aéreo,,Cia Aérea - TAM,Bilhete: 957-2122.671572,Coronel Armando,NVT/CGH/BSB,373.16,0,373.16,
56,2020-01-13 00:00:00,1724061,204376,0,475,3295,2019,2020,0,0,1,0,0,999,PSL,SC,Coronel Armando,02012862000160,Emissão Bilhete Aéreo,,Cia Aérea - TAM,Bilhete: 957-2122.671861,Coronel Armando,NVT/CGH/BSB,373.16,0,373.16,
56,2020-01-13 00:00:00,1724062,204376,0,475,3295,2019,2020,0,0,1,0,0,999,PSL,SC,Coronel Armando,02012862000160,Emissão Bilhete Aéreo,,Cia Aérea - TAM,Bilhete: 957-2122.672568,Coronel Armando,BSB/CGH/NVT,529.67,0,529.67,
56,2020-01-13 00:00:00,1724063,204376,0,475,3295,2019,2020,0,0,1,0,0,999,PSL,SC,Coronel Armando,02012862000160,Emissão Bilhete Aéreo,,Cia Aérea - TAM,Bilhete: 957-2122.672856,Coronel Armando,BSB/CGH/NVT,191.67,0,191.67,
56,2020-01-13 00:00:00,1724064,204376,0,475,3295,2019,2020,0,0,1,0,0,999,PSL,SC,Coronel Armando,02012862000160,Emissão Bilhete Aéreo,,Cia Aérea - TAM,Bilhete: 957-2122.673418,Coronel Armando,BSB/CGH/NVT,376.67,0,376.67,
