56,2020-01-10 00:00:00,1724021,73482,0,498,1454,2019,2020,0,0,1,0,0,999,PT,RS,Henrique Fontana,02012862000160,Emissão Bilhete Aéreo,,Cia Aérea - TAM,Bilhete: 957-2122.386906,Henrique Fontana,POA/BSB,649.03,0,649.03,
56,2020-01-10 00:00:00,1724022,73482,0,498,1454,2019,2020,0,0,1,0,0,999,PT,RS,Henrique Fontana,02012862000160,Emissão Bilhete Aéreo,,Cia Aérea - TAM,Bilhete: 957-2122.389453,Henrique Fontana,POA/BSB,485.03,0,485.03,
56,2020-01-10 00:00:00,1724023,73482,0,498,1454,2019,2020,0,0,1,0,0,999,PT,RS,Henrique Fontana,02012862000160,Emissão Bilhete Aéreo,,Cia Aérea - TAM,Bilhete: 957-2122.390188,Henrique Fontana,POA/BSB,485.03,0,485.03,
56,2020-01-10 00:00:00,1724024,73482,0,498,1454,2019,2020,0,0,1,0,0,999,PT,RS,Henrique Fontana,02012862000160,Emissão Bilhete Aéreo,,Cia Aérea - TAM,Bilhete: 957-2122.390866,Henrique Fontana,BSB/POA,647.57,0,647.57,
56,2020-01-10 00:00:00,1724025,73482,0,498,1454,2019,2020,0,0,1,0,0,999,PT,RS,Henrique Fontana,02012862000160,Emissão Bilhete Aéreo,,Cia Aérea - TAM,Bilhete: 957-2122.391750,Henrique Fontana,BSB/POA,545.57,0,545.57,
56,2020-01-10 00:00:00,1724026,73482,0,498,1454,2019,2020,0,0,1,0,0,999,PT,RS,Henrique Fontana,02012862000160,Emissão Bilhete Aéreo,,Cia Aérea - TAM,Bilhete: 957-2122.392547,Henrique Fontana,BSB/POA,745.57,0,745.57,
56,2020-03-11 12:10:02,0,73486,1,516,1458,2019,2020,0,0,3,0,0,11,PDT,RS,Pompeo de Mattos,00000000000007,SERVIÇOS POSTAIS,,CORREIOS - ENCOMENDA PAC,RSP : 2304050,,,27.55,0,27.55,
56,2020-03-04 11:13:39,0,73486,1,516,1458,2019,2020,0,0,3,0,0,11,PDT,RS,Pompeo de Mattos,00000000000007,SERVIÇOS POSTAIS,,CORREIOS - ENVELOPE BÁSICO/CONVENCIONAL - PLÁSTICO/BOLHA,RSP : 2302537,,,4.4,0,4.4,
56,2020-02-06 17:23:33,0,73486,1,516,1458,2019,2020,0,0,2,0,0,11,PDT,RS,Pompeo de Mattos,00000000000007,SERVIÇOS POSTAIS,,CORREIOS - SEDEX 10,RSP : 2299973,,,99.4,0,99.4,
56,2020-02-10 13:21:39,0,73486,1,516,1458,2019,2020,0,0,2,0,0,11,PDT,RS,Pompeo de Mattos,00000000000007,SERVIÇOS POSTAIS,,CORREIOS - SEDEX CONVENCIONAL,RSP : 2300075,,,88.87,0,88.87,
56,2020-03-05 17:04:09,0,73486,1,516,1458,2019,2020,0,0,3,0,0,11,PDT,RS,Pompeo de Mattos,00000000000007,SERVIÇOS POSTAIS,,CORREIOS - SEDEX CONVENCIONAL,RSP : 2302538,,,40.14,0,40.14,
56,2020-03-11 12:10:13,0,73486,1,516,1458,2019,2020,0,0,3,0,0,11,PDT,RS,Pompeo de Mattos,00000000000007,SERVIÇOS POSTAIS,,CORREIOS - SEDEX CONVENCIONAL,RSP : 2304049,,,278.8,0,278.8,
56,2020-01-21 14:09:53,0,73486,1,516,1458,2019,2020,0,0,1,0,0,11,PDT,RS,Pompeo de Mattos,00000000000007,SERVIÇOS POSTAIS,,CORREIOS - SEDEX CONVENCIONAL COM AR,RSP : 2298081,,,92.55,0,92.55,
56,2020-03-12 12:20:24,0,73486,1,516,1458,2019,2020,0,0,3,0,0,11,PDT,RS,Pompeo de Mattos,00000000000007,SERVIÇOS POSTAIS,,CORREIOS - SEDEX CONVENCIONAL COM AR,RSP : 2304196,,,43.5,0,43.5,
56,2020-01-17 00:00:00,1723542,73486,0,516,1458,2019,2020,0,0,1,0,0,999,PDT,RS,Pompeo de Mattos,09296295000160,Emissão Bilhete Aéreo,,Cia Aérea - AZUL,Bilhete: VISVXD,Pompeo de Mattos,FLN/POA,263.03,0,263.03,
56,2020-01-13 00:00:00,1724067,73486,0,516,1458,2019,2020,0,0,1,0,0,999,PDT,RS,Pompeo de Mattos,02012862000160,Emissão Bilhete Aéreo,,Cia Aérea - TAM,Bilhete: 957-2122.701494,Pompeo de Mattos,POA/BSB,514.03,0,514.03,
56,2020-01-13 00:00:00,1724068,73486,0,516,1458,2019,2020,0,0,1,0,0,999,PDT,RS,Pompeo de Mattos,02012862000160,Emissão Bilhete Aéreo,,Cia Aérea - TAM,Bilhete: 957-2122.702451,Pompeo de Mattos,POA/BSB,355.03,0,355.03,
56,2020-01-13 00:00:00,1724069,73486,0,516,1458,2019,2020,0,0,1,0,0,999,PDT,RS,Pompeo de Mattos,02012862000160,Emissão Bilhete Aéreo,,Cia Aérea - TAM,Bilhete: 957-2122.703412,Pompeo de Mattos,POA/BSB,355.03,0,355.03,
56,2020-01-21 00:00:00,1724464,73486,0,516,1458,2019,2020,0,0,1,0,0,999,PDT,RS,Pompeo de Mattos,02012862000160,Emissão Bilhete Aéreo,,Cia Aérea - TAM,Bilhete: 957-2123.506805,Pompeo de Mattos,BSB/POA,600.57,0,600.57,
56,2020-03-04 12:39:55,0,73692,1,497,1514,2019,2020,0,0,3,0,0,11,MDB,RS,Osmar Terra,00000000000007,SERVIÇOS POSTAIS,,CORREIOS - CARTA COMERCIAL,RSP : 2302555,,,377.2,0,377.2,
56,2020-02-27 16:07:07,0,73692,1,497,1514,2019,2020,0,0,2,0,0,11,MDB,RS,Osmar Terra,00000000000007,SERVIÇOS POSTAIS,,CORREIOS - SEDEX CONVENCIONAL,RSP : 2302246,,,282,0,282,
56,2020-03-11 15:22:54,0,73692,1,497,1514,2019,2020,0,0,3,0,0,11,MDB,RS,Osmar Terra,00000000000007,SERVIÇOS POSTAIS,,CORREIOS - SEDEX CONVENCIONAL COM AR,RSP : 2304108,,,80.71,0,80.71,
56,2020-02-13 18:01:35,0,73891,1,529,999,2019,2020,0,0,2,0,0,11,MDB,RS,Darcísio Perondi,00000000000007,SERVIÇOS POSTAIS,,CORREIOS - SEDEX CONVENCIONAL,RSP : 2300417,,,128.21,0,128.21,
56,2020-01-14 00:00:00,1724168,73891,0,529,999,2019,2020,0,0,1,0,0,999,MDB,RS,Darcísio Perondi,02012862000160,Emissão Bilhete Aéreo,,Cia Aérea - TAM,Bilhete: 957-2122.769166,Darcísio Perondi,SDU/BSB,1468.85,0,1468.85,
56,2020-01-14 00:00:00,1724170,73891,0,529,999,2019,2020,0,0,1,0,0,999,MDB,RS,Darcísio Perondi,02012862000160,Emissão Bilhete Aéreo,,Cia Aérea - TAM,Bilhete: 957-2122.769764,Darcísio Perondi,POA/SDU,981.03,0,981.03,
56,2020-02-06 18:05:28,0,74398,1,508,1605,2019,2020,0,0,2,0,0,11,PT,RS,Maria do Rosário,00000000000007,SERVIÇOS POSTAIS,,CORREIOS - ENCOMENDA PAC,RSP : 2299976,,,682.15,0,682.15,
56,2020-01-27 00:00:00,1724661,74398,0,508,1605,2019,2020,0,0,1,0,0,999,PT,RS,Maria do Rosário,02012862000160,Emissão Bilhete Aéreo,,Cia Aérea - TAM,Bilhete: 957-2124.074508,Maria do Rosário,POA/BSB,1112.03,0,1112.03,
56,2020-03-04 14:36:00,0,74400,1,513,1642,2019,2020,0,0,3,0,0,11,PT,RS,Paulo Pimenta,00000000000007,SERVIÇOS POSTAIS,,CORREIOS - ENCOMENDA PAC,RSP : 2302542,,,643.38,0,643.38,
56,2020-01-18 00:00:00,1724358,74400,0,513,1642,2019,2020,0,0,1,0,0,999,PT,RS,Paulo Pimenta,02012862000160,Emissão Bilhete Aéreo,,Cia Aérea - TAM,Bilhete: 957-2123.238060,Paulo Pimenta,BSB/POA,1030.57,0,1030.57,
56,2020-01-27 00:00:00,1724680,74400,0,513,1642,2019,2020,0,0,1,0,0,999,PT,RS,Paulo Pimenta,02012862000160,Emissão Bilhete Aéreo,,Cia Aérea - TAM,Bilhete: 957-2124.125137,MAGDA SILVA,BSB/POA/BSB,904.6,0,904.6,
56,2020-01-13 14:13:24,0,75431,1,511,2425,2019,2020,0,0,1,0,0,11,PTB,RS,Maurício Dziedricki,00000000000007,SERVIÇOS POSTAIS,,CORREIOS - CARTA COMERCIAL,RSP : 2297747,,,27.3,0,27.3,
56,2020-02-11 14:05:40,0,75431,1,511,2425,2019,2020,0,0,2,0,0,11,PTB,RS,Maurício Dziedricki,00000000000007,SERVIÇOS POSTAIS,,CORREIOS - ENCOMENDA PAC,RSP : 2300170,,,39.66,0,39.66,
56,2020-01-07 11:54:31,0,90842,1,534,3448,2019,2020,0,0,1,0,0,11,PTB,RS,Santini,00000000000007,SERVIÇOS POSTAIS,,CORREIOS - SEDEX 10,RSP : 2297530,,,95,0,95,
56,2020-02-04 16:33:17,0,90842,1,534,3448,2019,2020,0,0,2,0,0,11,PTB,RS,Santini,00000000000007,SERVIÇOS POSTAIS,,CORREIOS - SEDEX 10,RSP : 2299695,,,95,0,95,
56,2020-02-05 12:36:48,0,90842,1,534,3448,2019,2020,0,0,2,0,0,11,PTB,RS,Santini,00000000000007,SERVIÇOS POSTAIS,,CORREIOS - SEDEX 10,RSP : 2299818,,,95,0,95,
56,2020-02-11 12:44:09,0,90842,1,534,3448,2019,2020,0,0,2,0,0,11,PTB,RS,Santini,00000000000007,SERVIÇOS POSTAIS,,CORREIOS - SEDEX 10,RSP : 2300154,,,95,0,95,
56,2020-03-04 14:52:08,0,90842,1,534,3448,2019,2020,0,0,3,0,0,11,PTB,RS,Santini,00000000000007,SERVIÇOS POSTAIS,,CORREIOS - SEDEX 10,RSP : 2302639,,,95,0,95,
56,2020-02-13 18:08:24,0,90842,1,534,3448,2019,2020,0,0,2,0,0,11,PTB,RS,Santini,00000000000007,SERVIÇOS POSTAIS,,CORREIOS - SEDEX CONVENCIONAL,RSP : 2300399,,,129.54,0,129.54,
56,2020-02-17 14:22:49,0,90842,1,534,3448,2019,2020,0,0,2,0,0,11,PTB,RS,Santini,00000000000007,SERVIÇOS POSTAIS,,CORREIOS - SEDEX CONVENCIONAL,RSP : 2300673,,,26.1,0,26.1,
56,2020-02-27 15:55:21,0,90842,1,534,3448,2019,2020,0,0,2,0,0,11,PTB,RS,Santini,00000000000007,SERVIÇOS POSTAIS,,CORREIOS - SEDEX CONVENCIONAL,RSP : 2302256,,,70.97,0,70.97,
56,2020-01-03 10:43:17,0,133810,1,506,3436,2019,2020,0,0,1,0,0,11,PTB,RS,Marcelo Moraes,00000000000007,SERVIÇOS POSTAIS,,CORREIOS - SEDEX 10,RSP : 2297423,,,114.8,0,114.8,
56,2020-02-27 16:06:37,0,133810,1,506,3436,2019,2020,0,0,2,0,0,11,PTB,RS,Marcelo Moraes,00000000000007,SERVIÇOS POSTAIS,,CORREIOS - SEDEX CONVENCIONAL,RSP : 2302219,,,46.34,0,46.34,
56,2020-01-22 18:10:07,0,133810,1,506,3436,2019,2020,0,0,1,0,0,11,PTB,RS,Marcelo Moraes,00000000000007,SERVIÇOS POSTAIS,,CORREIOS - TELEGRAMA COM CÓPIA E CONFIRMAÇÃO,RSP : 2298198,,,66.15,0,66.15,
56,2020-03-04 16:49:47,0,133810,1,506,3436,2019,2020,0,0,3,0,0,11,PTB,RS,Marcelo Moraes,00000000000007,SERVIÇOS POSTAIS,,CORREIOS - TELEGRAMA COM CÓPIA E CONFIRMAÇÃO,RSP : 2302336,,,1110.14,0,1110.14,
56,2020-03-05 15:31:26,0,133810,1,506,3436,2019,2020,0,0,3,0,0,11,PTB,RS,Marcelo Moraes,00000000000007,SERVIÇOS POSTAIS,,CORREIOS - TELEGRAMA COM CÓPIA E CONFIRMAÇÃO,RSP : 2303674,,,23.62,0,23.62,
56,2020-03-06 16:33:40,0,133810,1,506,3436,2019,2020,0,0,3,0,0,11,PTB,RS,Marcelo Moraes,00000000000007,SERVIÇOS POSTAIS,,CORREIOS - TELEGRAMA COM CÓPIA E CONFIRMAÇÃO,RSP : 2303781,,,23.62,0,23.62,
56,2020-01-14 00:00:00,1724167,133810,0,506,3436,2019,2020,0,0,1,0,0,999,PTB,RS,Marcelo Moraes,02012862000160,Emissão Bilhete Aéreo,,Cia Aérea - TAM,Bilhete: 957-2122.768354,Marcelo Moraes,BSB/POA,647.57,0,647.57,
56,2020-01-14 00:00:00,1724169,133810,0,506,3436,2019,2020,0,0,1,0,0,999,PTB,RS,Marcelo Moraes,02012862000160,Emissão Bilhete Aéreo,,Cia Aérea - TAM,Bilhete: 957-2122.769530,Marcelo Moraes,BSB/POA,647.57,0,647.57,
56,2020-01-14 00:00:00,1724171,133810,0,506,3436,2019,2020,0,0,1,0,0,999,PTB,RS,Marcelo Moraes,02012862000160,Emissão Bilhete Aéreo,,Cia Aérea - TAM,Bilhete: 957-2122.770220,Marcelo Moraes,BSB/POA,483.57,0,483.57,
56,2020-01-22 00:00:00,1724532,133810,0,506,3436,2019,2020,0,0,1,0,0,999,PTB,RS,Marcelo Moraes,02012862000160,Emissão Bilhete Aéreo,,Cia Aérea - TAM,Bilhete: 957-2123.665079,PAMELA HOESEL,POA/BSB/POA,1298.6,0,1298.6,
56,2020-02-13 17:58:28,0,136811,1,487,1758,2019,2020,0,0,2,0,0,11,PP,RS,Afonso Hamm,00000000000007,SERVIÇOS POSTAIS,,CORREIOS - CARTA COMERCIAL,RSP : 2300412,,,63.55,0,63.55,
56,2020-03-06 11:51:04,0,136811,1,487,1758,2019,2020,0,0,3,0,0,11,PP,RS,Afonso Hamm,00000000000007,SERVIÇOS POSTAIS,,CORREIOS - CARTA COMERCIAL,RSP : 2303799,,,129.35,0,129.35,
56,2020-02-26 15:29:37,0,136811,1,487,1758,2019,2020,0,0,2,0,0,11,PP,RS,Afonso Hamm,00000000000007,SERVIÇOS POSTAIS,,CORREIOS - ENCOMENDA PAC,RSP : 2302185,,,28.28,0,28.28,
56,2020-02-27 16:54:47,0,136811,1,487,1758,2019,2020,0,0,2,0,0,11,PP,RS,Afonso Hamm,00000000000007,SERVIÇOS POSTAIS,,CORREIOS - ENCOMENDA PAC,RSP : 2302261,,,35.81,0,35.81,
56,2020-01-21 16:54:08,0,136811,1,487,1758,2019,2020,0,0,1,0,0,11,PP,RS,Afonso Hamm,00000000000007,SERVIÇOS POSTAIS,,CORREIOS - ENVELOPE BÁSICO/CONVENCIONAL - PLÁSTICO/BOLHA,RSP : 2298127,,,4.3,0,4.3,
56,2020-02-27 16:55:26,0,136811,1,487,1758,2019,2020,0,0,2,0,0,11,PP,RS,Afonso Hamm,00000000000007,SERVIÇOS POSTAIS,,CORREIOS - SEDEX 10,RSP : 2302260,,,28.1,0,28.1,
56,2020-01-08 17:29:01,0,136811,1,487,1758,2019,2020,0,0,1,0,0,11,PP,RS,Afonso Hamm,00000000000007,SERVIÇOS POSTAIS,,CORREIOS - SEDEX CONVENCIONAL,RSP : 2297622,,,70.97,0,70.97,
56,2020-01-15 13:13:51,0,136811,1,487,1758,2019,2020,0,0,1,0,0,11,PP,RS,Afonso Hamm,00000000000007,SERVIÇOS POSTAIS,,CORREIOS - SEDEX CONVENCIONAL,RSP : 2297878,,,47.49,0,47.49,
56,2020-01-21 16:54:47,0,136811,1,487,1758,2019,2020,0,0,1,0,0,11,PP,RS,Afonso Hamm,00000000000007,SERVIÇOS POSTAIS,,CORREIOS - SEDEX CONVENCIONAL,RSP : 2298129,,,51.26,0,51.26,
56,2020-02-05 12:52:39,0,136811,1,487,1758,2019,2020,0,0,2,0,0,11,PP,RS,Afonso Hamm,00000000000007,SERVIÇOS POSTAIS,,CORREIOS - SEDEX CONVENCIONAL,RSP : 2299810,,,10.2,0,10.2,
56,2020-02-11 12:44:22,0,136811,1,487,1758,2019,2020,0,0,2,0,0,11,PP,RS,Afonso Hamm,00000000000007,SERVIÇOS POSTAIS,,CORREIOS - SEDEX CONVENCIONAL,RSP : 2300158,,,10.2,0,10.2,
56,2020-03-02 13:15:28,0,136811,1,487,1758,2019,2020,0,0,3,0,0,11,PP,RS,Afonso Hamm,00000000000007,SERVIÇOS POSTAIS,,CORREIOS - SEDEX CONVENCIONAL,RSP : 2302372,,,42.26,0,42.26,
56,2020-03-03 12:49:45,0,136811,1,487,1758,2019,2020,0,0,3,0,0,11,PP,RS,Afonso Hamm,00000000000007,SERVIÇOS POSTAIS,,CORREIOS - SEDEX CONVENCIONAL,RSP : 2302463,,,131.7,0,131.7,
56,2020-02-20 14:07:32,0,160535,1,507,2241,2019,2020,0,0,2,0,0,11,PT,RS,Marcon,00000000000007,SERVIÇOS POSTAIS,,CORREIOS - SEDEX CONVENCIONAL,RSP : 2301991,,,70.97,0,70.97,
56,2020-02-18 15:58:54,0,160552,1,495,2242,2019,2020,0,0,2,0,0,11,PSD,RS,Danrlei de Deus Hinterholz,00000000000007,SERVIÇOS POSTAIS,,CORREIOS - SEDEX CONVENCIONAL,RSP : 2301793,,,53.19,0,53.19,
56,2020-01-22 00:00:00,1724500,160552,0,495,2242,2019,2020,0,0,1,0,0,999,PSD,RS,Danrlei de Deus Hinterholz,02012862000160,Emissão Bilhete Aéreo,,Cia Aérea - TAM,Bilhete: 957-2123.617380,JOAO LUIS GRANDO,POA/BSB,1240.03,0,1240.03,
56,2020-01-27 00:00:00,1724641,160552,0,495,2242,2019,2020,0,0,1,0,0,999,PSD,RS,Danrlei de Deus Hinterholz,02012862000160,Emissão Bilhete Aéreo,,Cia Aérea - TAM,Bilhete: 957-2124.052355,JOAO GRANDO,BSB/POA,983.57,0,983.57,
56,2020-01-07 18:02:06,0,160559,1,486,2379,2019,2020,0,0,1,0,0,11,MDB,RS,Alceu Moreira,00000000000007,SERVIÇOS POSTAIS,,CORREIOS - CARTA REGISTRADA,RSP : 2297593,,,10.35,0,10.35,
56,2020-01-07 14:32:35,0,160559,1,486,2379,2019,2020,0,0,1,0,0,11,MDB,RS,Alceu Moreira,00000000000007,SERVIÇOS POSTAIS,,CORREIOS - SEDEX 10,RSP : 2297562,,,114.8,0,114.8,
56,2020-01-22 12:13:44,0,160559,1,486,2379,2019,2020,0,0,1,0,0,11,MDB,RS,Alceu Moreira,00000000000007,SERVIÇOS POSTAIS,,CORREIOS - SEDEX 10,RSP : 2298159,,,114.8,0,114.8,
56,2020-01-28 16:01:26,0,160559,1,486,2379,2019,2020,0,0,1,0,0,11,MDB,RS,Alceu Moreira,00000000000007,SERVIÇOS POSTAIS,,CORREIOS - SEDEX 10,RSP : 2299411,,,95,0,95,
56,2020-02-05 11:41:52,0,160559,1,486,2379,2019,2020,0,0,2,0,0,11,MDB,RS,Alceu Moreira,00000000000007,SERVIÇOS POSTAIS,,CORREIOS - SEDEX 10,RSP : 2299783,,,95,0,95,
56,2020-02-19 15:01:01,0,160559,1,486,2379,2019,2020,0,0,2,0,0,11,MDB,RS,Alceu Moreira,00000000000007,SERVIÇOS POSTAIS,,CORREIOS - SEDEX 10,RSP : 2301939,,,95,0,95,
56,2020-02-20 11:11:11,0,160559,1,486,2379,2019,2020,0,0,2,0,0,11,MDB,RS,Alceu Moreira,00000000000007,SERVIÇOS POSTAIS,,CORREIOS - SEDEX 10,RSP : 2301983,,,70.97,0,70.97,
56,2020-02-20 14:42:34,0,160559,1,486,2379,2019,2020,0,0,2,0,0,11,MDB,RS,Alceu Moreira,00000000000007,SERVIÇOS POSTAIS,,CORREIOS - SEDEX 10,RSP : 2302038,,,95,0,95,
56,2020-02-27 16:12:52,0,160559,1,486,2379,2019,2020,0,0,2,0,0,11,MDB,RS,Alceu Moreira,00000000000007,SERVIÇOS POSTAIS,,CORREIOS - SEDEX 10,RSP : 2302259,,,95,0,95,
56,2020-03-03 18:51:18,0,160559,1,486,2379,2019,2020,0,0,3,0,0,11,MDB,RS,Alceu Moreira,00000000000007,SERVIÇOS POSTAIS,,CORREIOS - SEDEX 10,RSP : 2302508,,,95,0,95,
56,2020-01-02 16:43:19,0,160559,1,486,2379,2019,2020,0,0,1,0,0,11,MDB,RS,Alceu Moreira,00000000000007,SERVIÇOS POSTAIS,,CORREIOS - SEDEX CONVENCIONAL,RSP : 2297407,,,53.19,0,53.19,
56,2020-01-07 18:02:32,0,160559,1,486,2379,2019,2020,0,0,1,0,0,11,MDB,RS,Alceu Moreira,00000000000007,SERVIÇOS POSTAIS,,CORREIOS - SEDEX CONVENCIONAL,RSP : 2297583,,,53.19,0,53.19,
56,2020-02-05 13:14:10,0,160559,1,486,2379,2019,2020,0,0,2,0,0,11,MDB,RS,Alceu Moreira,00000000000007,SERVIÇOS POSTAIS,,CORREIOS - SEDEX CONVENCIONAL,RSP : 2299788,,,70.97,0,70.97,
56,2020-02-18 15:38:12,0,160559,1,486,2379,2019,2020,0,0,2,0,0,11,MDB,RS,Alceu Moreira,00000000000007,SERVIÇOS POSTAIS,,CORREIOS - SEDEX CONVENCIONAL,RSP : 2301802,,,53.19,0,53.19,
56,2020-01-13 00:00:00,1724065,160559,0,486,2379,2019,2020,0,0,1,0,0,999,MDB,RS,Alceu Moreira,02012862000160,Emissão Bilhete Aéreo,,Cia Aérea - TAM,Bilhete: 957-2122.675629,JOAO GOMES COSTA FILHO,POA/BSB,514.03,0,514.03,
56,2020-01-13 00:00:00,1724066,160559,0,486,2379,2019,2020,0,0,1,0,0,999,MDB,RS,Alceu Moreira,02012862000160,Emissão Bilhete Aéreo,,Cia Aérea - TAM,Bilhete: 957-2122.676572,JOAO GOMES COSTA FILHO,BSB/POA,833.57,0,833.57,
56,2020-01-15 00:00:00,1724297,160559,0,486,2379,2019,2020,0,0,1,0,0,999,MDB,RS,Alceu Moreira,02012862000160,Emissão Bilhete Aéreo,,Cia Aérea - TAM,Bilhete: 957-2122.908704,LUCIANO ELOI DA SILVEIRA,POA/BSB/POA,607.6,0,607.6,
56,2020-02-19 11:15:12,0,160570,1,505,2340,2019,2020,0,0,2,0,0,11,PP,RS,Jerônimo Goergen,00000000000007,SERVIÇOS POSTAIS,,CORREIOS - CARTA COMERCIAL,RSP : 2301855,,,7.5,0,7.5,
56,2020-03-02 15:48:49,0,160570,1,505,2340,2019,2020,0,0,3,0,0,11,PP,RS,Jerônimo Goergen,00000000000007,SERVIÇOS POSTAIS,,CORREIOS - ENCOMENDA PAC,RSP : 2302401,,,65.72,0,65.72,
56,2020-03-06 14:21:25,0,160570,1,505,2340,2019,2020,0,0,3,0,0,11,PP,RS,Jerônimo Goergen,00000000000007,SERVIÇOS POSTAIS,,CORREIOS - ENCOMENDA PAC,RSP : 2303812,,,68.61,0,68.61,
56,2020-01-23 12:48:29,0,160570,1,505,2340,2019,2020,0,0,1,0,0,11,PP,RS,Jerônimo Goergen,00000000000007,SERVIÇOS POSTAIS,,CORREIOS - SEDEX CONVENCIONAL,RSP : 2298218,,,70.97,0,70.97,
56,2020-02-10 13:37:35,0,160570,1,505,2340,2019,2020,0,0,2,0,0,11,PP,RS,Jerônimo Goergen,00000000000007,SERVIÇOS POSTAIS,,CORREIOS - SEDEX CONVENCIONAL,RSP : 2300060,,,73.19,0,73.19,
56,2020-02-12 13:16:09,0,160673,1,502,2281,2019,2020,0,0,2,0,0,11,PL,RS,Giovani Cherini,00000000000007,SERVIÇOS POSTAIS,,CORREIOS - CARTA COMERCIAL,RSP : 2300267,,,20.2,0,20.2,
56,2020-03-02 11:48:31,0,160673,1,502,2281,2019,2020,0,0,3,0,0,11,PL,RS,Giovani Cherini,00000000000007,SERVIÇOS POSTAIS,,CORREIOS - CARTA COMERCIAL,RSP : 2302326,,,30.3,0,30.3,
56,2020-03-02 16:06:50,0,160673,1,502,2281,2019,2020,0,0,3,0,0,11,PL,RS,Giovani Cherini,00000000000007,SERVIÇOS POSTAIS,,CORREIOS - ENCOMENDA PAC,RSP : 2302373,,,60.61,0,60.61,
56,2020-03-06 11:49:36,0,160673,1,502,2281,2019,2020,0,0,3,0,0,11,PL,RS,Giovani Cherini,00000000000007,SERVIÇOS POSTAIS,,CORREIOS - ENCOMENDA PAC,RSP : 2303762,,,100.13,0,100.13,
56,2020-02-13 11:47:23,0,160673,1,502,2281,2019,2020,0,0,2,0,0,11,PL,RS,Giovani Cherini,00000000000007,SERVIÇOS POSTAIS,,CORREIOS - SEDEX 10,RSP : 2300336,,,95,0,95,
56,2020-02-18 16:31:16,0,160673,1,502,2281,2019,2020,0,0,2,0,0,11,PL,RS,Giovani Cherini,00000000000007,SERVIÇOS POSTAIS,,CORREIOS - SEDEX 10,RSP : 2301827,,,104.9,0,104.9,
56,2020-02-06 17:53:28,0,160673,1,502,2281,2019,2020,0,0,2,0,0,11,PL,RS,Giovani Cherini,00000000000007,SERVIÇOS POSTAIS,,CORREIOS - SEDEX CONVENCIONAL,RSP : 2299808,,,25.32,0,25.32,
56,2020-02-06 17:53:44,0,160673,1,502,2281,2019,2020,0,0,2,0,0,11,PL,RS,Giovani Cherini,00000000000007,SERVIÇOS POSTAIS,,CORREIOS - SEDEX CONVENCIONAL,RSP : 2299812,,,88.87,0,88.87,
56,2020-02-06 17:52:58,0,160673,1,502,2281,2019,2020,0,0,2,0,0,11,PL,RS,Giovani Cherini,00000000000007,SERVIÇOS POSTAIS,,CORREIOS - SEDEX CONVENCIONAL,RSP : 2299813,,,17.42,0,17.42,
56,2020-02-06 18:04:04,0,160673,1,502,2281,2019,2020,0,0,2,0,0,11,PL,RS,Giovani Cherini,00000000000007,SERVIÇOS POSTAIS,,CORREIOS - SEDEX CONVENCIONAL,RSP : 2299815,,,19.66,0,19.66,
56,2020-02-11 16:31:48,0,160673,1,502,2281,2019,2020,0,0,2,0,0,11,PL,RS,Giovani Cherini,00000000000007,SERVIÇOS POSTAIS,,CORREIOS - SEDEX CONVENCIONAL,RSP : 2300206,,,53.19,0,53.19,
56,2020-02-12 13:15:59,0,160673,1,502,2281,2019,2020,0,0,2,0,0,11,PL,RS,Giovani Cherini,00000000000007,SERVIÇOS POSTAIS,,CORREIOS - SEDEX CONVENCIONAL,RSP : 2300266,,,70.97,0,70.97,
56,2020-02-17 15:11:29,0,160673,1,502,2281,2019,2020,0,0,2,0,0,11,PL,RS,Giovani Cherini,00000000000007,SERVIÇOS POSTAIS,,CORREIOS - SEDEX CONVENCIONAL,RSP : 2300656,,,151.27,0,151.27,
56,2020-02-20 14:26:33,0,160673,1,502,2281,2019,2020,0,0,2,0,0,11,PL,RS,Giovani Cherini,00000000000007,SERVIÇOS POSTAIS,,CORREIOS - SEDEX CONVENCIONAL,RSP : 2302008,,,25.32,0,25.32,
56,2020-02-20 16:36:53,0,160673,1,502,2281,2019,2020,0,0,2,0,0,11,PL,RS,Giovani Cherini,00000000000007,SERVIÇOS POSTAIS,,CORREIOS - SEDEX CONVENCIONAL,RSP : 2302062,,,70.97,0,70.97,
56,2020-03-09 15:54:58,0,160673,1,502,2281,2019,2020,0,0,3,0,0,11,PL,RS,Giovani Cherini,00000000000007,SERVIÇOS POSTAIS,,CORREIOS - SEDEX CONVENCIONAL,RSP : 2303866,,,18.25,0,18.25,
56,2020-01-21 00:00:00,0,178835,0,490,2880,2019,2020,0,0,1,0,0,10,PDT,RS,Afonso Motta,00000000000001,TELEFONIA,,CELULAR FUNCIONAL,7022193,,,0.76,0,0.76,
56,2020-01-08 16:24:10,0,178835,1,490,2880,2019,2020,0,0,1,0,0,11,PDT,RS,Afonso Motta,00000000000007,SERVIÇOS POSTAIS,,CORREIOS - SEDEX CONVENCIONAL,RSP : 2297619,,,26.1,0,26.1,
56,2020-01-14 00:00:00,1724184,178835,0,490,2880,2019,2020,0,0,1,0,0,999,PDT,RS,Afonso Motta,02012862000160,Emissão Bilhete Aéreo,,Cia Aérea - TAM,Bilhete: 957-2122.777442,Afonso Motta,BSB/POA,647.57,0,647.57,
56,2020-01-14 00:00:00,1724188,178835,0,490,2880,2019,2020,0,0,1,0,0,999,PDT,RS,Afonso Motta,02012862000160,Emissão Bilhete Aéreo,,Cia Aérea - TAM,Bilhete: 957-2122.779334,Afonso Motta,BSB/POA,647.57,0,647.57,
56,2020-01-14 00:00:00,1724191,178835,0,490,2880,2019,2020,0,0,1,0,0,999,PDT,RS,Afonso Motta,02012862000160,Emissão Bilhete Aéreo,,Cia Aérea - TAM,Bilhete: 957-2122.779923,Afonso Motta,BSB/POA,647.57,0,647.57,
56,2020-01-14 00:00:00,1724198,178835,0,490,2880,2019,2020,0,0,1,0,0,999,PDT,RS,Afonso Motta,02012862000160,Emissão Bilhete Aéreo,,Cia Aérea - TAM,Bilhete: 957-2122.781124,Afonso Motta,POA/BSB,485.03,0,485.03,
56,2020-01-14 00:00:00,1724199,178835,0,490,2880,2019,2020,0,0,1,0,0,999,PDT,RS,Afonso Motta,02012862000160,Emissão Bilhete Aéreo,,Cia Aérea - TAM,Bilhete: 957-2122.781586,Afonso Motta,POA/BSB,485.03,0,485.03,
56,2020-01-14 00:00:00,1724203,178835,0,490,2880,2019,2020,0,0,1,0,0,999,PDT,RS,Afonso Motta,02012862000160,Emissão Bilhete Aéreo,,Cia Aérea - TAM,Bilhete: 957-2122.783509,JULIO CHAISE,BSB/POA/BSB,1009.6,0,1009.6,
56,2020-01-14 00:00:00,1724205,178835,0,490,2880,2019,2020,0,0,1,0,0,999,PDT,RS,Afonso Motta,02012862000160,Emissão Bilhete Aéreo,,Cia Aérea - TAM,Bilhete: 957-2122.783978,JULIO CHAISE,BSB/POA/BSB,644.6,0,644.6,
56,2020-01-14 00:00:00,1724210,178835,0,490,2880,2019,2020,0,0,1,0,0,999,PDT,RS,Afonso Motta,02012862000160,Emissão Bilhete Aéreo,,Cia Aérea - TAM,Bilhete: 957-2122.784784,LINO FURTADO,BSB/POA/BSB,695.6,0,695.6,
56,2020-01-14 00:00:00,1724259,178835,0,490,2880,2019,2020,0,0,1,0,0,999,PDT,RS,Afonso Motta,02012862000160,Emissão Bilhete Aéreo,,Cia Aérea - TAM,Bilhete: 957-2122.820386,JONATHAN MONZON,BSB/POA/BSB,644.6,0,644.6,
56,2020-01-27 00:00:00,1724679,178835,0,490,2880,2019,2020,0,0,1,0,0,999,PDT,RS,Afonso Motta,02012862000160,Emissão Bilhete Aéreo,,Cia Aérea - TAM,Bilhete: 957-2124.093402,Afonso Motta,POA/BSB,740,0,740,
56,2020-01-29 10:35:44,0,178962,1,492,2900,2019,2020,0,0,1,0,0,11,REPUBLICANOS,RS,Carlos Gomes,00000000000007,SERVIÇOS POSTAIS,,CORREIOS - SEDEX 10,RSP : 2299462,,,95,0,95,
56,2020-02-03 16:26:06,0,178962,1,492,2900,2019,2020,0,0,2,0,0,11,REPUBLICANOS,RS,Carlos Gomes,00000000000007,SERVIÇOS POSTAIS,,CORREIOS - SEDEX 10,RSP : 2299655,,,95,0,95,
56,2020-02-04 15:04:16,0,178962,1,492,2900,2019,2020,0,0,2,0,0,11,REPUBLICANOS,RS,Carlos Gomes,00000000000007,SERVIÇOS POSTAIS,,CORREIOS - SEDEX 10,RSP : 2299712,,,95,0,95,
56,2020-01-07 15:40:44,0,178963,1,493,2979,2019,2020,0,0,1,0,0,11,PP,RS,Covatti Filho,00000000000007,SERVIÇOS POSTAIS,,CORREIOS - SEDEX 10,RSP : 2297568,,,95,0,95,
56,2020-01-08 12:00:20,0,178963,1,493,2979,2019,2020,0,0,1,0,0,11,PP,RS,Covatti Filho,00000000000007,SERVIÇOS POSTAIS,,CORREIOS - SEDEX 10,RSP : 2297606,,,95,0,95,
56,2020-01-29 12:46:56,0,178963,1,493,2979,2019,2020,0,0,1,0,0,11,PP,RS,Covatti Filho,00000000000007,SERVIÇOS POSTAIS,,CORREIOS - SEDEX 10,RSP : 2299483,,,95,0,95,
56,2020-02-03 17:14:45,0,178963,1,493,2979,2019,2020,0,0,2,0,0,11,PP,RS,Covatti Filho,00000000000007,SERVIÇOS POSTAIS,,CORREIOS - SEDEX CONVENCIONAL,RSP : 2299654,,,53.19,0,53.19,
56,2020-01-20 00:00:00,1724414,178963,0,493,2979,2019,2020,0,0,1,0,0,999,PP,RS,Covatti Filho,02012862000160,Emissão Bilhete Aéreo,,Cia Aérea - TAM,Bilhete: 957-2123.402770,GIOVANE AUGUSTO SPIELMANN,POA/BSB,1112.03,0,1112.03,
56,2020-01-20 00:00:00,1724417,178963,0,493,2979,2019,2020,0,0,1,0,0,999,PP,RS,Covatti Filho,02012862000160,Emissão Bilhete Aéreo,,Cia Aérea - TAM,Bilhete: 957-2123.403410,GIOVANE AUGUSTO SPIELMANN,BSB/POA,1363.57,0,1363.57,
56,2020-02-06 17:53:35,0,178964,1,504,3056,2019,2020,0,0,2,0,0,11,PSB,RS,Heitor Schuch,00000000000007,SERVIÇOS POSTAIS,,CORREIOS - CARTA REGISTRADA COM AR,RSP : 2299803,,,16.65,0,16.65,
56,2020-01-22 12:36:19,0,178964,1,504,3056,2019,2020,0,0,1,0,0,11,PSB,RS,Heitor Schuch,00000000000007,SERVIÇOS POSTAIS,,CORREIOS - MALA DIRETA POSTAL BÁSICA,RSP : 2298167,,,206.72,0,206.72,
56,2020-02-06 16:13:27,0,178964,1,504,3056,2019,2020,0,0,2,0,0,11,PSB,RS,Heitor Schuch,00000000000007,SERVIÇOS POSTAIS,,CORREIOS - MALA DIRETA POSTAL BÁSICA,RSP : 2299952,,,230.85,0,230.85,
56,2020-03-12 11:09:54,0,178964,1,504,3056,2019,2020,0,0,3,0,0,11,PSB,RS,Heitor Schuch,00000000000007,SERVIÇOS POSTAIS,,CORREIOS - MALA DIRETA POSTAL BÁSICA,RSP : 2304191,,,119.07,0,119.07,
56,2020-01-08 17:43:36,0,178996,1,494,2970,2019,2020,0,0,1,0,0,11,MDB,RS,Giovani Feltes,00000000000007,SERVIÇOS POSTAIS,,CORREIOS - ENCOMENDA PAC,RSP : 2297630,,,73.48,0,73.48,
56,2020-02-12 16:58:45,0,178996,1,494,2970,2019,2020,0,0,2,0,0,11,MDB,RS,Giovani Feltes,00000000000007,SERVIÇOS POSTAIS,,CORREIOS - ENCOMENDA PAC,RSP : 2300282,,,305.57,0,305.57,
56,2020-03-04 12:37:42,0,178996,1,494,2970,2019,2020,0,0,3,0,0,11,MDB,RS,Giovani Feltes,00000000000007,SERVIÇOS POSTAIS,,CORREIOS - ENCOMENDA PAC,RSP : 2302575,,,65.72,0,65.72,
56,2020-01-07 00:00:00,1723800,178996,0,494,2970,2019,2020,0,0,1,0,0,999,MDB,RS,Giovani Feltes,02012862000160,Emissão Bilhete Aéreo,,Cia Aérea - TAM,Bilhete: 957-2121.948278,Giovani Feltes,BSB/POA,483.57,0,483.57,
56,2020-01-07 00:00:00,1723801,178996,0,494,2970,2019,2020,0,0,1,0,0,999,MDB,RS,Giovani Feltes,02012862000160,Emissão Bilhete Aéreo,,Cia Aérea - TAM,Bilhete: 957-2121.949057,BEATRIZ GASPAR FAGUNDES,BSB/POA,545.57,0,545.57,
56,2020-01-07 00:00:00,1723802,178996,0,494,2970,2019,2020,0,0,1,0,0,999,MDB,RS,Giovani Feltes,02012862000160,Emissão Bilhete Aéreo,,Cia Aérea - TAM,Bilhete: 957-2121.949723,Giovani Feltes,BSB/POA,545.57,0,545.57,
56,2020-01-07 00:00:00,1723803,178996,0,494,2970,2019,2020,0,0,1,0,0,999,MDB,RS,Giovani Feltes,02012862000160,Emissão Bilhete Aéreo,,Cia Aérea - TAM,Bilhete: 957-2121.949757,Giovani Feltes,BSB/POA,545.57,0,545.57,
56,2020-01-07 00:00:00,1723863,178996,0,494,2970,2019,2020,0,0,1,0,0,999,MDB,RS,Giovani Feltes,02012862000160,Emissão Bilhete Aéreo,,Cia Aérea - TAM,Bilhete: 957-2121.999065,Giovani Feltes,BSB/POA,483.57,0,483.57,
56,2020-01-07 00:00:00,1723864,178996,0,494,2970,2019,2020,0,0,1,0,0,999,MDB,RS,Giovani Feltes,02012862000160,Emissão Bilhete Aéreo,,Cia Aérea - TAM,Bilhete: 957-2121.999621,BEATRIZ GASPAR FAGUNDES,BSB/POA,545.57,0,545.57,
56,2020-01-07 00:00:00,1723865,178996,0,494,2970,2019,2020,0,0,1,0,0,999,MDB,RS,Giovani Feltes,02012862000160,Emissão Bilhete Aéreo,,Cia Aérea - TAM,Bilhete: 957-2121.999622,Giovani Feltes,BSB/POA,545.57,0,545.57,
56,2020-01-07 00:00:00,1723866,178996,0,494,2970,2019,2020,0,0,1,0,0,999,MDB,RS,Giovani Feltes,02012862000160,Emissão Bilhete Aéreo,,Cia Aérea - TAM,Bilhete: 957-2121.999670,BEATRIZ GASPAR FAGUNDES,BSB/POA,483.57,0,483.57,
56,2020-01-07 00:00:00,1723867,178996,0,494,2970,2019,2020,0,0,1,0,0,999,MDB,RS,Giovani Feltes,02012862000160,Emissão Bilhete Aéreo,,Cia Aérea - TAM,Bilhete: 957-2121.999671,Giovani Feltes,BSB/POA,483.57,0,483.57,
56,2020-01-07 00:00:00,1723868,178996,0,494,2970,2019,2020,0,0,1,0,0,999,MDB,RS,Giovani Feltes,02012862000160,Emissão Bilhete Aéreo,,Cia Aérea - TAM,Bilhete: 957-2121.999834,Giovani Feltes,BSB/POA,545.57,0,545.57,
56,2020-01-15 18:03:20,0,179001,1,515,3086,2019,2020,0,0,1,0,0,11,MDB,RS,Márcio Biolchi,00000000000007,SERVIÇOS POSTAIS,,CORREIOS - CARTA REGISTRADA COM AR,RSP : 2297921,,,326.6,0,326.6,
56,2020-03-10 15:13:13,0,179001,1,515,3086,2019,2020,0,0,3,0,0,11,MDB,RS,Márcio Biolchi,00000000000007,SERVIÇOS POSTAIS,,CORREIOS - SEDEX 10,RSP : 2304011,,,110.6,0,110.6,
56,2020-01-06 13:39:10,0,179001,1,515,3086,2019,2020,0,0,1,0,0,11,MDB,RS,Márcio Biolchi,00000000000007,SERVIÇOS POSTAIS,,CORREIOS - SEDEX CONVENCIONAL,RSP : 2297488,,,57.65,0,57.65,
56,2020-01-08 11:01:44,0,179001,1,515,3086,2019,2020,0,0,1,0,0,11,MDB,RS,Márcio Biolchi,00000000000007,SERVIÇOS POSTAIS,,CORREIOS - SEDEX CONVENCIONAL,RSP : 2297489,,,104.29,0,104.29,
56,2020-01-23 12:43:25,0,179001,1,515,3086,2019,2020,0,0,1,0,0,11,MDB,RS,Márcio Biolchi,00000000000007,SERVIÇOS POSTAIS,,CORREIOS - SEDEX CONVENCIONAL,RSP : 2298034,,,93.71,0,93.71,
56,2020-02-03 12:22:14,0,179001,1,515,3086,2019,2020,0,0,2,0,0,11,MDB,RS,Márcio Biolchi,00000000000007,SERVIÇOS POSTAIS,,CORREIOS - SEDEX CONVENCIONAL,RSP : 2299618,,,93.71,0,93.71,
56,2020-02-14 17:21:52,0,179001,1,515,3086,2019,2020,0,0,2,0,0,11,MDB,RS,Márcio Biolchi,00000000000007,SERVIÇOS POSTAIS,,CORREIOS - SEDEX CONVENCIONAL,RSP : 2300579,,,53.19,0,53.19,
56,2020-03-09 10:48:08,0,179001,1,515,3086,2019,2020,0,0,3,0,0,11,MDB,RS,Márcio Biolchi,00000000000007,SERVIÇOS POSTAIS,,CORREIOS - SEDEX CONVENCIONAL,RSP : 2303856,,,60.4,0,60.4,
56,2020-01-15 18:02:47,0,179001,1,515,3086,2019,2020,0,0,1,0,0,11,MDB,RS,Márcio Biolchi,00000000000007,SERVIÇOS POSTAIS,,CORREIOS - TELEGRAMA,RSP : 2297855,,,11.85,0,11.85,
56,2020-01-03 15:15:31,0,204388,1,489,3273,2019,2020,0,0,1,0,0,11,PSL,RS,Bibo Nunes,00000000000007,SERVIÇOS POSTAIS,,CORREIOS - SEDEX CONVENCIONAL,RSP : 2297445,,,53.19,0,53.19,
56,2020-01-07 13:41:56,0,204388,1,489,3273,2019,2020,0,0,1,0,0,11,PSL,RS,Bibo Nunes,00000000000007,SERVIÇOS POSTAIS,,CORREIOS - SEDEX CONVENCIONAL,RSP : 2297537,,,53.19,0,53.19,
56,2020-01-08 17:41:49,0,204388,1,489,3273,2019,2020,0,0,1,0,0,11,PSL,RS,Bibo Nunes,00000000000007,SERVIÇOS POSTAIS,,CORREIOS - SEDEX CONVENCIONAL,RSP : 2297624,,,55.4,0,55.4,
56,2020-01-10 14:40:34,0,204388,1,489,3273,2019,2020,0,0,1,0,0,11,PSL,RS,Bibo Nunes,00000000000007,SERVIÇOS POSTAIS,,CORREIOS - SEDEX CONVENCIONAL,RSP : 2297705,,,53.19,0,53.19,
56,2020-01-14 14:06:36,0,204388,1,489,3273,2019,2020,0,0,1,0,0,11,PSL,RS,Bibo Nunes,00000000000007,SERVIÇOS POSTAIS,,CORREIOS - SEDEX CONVENCIONAL,RSP : 2297808,,,53.19,0,53.19,
56,2020-02-05 15:43:02,0,204388,1,489,3273,2019,2020,0,0,2,0,0,11,PSL,RS,Bibo Nunes,00000000000007,SERVIÇOS POSTAIS,,CORREIOS - SEDEX CONVENCIONAL,RSP : 2299847,,,53.19,0,53.19,
56,2020-02-07 13:55:35,0,204388,1,489,3273,2019,2020,0,0,2,0,0,11,PSL,RS,Bibo Nunes,00000000000007,SERVIÇOS POSTAIS,,CORREIOS - SEDEX CONVENCIONAL,RSP : 2300004,,,106.38,0,106.38,
56,2020-02-14 11:37:53,0,204403,1,509,3233,2019,2020,0,0,2,0,0,11,PDT,RS,Marlon Santos,00000000000007,SERVIÇOS POSTAIS,,CORREIOS - ENCOMENDA PAC,RSP : 2300483,,,1256.74,0,1256.74,
56,2020-03-12 10:50:38,0,204403,1,509,3233,2019,2020,0,0,3,0,0,11,PDT,RS,Marlon Santos,00000000000007,SERVIÇOS POSTAIS,,CORREIOS - ENCOMENDA PAC,RSP : 2304170,,,745.92,0,745.92,
56,2020-01-06 00:00:00,1723782,204403,0,509,3233,2019,2020,0,0,1,0,0,999,PDT,RS,Marlon Santos,02012862000160,Emissão Bilhete Aéreo,,Cia Aérea - TAM,Bilhete: 957-2121.839926,JEFERSON FAGUNDES DE OLIVEIRA,BSB/POA/BSB,1108.6,0,1108.6,
56,2020-01-22 00:00:00,1724533,204403,0,509,3233,2019,2020,0,0,1,0,0,999,PDT,RS,Marlon Santos,02012862000160,Emissão Bilhete Aéreo,,Cia Aérea - TAM,Bilhete: 957-2123.690990,CLAUDIO GILNEI TATSCH,POA/BSB/POA,2154.6,0,2154.6,
56,2020-01-15 00:00:00,1724262,204404,0,501,3325,2019,2020,0,0,1,0,0,999,PSDB,RS,Lucas Redecker,02012862000160,Emissão Bilhete Aéreo,,Cia Aérea - TAM,Bilhete: 957-2122.868733,Lucas Redecker,POA/BSB,747.03,0,747.03,
56,2020-01-15 00:00:00,1724264,204404,0,501,3325,2019,2020,0,0,1,0,0,999,PSDB,RS,Lucas Redecker,02012862000160,Emissão Bilhete Aéreo,,Cia Aérea - TAM,Bilhete: 957-2122.869202,Lucas Redecker,BSB/POA,647.57,0,647.57,
56,2020-01-15 00:00:00,1724265,204404,0,501,3325,2019,2020,0,0,1,0,0,999,PSDB,RS,Lucas Redecker,02012862000160,Emissão Bilhete Aéreo,,Cia Aérea - TAM,Bilhete: 957-2122.869237,Lucas Redecker,POA/BSB,649.03,0,649.03,
56,2020-01-15 00:00:00,1724266,204404,0,501,3325,2019,2020,0,0,1,0,0,999,PSDB,RS,Lucas Redecker,02012862000160,Emissão Bilhete Aéreo,,Cia Aérea - TAM,Bilhete: 957-2122.869286,Lucas Redecker,BSB/POA,647.57,0,647.57,
56,2020-01-15 00:00:00,1724267,204404,0,501,3325,2019,2020,0,0,1,0,0,999,PSDB,RS,Lucas Redecker,02012862000160,Emissão Bilhete Aéreo,,Cia Aérea - TAM,Bilhete: 957-2122.869445,Lucas Redecker,POA/BSB,547.03,0,547.03,
56,2020-01-27 17:02:45,0,204405,1,500,3285,2019,2020,0,0,1,0,0,11,PSB,RS,Liziane Bayer,00000000000007,SERVIÇOS POSTAIS,,CORREIOS - CAIXA DE ENCOMENDAS BÁSICA/CONVENCIONAL,RSP : 2299382,,,164,0,164,
56,2020-03-12 12:05:03,0,204405,1,500,3285,2019,2020,0,0,3,0,0,11,PSB,RS,Liziane Bayer,00000000000007,SERVIÇOS POSTAIS,,CORREIOS - CAIXA DE ENCOMENDAS BÁSICA/CONVENCIONAL,RSP : 2304202,,,22.15,0,22.15,
56,2020-01-15 16:58:02,0,204405,1,500,3285,2019,2020,0,0,1,0,0,11,PSB,RS,Liziane Bayer,00000000000007,SERVIÇOS POSTAIS,,CORREIOS - CARTA COMERCIAL,RSP : 2297913,,,438.75,0,438.75,
56,2020-01-29 16:55:30,0,204405,1,500,3285,2019,2020,0,0,1,0,0,11,PSB,RS,Liziane Bayer,00000000000007,SERVIÇOS POSTAIS,,CORREIOS - CARTA COMERCIAL,RSP : 2299508,,,460.2,0,460.2,
56,2020-02-03 15:09:06,0,204405,1,500,3285,2019,2020,0,0,2,0,0,11,PSB,RS,Liziane Bayer,00000000000007,SERVIÇOS POSTAIS,,CORREIOS - CARTA COMERCIAL,RSP : 2299652,,,127.1,0,127.1,
56,2020-01-27 12:46:37,0,204405,1,500,3285,2019,2020,0,0,1,0,0,11,PSB,RS,Liziane Bayer,00000000000007,SERVIÇOS POSTAIS,,CORREIOS - ENVELOPE BÁSICO/CONVENCIONAL - PLÁSTICO/BOLHA,RSP : 2299339,,,84,0,84,
56,2020-02-06 13:07:44,0,204405,1,500,3285,2019,2020,0,0,2,0,0,11,PSB,RS,Liziane Bayer,00000000000007,SERVIÇOS POSTAIS,,CORREIOS - ENVELOPE BÁSICO/CONVENCIONAL - PLÁSTICO/BOLHA,RSP : 2299901,,,93,0,93,
56,2020-01-02 14:05:33,0,204405,1,500,3285,2019,2020,0,0,1,0,0,11,PSB,RS,Liziane Bayer,00000000000007,SERVIÇOS POSTAIS,,CORREIOS - SEDEX 10,RSP : 2297393,,,104.9,0,104.9,
56,2020-01-15 16:57:33,0,204405,1,500,3285,2019,2020,0,0,1,0,0,11,PSB,RS,Liziane Bayer,00000000000007,SERVIÇOS POSTAIS,,CORREIOS - SEDEX 10,RSP : 2297916,,,95,0,95,
56,2020-01-27 16:47:57,0,204405,1,500,3285,2019,2020,0,0,1,0,0,11,PSB,RS,Liziane Bayer,00000000000007,SERVIÇOS POSTAIS,,CORREIOS - SEDEX 10,RSP : 2299377,,,279.1,0,279.1,
56,2020-01-29 16:55:53,0,204405,1,500,3285,2019,2020,0,0,1,0,0,11,PSB,RS,Liziane Bayer,00000000000007,SERVIÇOS POSTAIS,,CORREIOS - SEDEX 10,RSP : 2299506,,,95,0,95,
56,2020-02-17 10:44:51,0,204405,1,500,3285,2019,2020,0,0,2,0,0,11,PSB,RS,Liziane Bayer,00000000000007,SERVIÇOS POSTAIS,,CORREIOS - SEDEX 10,RSP : 2300613,,,95,0,95,
56,2020-03-09 14:09:27,0,204405,1,500,3285,2019,2020,0,0,3,0,0,11,PSB,RS,Liziane Bayer,00000000000007,SERVIÇOS POSTAIS,,CORREIOS - SEDEX 10,RSP : 2303891,,,819.6,0,819.6,
56,2020-01-02 14:06:17,0,204405,1,500,3285,2019,2020,0,0,1,0,0,11,PSB,RS,Liziane Bayer,00000000000007,SERVIÇOS POSTAIS,,CORREIOS - SEDEX CONVENCIONAL,RSP : 2297394,,,23.72,0,23.72,
56,2020-01-15 16:57:05,0,204405,1,500,3285,2019,2020,0,0,1,0,0,11,PSB,RS,Liziane Bayer,00000000000007,SERVIÇOS POSTAIS,,CORREIOS - SEDEX CONVENCIONAL,RSP : 2297915,,,23.72,0,23.72,
56,2020-01-24 15:44:35,0,204405,1,500,3285,2019,2020,0,0,1,0,0,11,PSB,RS,Liziane Bayer,00000000000007,SERVIÇOS POSTAIS,,CORREIOS - SEDEX CONVENCIONAL,RSP : 2298272,,,53.19,0,53.19,
56,2020-01-28 15:01:13,0,204405,1,500,3285,2019,2020,0,0,1,0,0,11,PSB,RS,Liziane Bayer,00000000000007,SERVIÇOS POSTAIS,,CORREIOS - SEDEX CONVENCIONAL,RSP : 2299389,,,75.42,0,75.42,
56,2020-02-13 17:53:21,0,204405,1,500,3285,2019,2020,0,0,2,0,0,11,PSB,RS,Liziane Bayer,00000000000007,SERVIÇOS POSTAIS,,CORREIOS - SEDEX CONVENCIONAL,RSP : 2300415,,,35.46,0,35.46,
56,2020-02-20 15:39:28,0,204405,1,500,3285,2019,2020,0,0,2,0,0,11,PSB,RS,Liziane Bayer,00000000000007,SERVIÇOS POSTAIS,,CORREIOS - SEDEX CONVENCIONAL,RSP : 2302040,,,2909.47,0,2909.47,
56,2020-03-12 14:24:09,0,204405,1,500,3285,2019,2020,0,0,3,0,0,11,PSB,RS,Liziane Bayer,00000000000007,SERVIÇOS POSTAIS,,CORREIOS - SEDEX CONVENCIONAL,RSP : 2304236,,,55.72,0,55.72,
56,2020-03-12 15:27:53,0,204405,1,500,3285,2019,2020,0,0,3,0,0,11,PSB,RS,Liziane Bayer,00000000000007,SERVIÇOS POSTAIS,,CORREIOS - SEDEX CONVENCIONAL,RSP : 2304237,,,522.26,0,522.26,
56,2020-03-12 15:25:38,0,204405,1,500,3285,2019,2020,0,0,3,0,0,11,PSB,RS,Liziane Bayer,00000000000007,SERVIÇOS POSTAIS,,CORREIOS - SEDEX CONVENCIONAL,RSP : 2304245,,,70.28,0,70.28,
56,2020-02-05 14:17:29,0,204406,1,514,3280,2019,2020,0,0,2,0,0,11,PP,RS,Pedro Westphalen,00000000000007,SERVIÇOS POSTAIS,,CORREIOS - CARTA COMERCIAL,RSP : 2299817,,,6.95,0,6.95,
56,2020-02-04 15:30:08,0,204406,1,514,3280,2019,2020,0,0,2,0,0,11,PP,RS,Pedro Westphalen,00000000000007,SERVIÇOS POSTAIS,,CORREIOS - ENCOMENDA PAC,RSP : 2299719,,,58.73,0,58.73,
56,2020-01-17 15:03:23,0,204406,1,514,3280,2019,2020,0,0,1,0,0,11,PP,RS,Pedro Westphalen,00000000000007,SERVIÇOS POSTAIS,,CORREIOS - SEDEX CONVENCIONAL,RSP : 2297999,,,53.19,0,53.19,
56,2020-02-21 16:14:18,0,204406,1,514,3280,2019,2020,0,0,2,0,0,11,PP,RS,Pedro Westphalen,00000000000007,SERVIÇOS POSTAIS,,CORREIOS - SEDEX CONVENCIONAL,RSP : 2302126,,,70.97,0,70.97,
56,2020-02-21 16:13:39,0,204406,1,514,3280,2019,2020,0,0,2,0,0,11,PP,RS,Pedro Westphalen,00000000000007,SERVIÇOS POSTAIS,,CORREIOS - SEDEX CONVENCIONAL,RSP : 2302161,,,92.22,0,92.22,
56,2020-01-06 00:00:00,1723765,204406,0,514,3280,2019,2020,0,0,1,0,0,999,PP,RS,Pedro Westphalen,02012862000160,Emissão Bilhete Aéreo,,Cia Aérea - TAM,Bilhete: 957-2121.823934,Pedro Westphalen,BSB/POA,1363.57,0,1363.57,
56,2020-01-14 00:00:00,1724129,204406,0,514,3280,2019,2020,0,0,1,0,0,999,PP,RS,Pedro Westphalen,02012862000160,Emissão Bilhete Aéreo,,Cia Aérea - TAM,Bilhete: 957-2122.744912,JOANA HARTMANN,POA/BSB,747.03,0,747.03,
56,2020-01-14 00:00:00,1724133,204406,0,514,3280,2019,2020,0,0,1,0,0,999,PP,RS,Pedro Westphalen,02012862000160,Emissão Bilhete Aéreo,,Cia Aérea - TAM,Bilhete: 957-2122.747002,JOANA HARTMANN,BSB/POA/BSB,904.6,0,904.6,
56,2020-01-14 00:00:00,1724217,204406,0,514,3280,2019,2020,0,0,1,0,0,999,PP,RS,Pedro Westphalen,02012862000160,Emissão Bilhete Aéreo,,Cia Aérea - TAM,Bilhete: 957-2122.786508,Pedro Westphalen,POA/BSB,24,0,24,
56,2020-01-15 00:00:00,1724263,204406,0,514,3280,2019,2020,0,0,1,0,0,999,PP,RS,Pedro Westphalen,02012862000160,Emissão Bilhete Aéreo,,Cia Aérea - TAM,Bilhete: 957-2122.868977,Pedro Westphalen,POA/BSB,485.03,0,485.03,
56,2020-01-15 00:00:00,1724268,204406,0,514,3280,2019,2020,0,0,1,0,0,999,PP,RS,Pedro Westphalen,02012862000160,Emissão Bilhete Aéreo,,Cia Aérea - TAM,Bilhete: 957-2122.869626,Pedro Westphalen,BSB/POA,647.57,0,647.57,
56,2020-01-15 00:00:00,1724269,204406,0,514,3280,2019,2020,0,0,1,0,0,999,PP,RS,Pedro Westphalen,02012862000160,Emissão Bilhete Aéreo,,Cia Aérea - TAM,Bilhete: 957-2122.869668,Pedro Westphalen,BSB/POA,647.57,0,647.57,
56,2020-03-06 14:22:07,0,204407,1,496,3384,2019,2020,0,0,3,0,0,11,PSOL,RS,Fernanda Melchionna,00000000000007,SERVIÇOS POSTAIS,,CORREIOS - ENCOMENDA PAC,RSP : 2299448,,,2440.66,0,2440.66,
56,2020-03-06 11:58:24,0,204407,1,496,3384,2019,2020,0,0,3,0,0,11,PSOL,RS,Fernanda Melchionna,00000000000007,SERVIÇOS POSTAIS,,CORREIOS - MALA DIRETA POSTAL DOMICILIÁRIA,RSP : 2299447,,,4793.6,0,4793.6,
56,2020-02-13 18:22:30,0,204407,1,496,3384,2019,2020,0,0,2,0,0,11,PSOL,RS,Fernanda Melchionna,00000000000007,SERVIÇOS POSTAIS,,CORREIOS - SEDEX 10 COM AR,RSP : 2300424,,,904.15,0,904.15,
56,2020-01-20 00:00:00,1723569,204407,0,496,3384,2019,2020,0,0,1,0,0,999,PSOL,RS,Fernanda Melchionna,09296295000160,Emissão Bilhete Aéreo,,Cia Aérea - AZUL,Bilhete: QF9P4J,RAQUEL CECILIA SANTOS,BSB/POA,793.57,0,793.57,
56,2020-01-20 00:00:00,1724430,204407,0,496,3384,2019,2020,0,0,1,0,0,999,PSOL,RS,Fernanda Melchionna,02012862000160,Emissão Bilhete Aéreo,,Cia Aérea - TAM,Bilhete: 957-2123.423498,Fernanda Melchionna,POA/BSB,747.03,0,747.03,
56,2020-01-20 00:00:00,1724431,204407,0,496,3384,2019,2020,0,0,1,0,0,999,PSOL,RS,Fernanda Melchionna,02012862000160,Emissão Bilhete Aéreo,,Cia Aérea - TAM,Bilhete: 957-2123.424061,Fernanda Melchionna,BSB/POA,745.57,0,745.57,
56,2020-01-20 00:00:00,1724432,204407,0,496,3384,2019,2020,0,0,1,0,0,999,PSOL,RS,Fernanda Melchionna,02012862000160,Emissão Bilhete Aéreo,,Cia Aérea - TAM,Bilhete: 957-2123.424669,Fernanda Melchionna,POA/BSB,649.03,0,649.03,
56,2020-01-20 00:00:00,1724433,204407,0,496,3384,2019,2020,0,0,1,0,0,999,PSOL,RS,Fernanda Melchionna,02012862000160,Emissão Bilhete Aéreo,,Cia Aérea - TAM,Bilhete: 957-2123.425030,Fernanda Melchionna,BSB/POA,745.57,0,745.57,
56,2020-01-20 00:00:00,1724434,204407,0,496,3384,2019,2020,0,0,1,0,0,999,PSOL,RS,Fernanda Melchionna,02012862000160,Emissão Bilhete Aéreo,,Cia Aérea - TAM,Bilhete: 957-2123.425725,Fernanda Melchionna,BSB/POA,983.57,0,983.57,
56,2020-01-20 00:00:00,1724435,204407,0,496,3384,2019,2020,0,0,1,0,0,999,PSOL,RS,Fernanda Melchionna,02012862000160,Emissão Bilhete Aéreo,,Cia Aérea - TAM,Bilhete: 957-2123.425903,Fernanda Melchionna,POA/BSB,485.03,0,485.03,
56,2020-01-21 00:00:00,1724474,204407,0,496,3384,2019,2020,0,0,1,0,0,999,PSOL,RS,Fernanda Melchionna,02012862000160,Emissão Bilhete Aéreo,,Cia Aérea - TAM,Bilhete: 957-2123.516420,RAQUEL CECILIA SANTOS,POA/BSB,835.03,0,835.03,
56,2020-01-21 00:00:00,1724476,204407,0,496,3384,2019,2020,0,0,1,0,0,999,PSOL,RS,Fernanda Melchionna,02012862000160,Emissão Bilhete Aéreo,,Cia Aérea - TAM,Bilhete: 957-2123.517120,GABRIEL GALLI AREVALO,POA/BSB,602.03,0,602.03,
56,2020-02-17 13:29:46,0,204415,1,512,3245,2019,2020,0,0,2,0,0,11,PSL,RS,Nereu Crispim,00000000000007,SERVIÇOS POSTAIS,,CORREIOS - CARTA COMERCIAL,RSP : 2300618,,,9.25,0,9.25,
56,2020-03-03 16:08:00,0,204415,1,512,3245,2019,2020,0,0,3,0,0,11,PSL,RS,Nereu Crispim,00000000000007,SERVIÇOS POSTAIS,,CORREIOS - ENCOMENDA PAC,RSP : 2302501,,,205.51,0,205.51,
56,2020-01-10 00:00:00,1723998,204415,0,512,3245,2019,2020,0,0,1,0,0,999,PSL,RS,Nereu Crispim,02012862000160,Emissão Bilhete Aéreo,,Cia Aérea - TAM,Bilhete: 957-2122.351902,Nereu Crispim,POA/BSB,485.03,0,485.03,
56,2020-01-10 00:00:00,1723999,204415,0,512,3245,2019,2020,0,0,1,0,0,999,PSL,RS,Nereu Crispim,02012862000160,Emissão Bilhete Aéreo,,Cia Aérea - TAM,Bilhete: 957-2122.351927,Nereu Crispim,BSB/POA,483.57,0,483.57,
56,2020-01-10 00:00:00,1724000,204415,0,512,3245,2019,2020,0,0,1,0,0,999,PSL,RS,Nereu Crispim,02012862000160,Emissão Bilhete Aéreo,,Cia Aérea - TAM,Bilhete: 957-2122.351943,Nereu Crispim,POA/BSB,649.03,0,649.03,
56,2020-01-10 00:00:00,1724001,204415,0,512,3245,2019,2020,0,0,1,0,0,999,PSL,RS,Nereu Crispim,02012862000160,Emissão Bilhete Aéreo,,Cia Aérea - TAM,Bilhete: 957-2122.351964,Nereu Crispim,BSB/POA,483.57,0,483.57,
56,2020-01-10 00:00:00,1724013,204415,0,512,3245,2019,2020,0,0,1,0,0,999,PSL,RS,Nereu Crispim,02012862000160,Emissão Bilhete Aéreo,,Cia Aérea - TAM,Bilhete: 957-2122.369314,Nereu Crispim,BSB/POA,983.57,0,983.57,
56,2020-01-10 00:00:00,1724014,204415,0,512,3245,2019,2020,0,0,1,0,0,999,PSL,RS,Nereu Crispim,02012862000160,Emissão Bilhete Aéreo,,Cia Aérea - TAM,Bilhete: 957-2122.369387,Nereu Crispim,POA/BSB,485.03,0,485.03,
56,2020-01-03 16:15:53,0,204416,1,517,3418,2019,2020,0,0,1,0,0,11,PSL,RS,Sanderson,00000000000007,SERVIÇOS POSTAIS,,CORREIOS - CARTA COMERCIAL,RSP : 2297436,,,68.25,0,68.25,
56,2020-02-17 19:15:24,0,204416,1,517,3418,2019,2020,0,0,2,0,0,11,PSL,RS,Sanderson,00000000000007,SERVIÇOS POSTAIS,,CORREIOS - CARTA COMERCIAL,RSP : 2300595,,,28.55,0,28.55,
56,2020-02-07 17:04:00,0,204416,1,517,3418,2019,2020,0,0,2,0,0,11,PSL,RS,Sanderson,00000000000007,SERVIÇOS POSTAIS,,CORREIOS - CARTA REGISTRADA COM AR,RSP : 2300023,,,15.55,0,15.55,
56,2020-01-16 16:25:25,0,204416,1,517,3418,2019,2020,0,0,1,0,0,11,PSL,RS,Sanderson,00000000000007,SERVIÇOS POSTAIS,,CORREIOS - SEDEX 10,RSP : 2297972,,,103.6,0,103.6,
56,2020-02-12 10:27:25,0,204416,1,517,3418,2019,2020,0,0,2,0,0,11,PSL,RS,Sanderson,00000000000007,SERVIÇOS POSTAIS,,CORREIOS - SEDEX 10,RSP : 2300248,,,95,0,95,
56,2020-03-10 09:33:41,0,204416,1,517,3418,2019,2020,0,0,3,0,0,11,PSL,RS,Sanderson,00000000000007,SERVIÇOS POSTAIS,,CORREIOS - SEDEX CONVENCIONAL,RSP : 2303965,,,100.9,0,100.9,
56,2020-02-17 14:23:10,0,205863,1,526,3439,2019,2020,0,0,2,0,0,11,PSL,RS,Marcelo Brum,00000000000007,SERVIÇOS POSTAIS,,CORREIOS - ENVELOPE BÁSICO/CONVENCIONAL - PLÁSTICO/BOLHA,RSP : 2300675,,,4.8,0,4.8,
56,2020-01-20 16:44:15,0,205863,1,526,3439,2019,2020,0,0,1,0,0,11,PSL,RS,Marcelo Brum,00000000000007,SERVIÇOS POSTAIS,,CORREIOS - SEDEX CONVENCIONAL,RSP : 2298074,,,173.55,0,173.55,
56,2020-01-20 16:44:49,0,205863,1,526,3439,2019,2020,0,0,1,0,0,11,PSL,RS,Marcelo Brum,00000000000007,SERVIÇOS POSTAIS,,CORREIOS - SEDEX CONVENCIONAL,RSP : 2298075,,,173.55,0,173.55,
56,2020-01-21 17:43:21,0,205863,1,526,3439,2019,2020,0,0,1,0,0,11,PSL,RS,Marcelo Brum,00000000000007,SERVIÇOS POSTAIS,,CORREIOS - SEDEX CONVENCIONAL,RSP : 2298146,,,70.97,0,70.97,
56,2020-01-22 14:14:33,0,205863,1,526,3439,2019,2020,0,0,1,0,0,11,PSL,RS,Marcelo Brum,00000000000007,SERVIÇOS POSTAIS,,CORREIOS - SEDEX CONVENCIONAL,RSP : 2298150,,,70.97,0,70.97,
