56,2020-03-04 14:34:00,0,73701,1,291,188,2019,2020,0,0,3,0,0,11,PT,RJ,Benedita da Silva,00000000000007,SERVIÇOS POSTAIS,,CORREIOS - CARTA COMERCIAL,RSP : 2302580,,,601.25,0,601.25,
56,2020-03-02 11:58:36,0,73701,1,291,188,2019,2020,0,0,3,0,0,11,PT,RJ,Benedita da Silva,00000000000007,SERVIÇOS POSTAIS,,CORREIOS - ENCOMENDA PAC,RSP : 2302338,,,36.01,0,36.01,
56,2020-03-12 12:07:16,0,73701,1,291,188,2019,2020,0,0,3,0,0,11,PT,RJ,Benedita da Silva,00000000000007,SERVIÇOS POSTAIS,,CORREIOS - SEDEX CONVENCIONAL,RSP : 2304208,,,40.26,0,40.26,
56,2020-01-21 00:00:00,1724104,73701,0,291,188,2019,2020,0,0,1,0,0,999,PT,RJ,Benedita da Silva,02012862000160,Emissão Bilhete Aéreo,,Cia Aérea - TAM,Bilhete: 957-1532.571995,CICERA MORAIS,REC/BSB,20,0,20,
56,2020-01-21 00:00:00,1724465,73701,0,291,188,2019,2020,0,0,1,0,0,999,PT,RJ,Benedita da Silva,02012862000160,Emissão Bilhete Aéreo,,Cia Aérea - TAM,Bilhete: 957-2123.507818,CICERA MORAIS,REC/BSB,1487.85,0,1487.85,
56,2020-01-14 14:14:28,0,74693,1,322,1388,2019,2020,0,0,1,0,0,11,DEM,RJ,Rodrigo Maia,00000000000007,SERVIÇOS POSTAIS,,CORREIOS - SEDEX 10,RSP : 2297827,,,100,0,100,
56,2020-01-30 10:27:48,0,74848,1,305,733,2019,2020,0,0,1,0,0,11,PCdoB,RJ,Jandira Feghali,00000000000007,SERVIÇOS POSTAIS,,CORREIOS - SEDEX CONVENCIONAL,RSP : 2299524,,,342.29,0,342.29,
56,2020-02-04 17:10:58,0,74848,1,305,733,2019,2020,0,0,2,0,0,11,PCdoB,RJ,Jandira Feghali,00000000000007,SERVIÇOS POSTAIS,,CORREIOS - SEDEX CONVENCIONAL,RSP : 2299742,,,524.88,0,524.88,
56,2020-02-11 13:25:48,0,74848,1,305,733,2019,2020,0,0,2,0,0,11,PCdoB,RJ,Jandira Feghali,00000000000007,SERVIÇOS POSTAIS,,CORREIOS - SEDEX CONVENCIONAL,RSP : 2300167,,,234.76,0,234.76,
56,2020-02-19 13:16:05,0,74848,1,305,733,2019,2020,0,0,2,0,0,11,PCdoB,RJ,Jandira Feghali,00000000000007,SERVIÇOS POSTAIS,,CORREIOS - SEDEX CONVENCIONAL,RSP : 2301898,,,45.59,0,45.59,
56,2020-01-13 00:00:00,1724049,76874,0,315,3222,2019,2020,0,0,1,0,0,999,PSOL,RJ,Marcelo Freixo,02012862000160,Emissão Bilhete Aéreo,,Cia Aérea - TAM,Bilhete: 957-2122.661982,Marcelo Freixo,BSB/SDU,519.57,0,519.57,
56,2020-01-13 00:00:00,1724050,76874,0,315,3222,2019,2020,0,0,1,0,0,999,PSOL,RJ,Marcelo Freixo,02012862000160,Emissão Bilhete Aéreo,,Cia Aérea - TAM,Bilhete: 957-2122.662779,Marcelo Freixo,BSB/SDU,700.57,0,700.57,
56,2020-01-13 00:00:00,1724051,76874,0,315,3222,2019,2020,0,0,1,0,0,999,PSOL,RJ,Marcelo Freixo,02012862000160,Emissão Bilhete Aéreo,,Cia Aérea - TAM,Bilhete: 957-2122.662807,Marcelo Freixo,BSB/SDU,354.57,0,354.57,
56,2020-01-18 00:00:00,1724361,76874,0,315,3222,2019,2020,0,0,1,0,0,999,PSOL,RJ,Marcelo Freixo,02012862000160,Emissão Bilhete Aéreo,,Cia Aérea - TAM,Bilhete: 957-2123.257660,DIEGO CARMONA SCARDONE,BSB/SDU,164.67,0,164.67,
56,2020-02-14 12:04:11,0,115746,1,301,3311,2019,2020,0,0,2,0,0,11,PL,RJ,Gelson Azevedo,00000000000007,SERVIÇOS POSTAIS,,CORREIOS - ENCOMENDA PAC,RSP : 2300153,,,42.41,0,42.41,
56,2020-02-04 18:17:46,0,115746,1,301,3311,2019,2020,0,0,2,0,0,11,PL,RJ,Gelson Azevedo,00000000000007,SERVIÇOS POSTAIS,,CORREIOS - SEDEX CONVENCIONAL COM AR,RSP : 2299727,,,41.81,0,41.81,
56,2020-01-07 00:00:00,1723804,115746,0,301,3311,2019,2020,0,0,1,0,0,999,PL,RJ,Gelson Azevedo,02012862000160,Emissão Bilhete Aéreo,,Cia Aérea - TAM,Bilhete: 957-2121.950130,Gelson Azevedo,SDU/BSB,567.85,0,567.85,
56,2020-01-07 00:00:00,1723805,115746,0,301,3311,2019,2020,0,0,1,0,0,999,PL,RJ,Gelson Azevedo,02012862000160,Emissão Bilhete Aéreo,,Cia Aérea - TAM,Bilhete: 957-2121.950819,Gelson Azevedo,BSB/GIG,350.57,0,350.57,
56,2020-01-07 00:00:00,1723806,115746,0,301,3311,2019,2020,0,0,1,0,0,999,PL,RJ,Gelson Azevedo,02012862000160,Emissão Bilhete Aéreo,,Cia Aérea - TAM,Bilhete: 957-2121.951516,Gelson Azevedo,BSB/SDU,354.57,0,354.57,
56,2020-01-07 00:00:00,1723807,115746,0,301,3311,2019,2020,0,0,1,0,0,999,PL,RJ,Gelson Azevedo,02012862000160,Emissão Bilhete Aéreo,,Cia Aérea - TAM,Bilhete: 957-2121.952383,Gelson Azevedo,SDU/BSB,386.85,0,386.85,
56,2020-01-07 00:00:00,1723808,115746,0,301,3311,2019,2020,0,0,1,0,0,999,PL,RJ,Gelson Azevedo,02012862000160,Emissão Bilhete Aéreo,,Cia Aérea - TAM,Bilhete: 957-2121.953133,Gelson Azevedo,BSB/SDU,354.57,0,354.57,
56,2020-01-07 00:00:00,1723810,115746,0,301,3311,2019,2020,0,0,1,0,0,999,PL,RJ,Gelson Azevedo,02012862000160,Emissão Bilhete Aéreo,,Cia Aérea - TAM,Bilhete: 957-2121.953992,Gelson Azevedo,SDU/BSB,702.85,0,702.85,
56,2020-01-07 00:00:00,1723811,115746,0,301,3311,2019,2020,0,0,1,0,0,999,PL,RJ,Gelson Azevedo,02012862000160,Emissão Bilhete Aéreo,,Cia Aérea - TAM,Bilhete: 957-2121.955461,Gelson Azevedo,BSB/SDU,700.57,0,700.57,
56,2020-01-07 00:00:00,1723812,115746,0,301,3311,2019,2020,0,0,1,0,0,999,PL,RJ,Gelson Azevedo,02012862000160,Emissão Bilhete Aéreo,,Cia Aérea - TAM,Bilhete: 957-2121.958124,Gelson Azevedo,SDU/BSB,509.85,0,509.85,
56,2020-01-07 00:00:00,1723813,115746,0,301,3311,2019,2020,0,0,1,0,0,999,PL,RJ,Gelson Azevedo,02012862000160,Emissão Bilhete Aéreo,,Cia Aérea - TAM,Bilhete: 957-2121.959816,Gelson Azevedo,BSB/SDU,354.57,0,354.57,
56,2020-01-07 00:00:00,1723815,115746,0,301,3311,2019,2020,0,0,1,0,0,999,PL,RJ,Gelson Azevedo,02012862000160,Emissão Bilhete Aéreo,,Cia Aérea - TAM,Bilhete: 957-2121.960644,Gelson Azevedo,SDU/BSB,356.85,0,356.85,
56,2020-01-07 00:00:00,1723818,115746,0,301,3311,2019,2020,0,0,1,0,0,999,PL,RJ,Gelson Azevedo,02012862000160,Emissão Bilhete Aéreo,,Cia Aérea - TAM,Bilhete: 957-2121.961874,Gelson Azevedo,BSB/SDU,405.57,0,405.57,
56,2020-01-07 00:00:00,1723827,115746,0,301,3311,2019,2020,0,0,1,0,0,999,PL,RJ,Gelson Azevedo,02012862000160,Emissão Bilhete Aéreo,,Cia Aérea - TAM,Bilhete: 957-2121.967288,Gelson Azevedo,SDU/BSB,281.85,0,281.85,
56,2020-01-07 00:00:00,1723830,115746,0,301,3311,2019,2020,0,0,1,0,0,999,PL,RJ,Gelson Azevedo,02012862000160,Emissão Bilhete Aéreo,,Cia Aérea - TAM,Bilhete: 957-2121.968833,Gelson Azevedo,BSB/SDU,405.57,0,405.57,
56,2020-01-07 00:00:00,1723832,115746,0,301,3311,2019,2020,0,0,1,0,0,999,PL,RJ,Gelson Azevedo,02012862000160,Emissão Bilhete Aéreo,,Cia Aérea - TAM,Bilhete: 957-2121.971109,Gelson Azevedo,SDU/BSB,281.85,0,281.85,
56,2020-01-07 00:00:00,1723834,115746,0,301,3311,2019,2020,0,0,1,0,0,999,PL,RJ,Gelson Azevedo,02012862000160,Emissão Bilhete Aéreo,,Cia Aérea - TAM,Bilhete: 957-2121.971915,Gelson Azevedo,BSB/SDU,354.57,0,354.57,
56,2020-01-07 00:00:00,1723836,115746,0,301,3311,2019,2020,0,0,1,0,0,999,PL,RJ,Gelson Azevedo,02012862000160,Emissão Bilhete Aéreo,,Cia Aérea - TAM,Bilhete: 957-2121.972809,Gelson Azevedo,SDU/BSB,281.85,0,281.85,
56,2020-01-08 00:00:00,1723917,115746,0,301,3311,2019,2020,0,0,1,0,0,999,PL,RJ,Gelson Azevedo,02012862000160,Emissão Bilhete Aéreo,,Cia Aérea - TAM,Bilhete: 957-2122.141882,Gelson Azevedo,SDU/BSB,407.85,0,407.85,
56,2020-01-08 00:00:00,1723918,115746,0,301,3311,2019,2020,0,0,1,0,0,999,PL,RJ,Gelson Azevedo,02012862000160,Emissão Bilhete Aéreo,,Cia Aérea - TAM,Bilhete: 957-2122.142691,Gelson Azevedo,BSB/SDU,700.57,0,700.57,
56,2020-01-08 00:00:00,1723925,115746,0,301,3311,2019,2020,0,0,1,0,0,999,PL,RJ,Gelson Azevedo,02012862000160,Emissão Bilhete Aéreo,,Cia Aérea - TAM,Bilhete: 957-2122.146775,Gelson Azevedo,SDU/BSB,281.85,0,281.85,
56,2020-01-08 00:00:00,1723927,115746,0,301,3311,2019,2020,0,0,1,0,0,999,PL,RJ,Gelson Azevedo,02012862000160,Emissão Bilhete Aéreo,,Cia Aérea - TAM,Bilhete: 957-2122.147235,Gelson Azevedo,BSB/SDU,354.57,0,354.57,
56,2020-01-08 00:00:00,1723928,115746,0,301,3311,2019,2020,0,0,1,0,0,999,PL,RJ,Gelson Azevedo,02012862000160,Emissão Bilhete Aéreo,,Cia Aérea - TAM,Bilhete: 957-2122.147249,Gelson Azevedo,SDU/BSB,509.85,0,509.85,
56,2020-01-08 00:00:00,1723930,115746,0,301,3311,2019,2020,0,0,1,0,0,999,PL,RJ,Gelson Azevedo,02012862000160,Emissão Bilhete Aéreo,,Cia Aérea - TAM,Bilhete: 957-2122.148005,Gelson Azevedo,SDU/BSB,281.85,0,281.85,
56,2020-01-08 00:00:00,1723931,115746,0,301,3311,2019,2020,0,0,1,0,0,999,PL,RJ,Gelson Azevedo,02012862000160,Emissão Bilhete Aéreo,,Cia Aérea - TAM,Bilhete: 957-2122.148044,Gelson Azevedo,BSB/SDU,354.57,0,354.57,
56,2020-01-09 00:00:00,1723961,115746,0,301,3311,2019,2020,0,0,1,0,0,999,PL,RJ,Gelson Azevedo,02012862000160,Emissão Bilhete Aéreo,,Cia Aérea - TAM,Bilhete: 957-2122.257386,Gelson Azevedo,SDU/BSB,281.85,0,281.85,
56,2020-01-09 00:00:00,1723966,115746,0,301,3311,2019,2020,0,0,1,0,0,999,PL,RJ,Gelson Azevedo,02012862000160,Emissão Bilhete Aéreo,,Cia Aérea - TAM,Bilhete: 957-2122.260721,Gelson Azevedo,BSB/SDU,354.57,0,354.57,
56,2020-01-09 00:00:00,1723974,115746,0,301,3311,2019,2020,0,0,1,0,0,999,PL,RJ,Gelson Azevedo,02012862000160,Emissão Bilhete Aéreo,,Cia Aérea - TAM,Bilhete: 957-2122.262352,Gelson Azevedo,SDU/BSB,281.85,0,281.85,
56,2020-01-09 00:00:00,1724122,115746,0,301,3311,2019,2020,0,0,1,0,0,999,PL,RJ,Gelson Azevedo,02012862000160,Emissão Bilhete Aéreo,,Cia Aérea - TAM,Bilhete: 957-2122.262921,Gelson Azevedo,BSB/SDU,354.57,0,354.57,
56,2020-01-09 00:00:00,1723979,115746,0,301,3311,2019,2020,0,0,1,0,0,999,PL,RJ,Gelson Azevedo,02012862000160,Emissão Bilhete Aéreo,,Cia Aérea - TAM,Bilhete: 957-2122.263756,Gelson Azevedo,SDU/BSB,281.85,0,281.85,
56,2020-01-09 00:00:00,1723982,115746,0,301,3311,2019,2020,0,0,1,0,0,999,PL,RJ,Gelson Azevedo,02012862000160,Emissão Bilhete Aéreo,,Cia Aérea - TAM,Bilhete: 957-2122.266085,Gelson Azevedo,BSB/SDU,279.57,0,279.57,
56,2020-01-09 00:00:00,1723986,115746,0,301,3311,2019,2020,0,0,1,0,0,999,PL,RJ,Gelson Azevedo,02012862000160,Emissão Bilhete Aéreo,,Cia Aérea - TAM,Bilhete: 957-2122.267968,Gelson Azevedo,SDU/BSB,281.85,0,281.85,
56,2020-01-09 00:00:00,1723987,115746,0,301,3311,2019,2020,0,0,1,0,0,999,PL,RJ,Gelson Azevedo,02012862000160,Emissão Bilhete Aéreo,,Cia Aérea - TAM,Bilhete: 957-2122.269408,Gelson Azevedo,BSB/SDU,279.57,0,279.57,
56,2020-01-09 00:00:00,1723988,115746,0,301,3311,2019,2020,0,0,1,0,0,999,PL,RJ,Gelson Azevedo,02012862000160,Emissão Bilhete Aéreo,,Cia Aérea - TAM,Bilhete: 957-2122.269500,Gelson Azevedo,BSB/SDU,799.57,0,799.57,
56,2020-01-09 00:00:00,1723990,115746,0,301,3311,2019,2020,0,0,1,0,0,999,PL,RJ,Gelson Azevedo,02012862000160,Emissão Bilhete Aéreo,,Cia Aérea - TAM,Bilhete: 957-2122.272033,Gelson Azevedo,BSB/SDU,799.57,0,799.57,
56,2020-01-09 00:00:00,1723991,115746,0,301,3311,2019,2020,0,0,1,0,0,999,PL,RJ,Gelson Azevedo,02012862000160,Emissão Bilhete Aéreo,,Cia Aérea - TAM,Bilhete: 957-2122.273128,Gelson Azevedo,SDU/BSB,407.85,0,407.85,
56,2020-01-14 00:00:00,1724127,115746,0,301,3311,2019,2020,0,0,1,0,0,999,PL,RJ,Gelson Azevedo,02012862000160,Emissão Bilhete Aéreo,,Cia Aérea - TAM,Bilhete: 957-2122.744618,Gelson Azevedo,SDU/BSB,521.85,0,521.85,
56,2020-01-14 00:00:00,1724128,115746,0,301,3311,2019,2020,0,0,1,0,0,999,PL,RJ,Gelson Azevedo,02012862000160,Emissão Bilhete Aéreo,,Cia Aérea - TAM,Bilhete: 957-2122.744700,Gelson Azevedo,BSB/SDU,1070.57,0,1070.57,
56,2020-01-14 00:00:00,1724131,115746,0,301,3311,2019,2020,0,0,1,0,0,999,PL,RJ,Gelson Azevedo,02012862000160,Emissão Bilhete Aéreo,,Cia Aérea - TAM,Bilhete: 957-2122.745669,Gelson Azevedo,BSB/SDU,1070.57,0,1070.57,
56,2020-01-14 00:00:00,1724132,115746,0,301,3311,2019,2020,0,0,1,0,0,999,PL,RJ,Gelson Azevedo,02012862000160,Emissão Bilhete Aéreo,,Cia Aérea - TAM,Bilhete: 957-2122.746446,Gelson Azevedo,SDU/BSB,281.85,0,281.85,
56,2020-01-27 00:00:00,1724671,122158,0,314,2386,2019,2020,0,0,1,0,0,999,DEM,RJ,Pedro Paulo,02012862000160,Emissão Bilhete Aéreo,,Cia Aérea - TAM,Bilhete: 957-2124.089044,Pedro Paulo,SDU/CGH/SDU,1265.7,0,1265.7,
56,2020-01-21 00:00:00,0,141439,0,293,1799,2019,2020,0,0,1,0,0,10,PDT,RJ,Chico D'Angelo,00000000000001,TELEFONIA,,CELULAR FUNCIONAL,7022193,,,0.14,0,0.14,
56,2020-02-05 13:13:20,0,141439,1,293,1799,2019,2020,0,0,2,0,0,11,PDT,RJ,Chico D'Angelo,00000000000007,SERVIÇOS POSTAIS,,CORREIOS - CARTA REGISTRADA COM AR,RSP : 2299775,,,15.55,0,15.55,
56,2020-02-05 13:13:43,0,141439,1,293,1799,2019,2020,0,0,2,0,0,11,PDT,RJ,Chico D'Angelo,00000000000007,SERVIÇOS POSTAIS,,CORREIOS - SEDEX CONVENCIONAL,RSP : 2299773,,,40.14,0,40.14,
56,2020-03-05 17:14:50,0,141439,1,293,1799,2019,2020,0,0,3,0,0,11,PDT,RJ,Chico D'Angelo,00000000000007,SERVIÇOS POSTAIS,,CORREIOS - SEDEX CONVENCIONAL,RSP : 2303763,,,40.14,0,40.14,
56,2020-01-03 17:29:48,0,141450,1,306,1848,2019,2020,0,0,1,0,0,11,PSD,RJ,Hugo Leal,00000000000007,SERVIÇOS POSTAIS,,CORREIOS - CARTA COMERCIAL,RSP : 2297456,,,35.4,0,35.4,
56,2020-01-03 17:29:11,0,141450,1,306,1848,2019,2020,0,0,1,0,0,11,PSD,RJ,Hugo Leal,00000000000007,SERVIÇOS POSTAIS,,CORREIOS - SEDEX CONVENCIONAL,RSP : 2297457,,,59.8,0,59.8,
56,2020-01-20 00:00:00,1723564,141450,0,306,1848,2019,2020,0,0,1,0,0,999,PSD,RJ,Hugo Leal,09296295000160,Emissão Bilhete Aéreo,,Cia Aérea - AZUL,Bilhete: GHUGJQ,BRUNO MENEZES,BSB/SDU,551.57,0,551.57,
56,2020-01-20 00:00:00,1723565,141450,0,306,1848,2019,2020,0,0,1,0,0,999,PSD,RJ,Hugo Leal,09296295000160,Emissão Bilhete Aéreo,,Cia Aérea - AZUL,Bilhete: TKIVGK,Hugo Leal,BSB/SDU,547.57,0,547.57,
56,2020-01-20 00:00:00,1723566,141450,0,306,1848,2019,2020,0,0,1,0,0,999,PSD,RJ,Hugo Leal,09296295000160,Emissão Bilhete Aéreo,,Cia Aérea - AZUL,Bilhete: ZHNDJG,BRUNO MENEZES,SDU/BSB,933.85,0,933.85,
56,2020-02-05 11:42:59,0,160511,1,287,2240,2019,2020,0,0,2,0,0,11,PSB,RJ,Alessandro Molon,00000000000007,SERVIÇOS POSTAIS,,CORREIOS - SEDEX CONVENCIONAL,RSP : 2299770,,,25.32,0,25.32,
56,2020-02-05 17:17:41,0,160511,1,287,2240,2019,2020,0,0,2,0,0,11,PSB,RJ,Alessandro Molon,00000000000007,SERVIÇOS POSTAIS,,CORREIOS - SEDEX CONVENCIONAL,RSP : 2299872,,,52.16,0,52.16,
56,2020-02-19 10:44:44,0,160511,1,287,2240,2019,2020,0,0,2,0,0,11,PSB,RJ,Alessandro Molon,00000000000007,SERVIÇOS POSTAIS,,CORREIOS - SEDEX CONVENCIONAL,RSP : 2301846,,,8.91,0,8.91,
56,2020-03-09 13:31:01,0,160511,1,287,2240,2019,2020,0,0,3,0,0,11,PSB,RJ,Alessandro Molon,00000000000007,SERVIÇOS POSTAIS,,CORREIOS - SEDEX CONVENCIONAL,RSP : 2303894,,,26.54,0,26.54,
56,2020-01-21 00:00:00,1724461,160511,0,287,2240,2019,2020,0,0,1,0,0,999,PSB,RJ,Alessandro Molon,02012862000160,Emissão Bilhete Aéreo,,Cia Aérea - TAM,Bilhete: 957-2123.498158,Alessandro Molon,SDU/BSB/SDU,3445.52,0,3445.52,
56,2020-01-16 15:28:25,0,160512,1,290,2384,2019,2020,0,0,1,0,0,11,SOLIDARIEDADE,RJ,Aureo Ribeiro,00000000000007,SERVIÇOS POSTAIS,,CORREIOS - CARTA COMERCIAL,RSP : 2297966,,,32.4,0,32.4,
56,2020-01-22 14:12:19,0,160512,1,290,2384,2019,2020,0,0,1,0,0,11,SOLIDARIEDADE,RJ,Aureo Ribeiro,00000000000007,SERVIÇOS POSTAIS,,CORREIOS - CARTA COMERCIAL,RSP : 2298156,,,5.85,0,5.85,
56,2020-01-22 13:17:23,0,160512,1,290,2384,2019,2020,0,0,1,0,0,11,SOLIDARIEDADE,RJ,Aureo Ribeiro,00000000000007,SERVIÇOS POSTAIS,,CORREIOS - CARTA COMERCIAL,RSP : 2298164,,,13.65,0,13.65,
56,2020-01-23 18:03:31,0,160512,1,290,2384,2019,2020,0,0,1,0,0,11,SOLIDARIEDADE,RJ,Aureo Ribeiro,00000000000007,SERVIÇOS POSTAIS,,CORREIOS - CARTA COMERCIAL,RSP : 2298251,,,5.85,0,5.85,
56,2020-01-24 17:49:58,0,160512,1,290,2384,2019,2020,0,0,1,0,0,11,SOLIDARIEDADE,RJ,Aureo Ribeiro,00000000000007,SERVIÇOS POSTAIS,,CORREIOS - CARTA COMERCIAL,RSP : 2298283,,,1.95,0,1.95,
56,2020-01-27 12:09:27,0,160512,1,290,2384,2019,2020,0,0,1,0,0,11,SOLIDARIEDADE,RJ,Aureo Ribeiro,00000000000007,SERVIÇOS POSTAIS,,CORREIOS - CARTA COMERCIAL,RSP : 2299336,,,2.7,0,2.7,
56,2020-01-31 13:16:11,0,160512,1,290,2384,2019,2020,0,0,1,0,0,11,SOLIDARIEDADE,RJ,Aureo Ribeiro,00000000000007,SERVIÇOS POSTAIS,,CORREIOS - CARTA COMERCIAL,RSP : 2299585,,,6.15,0,6.15,
56,2020-02-06 18:06:06,0,160512,1,290,2384,2019,2020,0,0,2,0,0,11,SOLIDARIEDADE,RJ,Aureo Ribeiro,00000000000007,SERVIÇOS POSTAIS,,CORREIOS - CARTA COMERCIAL,RSP : 2299977,,,51.25,0,51.25,
56,2020-02-10 13:21:56,0,160512,1,290,2384,2019,2020,0,0,2,0,0,11,SOLIDARIEDADE,RJ,Aureo Ribeiro,00000000000007,SERVIÇOS POSTAIS,,CORREIOS - CARTA COMERCIAL,RSP : 2300074,,,4.1,0,4.1,
56,2020-02-13 11:57:45,0,160512,1,290,2384,2019,2020,0,0,2,0,0,11,SOLIDARIEDADE,RJ,Aureo Ribeiro,00000000000007,SERVIÇOS POSTAIS,,CORREIOS - CARTA COMERCIAL,RSP : 2300366,,,19.95,0,19.95,
56,2020-02-14 11:46:19,0,160512,1,290,2384,2019,2020,0,0,2,0,0,11,SOLIDARIEDADE,RJ,Aureo Ribeiro,00000000000007,SERVIÇOS POSTAIS,,CORREIOS - CARTA COMERCIAL,RSP : 2300467,,,11.4,0,11.4,
56,2020-02-18 12:36:06,0,160512,1,290,2384,2019,2020,0,0,2,0,0,11,SOLIDARIEDADE,RJ,Aureo Ribeiro,00000000000007,SERVIÇOS POSTAIS,,CORREIOS - CARTA COMERCIAL,RSP : 2301702,,,5.7,0,5.7,
56,2020-02-21 13:25:41,0,160512,1,290,2384,2019,2020,0,0,2,0,0,11,SOLIDARIEDADE,RJ,Aureo Ribeiro,00000000000007,SERVIÇOS POSTAIS,,CORREIOS - CARTA COMERCIAL,RSP : 2302127,,,26.75,0,26.75,
56,2020-03-09 10:49:37,0,160512,1,290,2384,2019,2020,0,0,3,0,0,11,SOLIDARIEDADE,RJ,Aureo Ribeiro,00000000000007,SERVIÇOS POSTAIS,,CORREIOS - CARTA COMERCIAL,RSP : 2303869,,,17.1,0,17.1,
56,2020-01-17 13:38:50,0,160512,1,290,2384,2019,2020,0,0,1,0,0,11,SOLIDARIEDADE,RJ,Aureo Ribeiro,00000000000007,SERVIÇOS POSTAIS,,CORREIOS - CARTA REGISTRADA,RSP : 2298005,,,25.35,0,25.35,
56,2020-02-28 12:17:20,0,160512,1,290,2384,2019,2020,0,0,2,0,0,11,SOLIDARIEDADE,RJ,Aureo Ribeiro,00000000000007,SERVIÇOS POSTAIS,,CORREIOS - CARTA REGISTRADA,RSP : 2302309,,,55.2,0,55.2,
56,2020-01-22 00:00:00,1724491,160512,0,290,2384,2019,2020,0,0,1,0,0,999,SOLIDARIEDADE,RJ,Aureo Ribeiro,02012862000160,Emissão Bilhete Aéreo,,Cia Aérea - TAM,Bilhete: 957-2123.604815,NOELI BECKER,BSB/GIG/BSB,1412.32,0,1412.32,
56,2020-01-22 00:00:00,1724530,160512,0,290,2384,2019,2020,0,0,1,0,0,999,SOLIDARIEDADE,RJ,Aureo Ribeiro,02012862000160,Emissão Bilhete Aéreo,,Cia Aérea - TAM,Bilhete: 957-2123.656274,NOELI BECKER,BSB/GIG/BSB,508,0,508,
56,2020-02-05 14:19:14,0,178833,1,284,3070,2019,2020,0,0,2,0,0,11,PSD,RJ,Alexandre Serfiotis,00000000000007,SERVIÇOS POSTAIS,,CORREIOS - CAIXA DE ENCOMENDAS BÁSICA/CONVENCIONAL,RSP : 2299814,,,4.3,0,4.3,
56,2020-02-27 12:36:12,0,178833,1,284,3070,2019,2020,0,0,2,0,0,11,PSD,RJ,Alexandre Serfiotis,00000000000007,SERVIÇOS POSTAIS,,CORREIOS - ENCOMENDA PAC,RSP : 2302221,,,101.22,0,101.22,
56,2020-02-27 12:36:51,0,178833,1,284,3070,2019,2020,0,0,2,0,0,11,PSD,RJ,Alexandre Serfiotis,00000000000007,SERVIÇOS POSTAIS,,CORREIOS - SEDEX CONVENCIONAL,RSP : 2302222,,,129.54,0,129.54,
56,2020-02-05 14:22:15,0,178833,1,284,3070,2019,2020,0,0,2,0,0,11,PSD,RJ,Alexandre Serfiotis,00000000000007,SERVIÇOS POSTAIS,,CORREIOS - SEDEX CONVENCIONAL COM AR,RSP : 2299828,,,46.49,0,46.49,
56,2020-02-18 10:22:04,0,178833,1,284,3070,2019,2020,0,0,2,0,0,11,PSD,RJ,Alexandre Serfiotis,00000000000007,SERVIÇOS POSTAIS,,CORREIOS - SEDEX CONVENCIONAL COM AR,RSP : 2301719,,,100.06,0,100.06,
56,2020-01-14 00:00:00,1724134,178939,0,294,3036,2019,2020,0,0,1,0,0,999,PROS,RJ,Clarissa Garotinho,02012862000160,Emissão Bilhete Aéreo,,Cia Aérea - TAM,Bilhete: 957-2122.749299,Clarissa Garotinho,SDU/BSB,857.85,0,857.85,
56,2020-01-14 00:00:00,1724135,178939,0,294,3036,2019,2020,0,0,1,0,0,999,PROS,RJ,Clarissa Garotinho,02012862000160,Emissão Bilhete Aéreo,,Cia Aérea - TAM,Bilhete: 957-2122.749300,DANIEL GODOY LEITE,SDU/BSB,857.85,0,857.85,
56,2020-01-14 00:00:00,1724136,178939,0,294,3036,2019,2020,0,0,1,0,0,999,PROS,RJ,Clarissa Garotinho,02012862000160,Emissão Bilhete Aéreo,,Cia Aérea - TAM,Bilhete: 957-2122.749301,ADRIANA PORTO DE OLIVEIRA,SDU/BSB,857.85,0,857.85,
56,2020-01-14 00:00:00,1724137,178939,0,294,3036,2019,2020,0,0,1,0,0,999,PROS,RJ,Clarissa Garotinho,02012862000160,Emissão Bilhete Aéreo,,Cia Aérea - TAM,Bilhete: 957-2122.750818,Clarissa Garotinho,BSB/SDU,519.57,0,519.57,
56,2020-01-14 00:00:00,1724138,178939,0,294,3036,2019,2020,0,0,1,0,0,999,PROS,RJ,Clarissa Garotinho,02012862000160,Emissão Bilhete Aéreo,,Cia Aérea - TAM,Bilhete: 957-2122.750819,DANIEL GODOY LEITE,BSB/SDU,519.57,0,519.57,
56,2020-01-14 00:00:00,1724139,178939,0,294,3036,2019,2020,0,0,1,0,0,999,PROS,RJ,Clarissa Garotinho,02012862000160,Emissão Bilhete Aéreo,,Cia Aérea - TAM,Bilhete: 957-2122.750820,ADRIANA PORTO DE OLIVEIRA,BSB/SDU,519.57,0,519.57,
56,2020-01-14 00:00:00,1724140,178939,0,294,3036,2019,2020,0,0,1,0,0,999,PROS,RJ,Clarissa Garotinho,02012862000160,Emissão Bilhete Aéreo,,Cia Aérea - TAM,Bilhete: 957-2122.753425,Clarissa Garotinho,SDU/BSB,356.85,0,356.85,
56,2020-01-14 00:00:00,1724141,178939,0,294,3036,2019,2020,0,0,1,0,0,999,PROS,RJ,Clarissa Garotinho,02012862000160,Emissão Bilhete Aéreo,,Cia Aérea - TAM,Bilhete: 957-2122.753426,DANIEL GODOY LEITE,SDU/BSB,356.85,0,356.85,
56,2020-01-14 00:00:00,1724142,178939,0,294,3036,2019,2020,0,0,1,0,0,999,PROS,RJ,Clarissa Garotinho,02012862000160,Emissão Bilhete Aéreo,,Cia Aérea - TAM,Bilhete: 957-2122.753427,ADRIANA PORTO DE OLIVEIRA,SDU/BSB,356.85,0,356.85,
56,2020-01-14 00:00:00,1724145,178939,0,294,3036,2019,2020,0,0,1,0,0,999,PROS,RJ,Clarissa Garotinho,02012862000160,Emissão Bilhete Aéreo,,Cia Aérea - TAM,Bilhete: 957-2122.756463,Clarissa Garotinho,BSB/SDU,354.57,0,354.57,
56,2020-01-14 00:00:00,1724146,178939,0,294,3036,2019,2020,0,0,1,0,0,999,PROS,RJ,Clarissa Garotinho,02012862000160,Emissão Bilhete Aéreo,,Cia Aérea - TAM,Bilhete: 957-2122.756464,DANIEL GODOY LEITE,BSB/SDU,354.57,0,354.57,
56,2020-01-14 00:00:00,1724147,178939,0,294,3036,2019,2020,0,0,1,0,0,999,PROS,RJ,Clarissa Garotinho,02012862000160,Emissão Bilhete Aéreo,,Cia Aérea - TAM,Bilhete: 957-2122.756465,ADRIANA PORTO DE OLIVEIRA,BSB/SDU,354.57,0,354.57,
56,2020-01-14 00:00:00,1724148,178939,0,294,3036,2019,2020,0,0,1,0,0,999,PROS,RJ,Clarissa Garotinho,02012862000160,Emissão Bilhete Aéreo,,Cia Aérea - TAM,Bilhete: 957-2122.759313,Clarissa Garotinho,SDU/BSB,356.85,0,356.85,
56,2020-01-14 00:00:00,1724149,178939,0,294,3036,2019,2020,0,0,1,0,0,999,PROS,RJ,Clarissa Garotinho,02012862000160,Emissão Bilhete Aéreo,,Cia Aérea - TAM,Bilhete: 957-2122.759314,DANIEL GODOY LEITE,SDU/BSB,356.85,0,356.85,
56,2020-01-14 00:00:00,1724150,178939,0,294,3036,2019,2020,0,0,1,0,0,999,PROS,RJ,Clarissa Garotinho,02012862000160,Emissão Bilhete Aéreo,,Cia Aérea - TAM,Bilhete: 957-2122.759315,ADRIANA PORTO DE OLIVEIRA,SDU/BSB,356.85,0,356.85,
56,2020-01-14 00:00:00,1724151,178939,0,294,3036,2019,2020,0,0,1,0,0,999,PROS,RJ,Clarissa Garotinho,02012862000160,Emissão Bilhete Aéreo,,Cia Aérea - TAM,Bilhete: 957-2122.760888,Clarissa Garotinho,BSB/SDU,700.57,0,700.57,
56,2020-01-14 00:00:00,1724152,178939,0,294,3036,2019,2020,0,0,1,0,0,999,PROS,RJ,Clarissa Garotinho,02012862000160,Emissão Bilhete Aéreo,,Cia Aérea - TAM,Bilhete: 957-2122.760889,DANIEL GODOY LEITE,BSB/SDU,700.57,0,700.57,
56,2020-01-14 00:00:00,1724153,178939,0,294,3036,2019,2020,0,0,1,0,0,999,PROS,RJ,Clarissa Garotinho,02012862000160,Emissão Bilhete Aéreo,,Cia Aérea - TAM,Bilhete: 957-2122.760890,ADRIANA PORTO DE OLIVEIRA,BSB/SDU,700.57,0,700.57,
56,2020-01-14 00:00:00,1724154,178939,0,294,3036,2019,2020,0,0,1,0,0,999,PROS,RJ,Clarissa Garotinho,02012862000160,Emissão Bilhete Aéreo,,Cia Aérea - TAM,Bilhete: 957-2122.763002,Clarissa Garotinho,SDU/BSB,509.85,0,509.85,
56,2020-01-14 00:00:00,1724155,178939,0,294,3036,2019,2020,0,0,1,0,0,999,PROS,RJ,Clarissa Garotinho,02012862000160,Emissão Bilhete Aéreo,,Cia Aérea - TAM,Bilhete: 957-2122.763003,DANIEL GODOY LEITE,SDU/BSB,509.85,0,509.85,
56,2020-01-14 00:00:00,1724156,178939,0,294,3036,2019,2020,0,0,1,0,0,999,PROS,RJ,Clarissa Garotinho,02012862000160,Emissão Bilhete Aéreo,,Cia Aérea - TAM,Bilhete: 957-2122.763004,ADRIANA PORTO DE OLIVEIRA,SDU/BSB,509.85,0,509.85,
56,2020-01-14 00:00:00,1724157,178939,0,294,3036,2019,2020,0,0,1,0,0,999,PROS,RJ,Clarissa Garotinho,02012862000160,Emissão Bilhete Aéreo,,Cia Aérea - TAM,Bilhete: 957-2122.763839,Clarissa Garotinho,BSB/SDU,354.57,0,354.57,
56,2020-01-14 00:00:00,1724158,178939,0,294,3036,2019,2020,0,0,1,0,0,999,PROS,RJ,Clarissa Garotinho,02012862000160,Emissão Bilhete Aéreo,,Cia Aérea - TAM,Bilhete: 957-2122.763840,DANIEL GODOY LEITE,BSB/SDU,354.57,0,354.57,
56,2020-01-14 00:00:00,1724159,178939,0,294,3036,2019,2020,0,0,1,0,0,999,PROS,RJ,Clarissa Garotinho,02012862000160,Emissão Bilhete Aéreo,,Cia Aérea - TAM,Bilhete: 957-2122.763841,ADRIANA PORTO DE OLIVEIRA,BSB/SDU,354.57,0,354.57,
56,2020-01-29 16:15:08,0,178946,1,328,2922,2019,2020,0,0,1,0,0,11,PL,RJ,Soraya Santos,00000000000007,SERVIÇOS POSTAIS,,CORREIOS - SEDEX 12,RSP : 2299500,,,66.3,0,66.3,
56,2020-02-06 12:47:21,0,178946,1,328,2922,2019,2020,0,0,2,0,0,11,PL,RJ,Soraya Santos,00000000000007,SERVIÇOS POSTAIS,,CORREIOS - SEDEX 12,RSP : 2299921,,,66.3,0,66.3,
56,2020-02-13 15:19:42,0,178946,1,328,2922,2019,2020,0,0,2,0,0,11,PL,RJ,Soraya Santos,00000000000007,SERVIÇOS POSTAIS,,CORREIOS - SEDEX 12,RSP : 2300393,,,95,0,95,
56,2020-03-02 16:27:14,0,178946,1,328,2922,2019,2020,0,0,3,0,0,11,PL,RJ,Soraya Santos,00000000000007,SERVIÇOS POSTAIS,,CORREIOS - SEDEX 12,RSP : 2301732,,,95,0,95,
56,2020-03-09 16:08:24,0,178946,1,328,2922,2019,2020,0,0,3,0,0,11,PL,RJ,Soraya Santos,00000000000007,SERVIÇOS POSTAIS,,CORREIOS - SEDEX 12,RSP : 2303923,,,93.9,0,93.9,
56,2020-01-14 15:38:35,0,178946,1,328,2922,2019,2020,0,0,1,0,0,11,PL,RJ,Soraya Santos,00000000000007,SERVIÇOS POSTAIS,,CORREIOS - SEDEX CONVENCIONAL,RSP : 2297834,,,72.36,0,72.36,
56,2020-01-16 15:29:05,0,178946,1,328,2922,2019,2020,0,0,1,0,0,11,PL,RJ,Soraya Santos,00000000000007,SERVIÇOS POSTAIS,,CORREIOS - SEDEX CONVENCIONAL,RSP : 2297964,,,51.26,0,51.26,
56,2020-01-27 14:42:03,0,178946,1,328,2922,2019,2020,0,0,1,0,0,11,PL,RJ,Soraya Santos,00000000000007,SERVIÇOS POSTAIS,,CORREIOS - SEDEX CONVENCIONAL,RSP : 2299352,,,45.59,0,45.59,
56,2020-01-30 10:25:49,0,178946,1,328,2922,2019,2020,0,0,1,0,0,11,PL,RJ,Soraya Santos,00000000000007,SERVIÇOS POSTAIS,,CORREIOS - SEDEX CONVENCIONAL,RSP : 2299523,,,51.26,0,51.26,
56,2020-02-18 10:43:42,0,178946,1,328,2922,2019,2020,0,0,2,0,0,11,PL,RJ,Soraya Santos,00000000000007,SERVIÇOS POSTAIS,,CORREIOS - SEDEX CONVENCIONAL,RSP : 2301737,,,35.46,0,35.46,
56,2020-03-11 14:55:34,0,178946,1,328,2922,2019,2020,0,0,3,0,0,11,PL,RJ,Soraya Santos,00000000000007,SERVIÇOS POSTAIS,,CORREIOS - SEDEX CONVENCIONAL,RSP : 2304106,,,48.56,0,48.56,
56,2020-01-24 00:00:00,1724624,178946,0,328,2922,2019,2020,0,0,1,0,0,999,PL,RJ,Soraya Santos,02012862000160,Emissão Bilhete Aéreo,,Cia Aérea - TAM,Bilhete: 957-2123.872533,Soraya Santos,SDU/BSB,1615.85,0,1615.85,
56,2020-01-24 00:00:00,1724625,178946,0,328,2922,2019,2020,0,0,1,0,0,999,PL,RJ,Soraya Santos,02012862000160,Emissão Bilhete Aéreo,,Cia Aérea - TAM,Bilhete: 957-2123.873275,Soraya Santos,BSB/SDU,1613.57,0,1613.57,
56,2020-01-25 00:00:00,1724629,178946,0,328,2922,2019,2020,0,0,1,0,0,999,PL,RJ,Soraya Santos,02012862000160,Emissão Bilhete Aéreo,,Cia Aérea - TAM,Bilhete: 957-2123.950016,Soraya Santos,BSB/SDU,1267.57,0,1267.57,
56,2020-01-09 18:02:47,0,178947,1,329,2998,2019,2020,0,0,1,0,0,11,DEM,RJ,Sóstenes Cavalcante,00000000000007,SERVIÇOS POSTAIS,,CORREIOS - SEDEX CONVENCIONAL,RSP : 2297692,,,35.46,0,35.46,
56,2020-02-19 13:18:06,0,178947,1,329,2998,2019,2020,0,0,2,0,0,11,DEM,RJ,Sóstenes Cavalcante,00000000000007,SERVIÇOS POSTAIS,,CORREIOS - SEDEX CONVENCIONAL,RSP : 2301899,,,70.97,0,70.97,
56,2020-02-19 15:16:57,0,196358,1,309,3167,2019,2020,0,0,2,0,0,11,PSL,RJ,Lourival Gomes,00000000000007,SERVIÇOS POSTAIS,,CORREIOS - SEDEX CONVENCIONAL COM AR,RSP : 2301933,,,41.81,0,41.81,
56,2020-02-20 17:13:59,0,196358,1,309,3167,2019,2020,0,0,2,0,0,11,PSL,RJ,Lourival Gomes,00000000000007,SERVIÇOS POSTAIS,,CORREIOS - SEDEX CONVENCIONAL COM AR,RSP : 2302093,,,1345.45,0,1345.45,
56,2020-02-17 20:06:31,0,204433,1,313,3335,2019,2020,0,0,2,0,0,11,CIDADANIA,RJ,Marcelo Calero,00000000000007,SERVIÇOS POSTAIS,,CORREIOS - MALOTE,RSP : 2301701,,,347.01,0,347.01,
56,2020-03-09 10:25:00,0,204433,1,313,3335,2019,2020,0,0,3,0,0,11,CIDADANIA,RJ,Marcelo Calero,00000000000007,SERVIÇOS POSTAIS,,CORREIOS - MALOTE,RSP : 2303867,,,321.76,0,321.76,
56,2020-02-04 00:00:00,0,204440,0,292,3427,2019,2020,0,0,1,0,0,10,PP,RJ,Christino Aureo,00000000000001,TELEFONIA,,CELULAR FUNCIONAL,7022197,,,0.12,0,0.12,
56,2020-02-11 14:11:30,0,204440,1,292,3427,2019,2020,0,0,2,0,0,11,PP,RJ,Christino Aureo,00000000000007,SERVIÇOS POSTAIS,,CORREIOS - ENCOMENDA PAC,RSP : 2300147,,,52.79,0,52.79,
56,2020-01-13 17:19:09,0,204440,1,292,3427,2019,2020,0,0,1,0,0,11,PP,RJ,Christino Aureo,00000000000007,SERVIÇOS POSTAIS,,CORREIOS - SEDEX CONVENCIONAL,RSP : 2297773,,,35.46,0,35.46,
56,2020-02-11 17:33:10,0,204441,1,317,3246,2019,2020,0,0,2,0,0,11,PSC,RJ,Otoni de Paula,00000000000007,SERVIÇOS POSTAIS,,CORREIOS - CARTA REGISTRADA COM AR,RSP : 2300161,,,16.65,0,16.65,
56,2020-01-17 16:43:03,0,204442,1,321,3334,2019,2020,0,0,1,0,0,11,PSL,RJ,Gurgel,00000000000007,SERVIÇOS POSTAIS,,CORREIOS - SEDEX CONVENCIONAL,RSP : 2298020,,,35.46,0,35.46,
56,2020-01-06 00:00:00,1723766,204442,0,321,3334,2019,2020,0,0,1,0,0,999,PSL,RJ,Gurgel,02012862000160,Emissão Bilhete Aéreo,,Cia Aérea - TAM,Bilhete: 957-2121.829318,ROBERTO DE LIMA,SDU/BSB/SDU,491.42,0,491.42,
56,2020-01-06 00:00:00,1723767,204442,0,321,3334,2019,2020,0,0,1,0,0,999,PSL,RJ,Gurgel,02012862000160,Emissão Bilhete Aéreo,,Cia Aérea - TAM,Bilhete: 957-2121.829362,ROBERTO DE LIMA,SDU/BSB/SDU,479.42,0,479.42,
56,2020-01-06 00:00:00,1723769,204442,0,321,3334,2019,2020,0,0,1,0,0,999,PSL,RJ,Gurgel,02012862000160,Emissão Bilhete Aéreo,,Cia Aérea - TAM,Bilhete: 957-2121.829392,ROBERTO DE LIMA,SDU/BSB/SDU,651.42,0,651.42,
56,2020-01-06 00:00:00,1723771,204442,0,321,3334,2019,2020,0,0,1,0,0,999,PSL,RJ,Gurgel,02012862000160,Emissão Bilhete Aéreo,,Cia Aérea - TAM,Bilhete: 957-2121.830020,ROBERTO DE LIMA,SDU/BSB/SDU,574.42,0,574.42,
56,2020-01-06 00:00:00,1723772,204442,0,321,3334,2019,2020,0,0,1,0,0,999,PSL,RJ,Gurgel,02012862000160,Emissão Bilhete Aéreo,,Cia Aérea - TAM,Bilhete: 957-2121.830042,ROBERTO DE LIMA,SDU/BSB/SDU,449.42,0,449.42,
56,2020-01-06 00:00:00,1723773,204442,0,321,3334,2019,2020,0,0,1,0,0,999,PSL,RJ,Gurgel,02012862000160,Emissão Bilhete Aéreo,,Cia Aérea - TAM,Bilhete: 957-2121.830074,VANDERLAN MARTINS,SDU/BSB/SDU,681.42,0,681.42,
56,2020-01-06 00:00:00,1723774,204442,0,321,3334,2019,2020,0,0,1,0,0,999,PSL,RJ,Gurgel,02012862000160,Emissão Bilhete Aéreo,,Cia Aérea - TAM,Bilhete: 957-2121.830908,VANDERLAN MARTINS,SDU/BSB/SDU,479.42,0,479.42,
56,2020-01-06 00:00:00,1723775,204442,0,321,3334,2019,2020,0,0,1,0,0,999,PSL,RJ,Gurgel,02012862000160,Emissão Bilhete Aéreo,,Cia Aérea - TAM,Bilhete: 957-2121.830936,VANDERLAN MARTINS,SDU/BSB/SDU,849.42,0,849.42,
56,2020-01-06 00:00:00,1723776,204442,0,321,3334,2019,2020,0,0,1,0,0,999,PSL,RJ,Gurgel,02012862000160,Emissão Bilhete Aéreo,,Cia Aérea - TAM,Bilhete: 957-2121.830958,VANDERLAN MARTINS,SDU/BSB/SDU,604.42,0,604.42,
56,2020-01-06 00:00:00,1723777,204442,0,321,3334,2019,2020,0,0,1,0,0,999,PSL,RJ,Gurgel,02012862000160,Emissão Bilhete Aéreo,,Cia Aérea - TAM,Bilhete: 957-2121.830990,VANDERLAN MARTINS,SDU/BSB/SDU,479.42,0,479.42,
56,2020-01-07 00:00:00,1723814,204442,0,321,3334,2019,2020,0,0,1,0,0,999,PSL,RJ,Gurgel,02012862000160,Emissão Bilhete Aéreo,,Cia Aérea - TAM,Bilhete: 957-2121.960557,Gurgel,SDU/BSB,356.85,0,356.85,
56,2020-01-07 00:00:00,1723816,204442,0,321,3334,2019,2020,0,0,1,0,0,999,PSL,RJ,Gurgel,02012862000160,Emissão Bilhete Aéreo,,Cia Aérea - TAM,Bilhete: 957-2121.961327,Gurgel,BSB/SDU,354.57,0,354.57,
56,2020-01-07 00:00:00,1723817,204442,0,321,3334,2019,2020,0,0,1,0,0,999,PSL,RJ,Gurgel,02012862000160,Emissão Bilhete Aéreo,,Cia Aérea - TAM,Bilhete: 957-2121.961393,Gurgel,BSB/SDU,384.57,0,384.57,
56,2020-01-07 00:00:00,1723853,204442,0,321,3334,2019,2020,0,0,1,0,0,999,PSL,RJ,Gurgel,02012862000160,Emissão Bilhete Aéreo,,Cia Aérea - TAM,Bilhete: 957-2121.984281,Gurgel,SDU/BSB,356.85,0,356.85,
56,2020-01-07 00:00:00,1723854,204442,0,321,3334,2019,2020,0,0,1,0,0,999,PSL,RJ,Gurgel,02012862000160,Emissão Bilhete Aéreo,,Cia Aérea - TAM,Bilhete: 957-2121.985023,Gurgel,BSB/SDU,354.57,0,354.57,
56,2020-01-07 00:00:00,1723855,204442,0,321,3334,2019,2020,0,0,1,0,0,999,PSL,RJ,Gurgel,02012862000160,Emissão Bilhete Aéreo,,Cia Aérea - TAM,Bilhete: 957-2121.985061,Gurgel,BSB/SDU,281.57,0,281.57,
56,2020-01-07 00:00:00,1723856,204442,0,321,3334,2019,2020,0,0,1,0,0,999,PSL,RJ,Gurgel,02012862000160,Emissão Bilhete Aéreo,,Cia Aérea - TAM,Bilhete: 957-2121.985099,Gurgel,SDU/BSB,702.85,0,702.85,
56,2020-01-07 00:00:00,1723857,204442,0,321,3334,2019,2020,0,0,1,0,0,999,PSL,RJ,Gurgel,02012862000160,Emissão Bilhete Aéreo,,Cia Aérea - TAM,Bilhete: 957-2121.985936,Gurgel,BSB/SDU,700.57,0,700.57,
56,2020-01-07 00:00:00,1723860,204442,0,321,3334,2019,2020,0,0,1,0,0,999,PSL,RJ,Gurgel,02012862000160,Emissão Bilhete Aéreo,,Cia Aérea - TAM,Bilhete: 957-2121.988747,Gurgel,BSB/SDU,700.57,0,700.57,
56,2020-01-08 00:00:00,1723895,204442,0,321,3334,2019,2020,0,0,1,0,0,999,PSL,RJ,Gurgel,02012862000160,Emissão Bilhete Aéreo,,Cia Aérea - TAM,Bilhete: 957-2122.113447,VANDERLAN MARTINS,GIG/BSB/GIG,1591.32,0,1591.32,
56,2020-01-24 00:00:00,1724622,204442,0,321,3334,2019,2020,0,0,1,0,0,999,PSL,RJ,Gurgel,02012862000160,Emissão Bilhete Aéreo,,Cia Aérea - TAM,Bilhete: 957-2123.861939,Gurgel,SDU/BSB,1606,0,1606,
56,2020-01-16 13:18:14,0,204444,1,303,3344,2019,2020,0,0,1,0,0,11,PSL,RJ,Helio Lopes,00000000000007,SERVIÇOS POSTAIS,,CORREIOS - CARTA COMERCIAL,RSP : 2297838,,,132.75,0,132.75,
56,2020-02-18 16:27:38,0,204444,1,303,3344,2019,2020,0,0,2,0,0,11,PSL,RJ,Helio Lopes,00000000000007,SERVIÇOS POSTAIS,,CORREIOS - CARTA REGISTRADA COM AR,RSP : 2301824,,,233.25,0,233.25,
56,2020-02-19 15:33:17,0,204444,1,303,3344,2019,2020,0,0,2,0,0,11,PSL,RJ,Helio Lopes,00000000000007,SERVIÇOS POSTAIS,,CORREIOS - SEDEX CONVENCIONAL,RSP : 2301920,,,35.46,0,35.46,
56,2020-01-06 14:37:44,0,204444,1,303,3344,2019,2020,0,0,1,0,0,11,PSL,RJ,Helio Lopes,00000000000007,SERVIÇOS POSTAIS,,CORREIOS - SEDEX CONVENCIONAL COM AR,RSP : 2297498,,,41.21,0,41.21,
56,2020-01-17 00:00:00,1724344,204444,0,303,3344,2019,2020,0,0,1,0,0,999,PSL,RJ,Helio Lopes,02012862000160,Emissão Bilhete Aéreo,,Cia Aérea - TAM,Bilhete: 957-2123.119188,Helio Lopes,GIG/BSB,1226.75,0,1226.75,
56,2020-01-23 00:00:00,1724571,204444,0,303,3344,2019,2020,0,0,1,0,0,999,PSL,RJ,Helio Lopes,02012862000160,Emissão Bilhete Aéreo,,Cia Aérea - TAM,Bilhete: 957-2123.753316,Helio Lopes,BSB/SDU,1421.57,0,1421.57,
56,2020-01-23 00:00:00,1724577,204444,0,303,3344,2019,2020,0,0,1,0,0,999,PSL,RJ,Helio Lopes,02012862000160,Emissão Bilhete Aéreo,,Cia Aérea - TAM,Bilhete: 957-2123.754309,Helio Lopes,SDU/BSB,1164.85,0,1164.85,
56,2020-01-22 00:00:00,1724531,204446,0,320,3332,2019,2020,0,0,1,0,0,999,PSL,RJ,Professor Joziel,02012862000160,Emissão Bilhete Aéreo,,Cia Aérea - TAM,Bilhete: 957-2123.662691,CLAYTON MOTTA,GIG/BSB/GIG,1020.32,0,1020.32,
56,2020-01-13 16:53:25,0,204447,1,300,3379,2019,2020,0,0,1,0,0,11,PSD,RJ,Flordelis,00000000000007,SERVIÇOS POSTAIS,,CORREIOS - SEDEX 10,RSP : 2297765,,,66.3,0,66.3,
56,2020-01-13 16:52:42,0,204447,1,300,3379,2019,2020,0,0,1,0,0,11,PSD,RJ,Flordelis,00000000000007,SERVIÇOS POSTAIS,,CORREIOS - SEDEX 10,RSP : 2297769,,,66.28,0,66.28,
56,2020-01-15 17:46:04,0,204447,1,300,3379,2019,2020,0,0,1,0,0,11,PSD,RJ,Flordelis,00000000000007,SERVIÇOS POSTAIS,,CORREIOS - SEDEX 10,RSP : 2297926,,,66.3,0,66.3,
56,2020-01-08 17:43:50,0,204447,1,300,3379,2019,2020,0,0,1,0,0,11,PSD,RJ,Flordelis,00000000000007,SERVIÇOS POSTAIS,,CORREIOS - SEDEX CONVENCIONAL,RSP : 2297639,,,75.96,0,75.96,
56,2020-01-17 15:27:28,0,204447,1,300,3379,2019,2020,0,0,1,0,0,11,PSD,RJ,Flordelis,00000000000007,SERVIÇOS POSTAIS,,CORREIOS - SEDEX CONVENCIONAL,RSP : 2298013,,,35.46,0,35.46,
56,2020-01-06 13:10:19,0,204448,1,310,3377,2019,2020,0,0,1,0,0,11,PL,RJ,Luiz Antônio Corrêa,00000000000007,SERVIÇOS POSTAIS,,CORREIOS - SEDEX 10 COM AR,RSP : 2297478,,,1374.6,0,1374.6,
56,2020-02-19 16:34:46,0,204450,1,298,3254,2019,2020,0,0,2,0,0,11,PP,RJ,Dr. Luiz Antonio Teixeira Jr.,00000000000007,SERVIÇOS POSTAIS,,CORREIOS - ENCOMENDA PAC,RSP : 2301954,,,292.23,0,292.23,
56,2020-01-17 15:01:58,0,204450,1,298,3254,2019,2020,0,0,1,0,0,11,PP,RJ,Dr. Luiz Antonio Teixeira Jr.,00000000000007,SERVIÇOS POSTAIS,,CORREIOS - SEDEX 12,RSP : 2297998,,,66.3,0,66.3,
56,2020-02-13 18:20:06,0,204450,1,298,3254,2019,2020,0,0,2,0,0,11,PP,RJ,Dr. Luiz Antonio Teixeira Jr.,00000000000007,SERVIÇOS POSTAIS,,CORREIOS - SEDEX CONVENCIONAL,RSP : 2300422,,,35.46,0,35.46,
56,2020-02-05 15:14:46,0,204451,1,297,3374,2019,2020,0,0,2,0,0,11,PSL,RJ,Delegado Antônio Furtado,00000000000007,SERVIÇOS POSTAIS,,CORREIOS - SEDEX 10,RSP : 2299834,,,40.14,0,40.14,
56,2020-03-11 09:49:34,0,204451,1,297,3374,2019,2020,0,0,3,0,0,11,PSL,RJ,Delegado Antônio Furtado,00000000000007,SERVIÇOS POSTAIS,,CORREIOS - SEDEX CONVENCIONAL,RSP : 2304061,,,73,0,73,
56,2020-03-12 15:26:00,0,204452,1,316,3405,2019,2020,0,0,3,0,0,11,PSL,RJ,Márcio Labre,00000000000007,SERVIÇOS POSTAIS,,CORREIOS - SEDEX CONVENCIONAL COM AR,RSP : 2304248,,,46.61,0,46.61,
56,2020-01-14 00:00:00,1724219,204455,0,311,3264,2019,2020,0,0,1,0,0,999,PSL,RJ,Luiz Lima,02012862000160,Emissão Bilhete Aéreo,,Cia Aérea - TAM,Bilhete: 957-2122.787124,WELBERT DE ALMEIDA PEDRO,SDU/BSB/GIG,596.42,0,596.42,
56,2020-01-14 00:00:00,1724220,204455,0,311,3264,2019,2020,0,0,1,0,0,999,PSL,RJ,Luiz Lima,02012862000160,Emissão Bilhete Aéreo,,Cia Aérea - TAM,Bilhete: 957-2122.787197,WELBERT DE ALMEIDA PEDRO,BSB/GIG,419.57,0,419.57,
56,2020-01-14 00:00:00,1724222,204455,0,311,3264,2019,2020,0,0,1,0,0,999,PSL,RJ,Luiz Lima,02012862000160,Emissão Bilhete Aéreo,,Cia Aérea - TAM,Bilhete: 957-2122.787764,WELBERT DE ALMEIDA PEDRO,SDU/BSB/GIG,896.42,0,896.42,
56,2020-01-14 00:00:00,1724224,204455,0,311,3264,2019,2020,0,0,1,0,0,999,PSL,RJ,Luiz Lima,02012862000160,Emissão Bilhete Aéreo,,Cia Aérea - TAM,Bilhete: 957-2122.788365,PEDRO ALBER CAMPBELL ALQUERES,SDU/BSB/GIG,874.42,0,874.42,
56,2020-01-14 00:00:00,1724229,204455,0,311,3264,2019,2020,0,0,1,0,0,999,PSL,RJ,Luiz Lima,02012862000160,Emissão Bilhete Aéreo,,Cia Aérea - TAM,Bilhete: 957-2122.789321,PEDRO ALBER CAMPBELL ALQUERES,SDU/BSB/GIG,596.42,0,596.42,
56,2020-01-14 00:00:00,1724231,204455,0,311,3264,2019,2020,0,0,1,0,0,999,PSL,RJ,Luiz Lima,02012862000160,Emissão Bilhete Aéreo,,Cia Aérea - TAM,Bilhete: 957-2122.789382,PEDRO ALBER CAMPBELL ALQUERES,SDU/BSB/GIG,896.42,0,896.42,
56,2020-01-15 00:00:00,1724283,204455,0,311,3264,2019,2020,0,0,1,0,0,999,PSL,RJ,Luiz Lima,02012862000160,Emissão Bilhete Aéreo,,Cia Aérea - TAM,Bilhete: 957-2122.895966,WELBERT DE ALMEIDA PEDRO,SDU/BSB/GIG,709.42,0,709.42,
56,2020-01-15 00:00:00,1724284,204455,0,311,3264,2019,2020,0,0,1,0,0,999,PSL,RJ,Luiz Lima,02012862000160,Emissão Bilhete Aéreo,,Cia Aérea - TAM,Bilhete: 957-2122.895967,PEDRO ALBER CAMPBELL ALQUERES,SDU/BSB/GIG,459.42,0,459.42,
56,2020-01-15 00:00:00,1724285,204455,0,311,3264,2019,2020,0,0,1,0,0,999,PSL,RJ,Luiz Lima,02012862000160,Emissão Bilhete Aéreo,,Cia Aérea - TAM,Bilhete: 957-2122.896782,WELBERT DE ALMEIDA PEDRO,SDU/BSB/GIG,781.42,0,781.42,
56,2020-01-15 00:00:00,1724286,204455,0,311,3264,2019,2020,0,0,1,0,0,999,PSL,RJ,Luiz Lima,02012862000160,Emissão Bilhete Aéreo,,Cia Aérea - TAM,Bilhete: 957-2122.896783,PEDRO ALBER CAMPBELL ALQUERES,SDU/BSB/GIG,531.42,0,531.42,
56,2020-01-15 00:00:00,1724287,204455,0,311,3264,2019,2020,0,0,1,0,0,999,PSL,RJ,Luiz Lima,02012862000160,Emissão Bilhete Aéreo,,Cia Aérea - TAM,Bilhete: 957-2122.898405,WELBERT DE ALMEIDA PEDRO,SDU/BSB/SDU,650.42,0,650.42,
56,2020-01-15 00:00:00,1724288,204455,0,311,3264,2019,2020,0,0,1,0,0,999,PSL,RJ,Luiz Lima,02012862000160,Emissão Bilhete Aéreo,,Cia Aérea - TAM,Bilhete: 957-2122.898406,PEDRO ALBER CAMPBELL ALQUERES,SDU/BSB/SDU,400.42,0,400.42,
56,2020-01-15 00:00:00,1724289,204455,0,311,3264,2019,2020,0,0,1,0,0,999,PSL,RJ,Luiz Lima,02012862000160,Emissão Bilhete Aéreo,,Cia Aérea - TAM,Bilhete: 957-2122.899046,WELBERT DE ALMEIDA PEDRO,SDU/BSB/GIG,694.42,0,694.42,
56,2020-01-15 00:00:00,1724290,204455,0,311,3264,2019,2020,0,0,1,0,0,999,PSL,RJ,Luiz Lima,02012862000160,Emissão Bilhete Aéreo,,Cia Aérea - TAM,Bilhete: 957-2122.899047,PEDRO ALBER CAMPBELL ALQUERES,SDU/BSB/GIG,444.42,0,444.42,
56,2020-01-15 00:00:00,1724291,204455,0,311,3264,2019,2020,0,0,1,0,0,999,PSL,RJ,Luiz Lima,02012862000160,Emissão Bilhete Aéreo,,Cia Aérea - TAM,Bilhete: 957-2122.900123,NATHALIA SR EMERICK DA SILVA,GIG/BSB/SDU,439.32,0,439.32,
56,2020-01-16 00:00:00,1724313,204455,0,311,3264,2019,2020,0,0,1,0,0,999,PSL,RJ,Luiz Lima,02012862000160,Emissão Bilhete Aéreo,,Cia Aérea - TAM,Bilhete: 957-2122.997085,WELBERT DE ALMEIDA PEDRO,SDU/BSB/SDU,669.42,0,669.42,
56,2020-01-16 00:00:00,1724314,204455,0,311,3264,2019,2020,0,0,1,0,0,999,PSL,RJ,Luiz Lima,02012862000160,Emissão Bilhete Aéreo,,Cia Aérea - TAM,Bilhete: 957-2122.997086,PEDRO ALBER CAMPBELL ALQUERES,SDU/BSB/SDU,419.42,0,419.42,
56,2020-01-16 00:00:00,1724315,204455,0,311,3264,2019,2020,0,0,1,0,0,999,PSL,RJ,Luiz Lima,02012862000160,Emissão Bilhete Aéreo,,Cia Aérea - TAM,Bilhete: 957-2122.997252,WELBERT DE ALMEIDA PEDRO,SDU/BSB/SDU,829.42,0,829.42,
56,2020-01-16 00:00:00,1724316,204455,0,311,3264,2019,2020,0,0,1,0,0,999,PSL,RJ,Luiz Lima,02012862000160,Emissão Bilhete Aéreo,,Cia Aérea - TAM,Bilhete: 957-2122.997253,PEDRO ALBER CAMPBELL ALQUERES,SDU/BSB/SDU,574.42,0,574.42,
56,2020-01-16 00:00:00,1724317,204455,0,311,3264,2019,2020,0,0,1,0,0,999,PSL,RJ,Luiz Lima,02012862000160,Emissão Bilhete Aéreo,,Cia Aérea - TAM,Bilhete: 957-2122.998269,WELBERT DE ALMEIDA PEDRO,SDU/BSB/SDU,722.42,0,722.42,
56,2020-01-16 00:00:00,1724318,204455,0,311,3264,2019,2020,0,0,1,0,0,999,PSL,RJ,Luiz Lima,02012862000160,Emissão Bilhete Aéreo,,Cia Aérea - TAM,Bilhete: 957-2122.998270,PEDRO ALBER CAMPBELL ALQUERES,SDU/BSB/SDU,472.42,0,472.42,
56,2020-01-16 00:00:00,1724319,204455,0,311,3264,2019,2020,0,0,1,0,0,999,PSL,RJ,Luiz Lima,02012862000160,Emissão Bilhete Aéreo,,Cia Aérea - TAM,Bilhete: 957-2122.998853,WELBERT DE ALMEIDA PEDRO,SDU/BSB/SDU,983.42,0,983.42,
56,2020-01-16 00:00:00,1724320,204455,0,311,3264,2019,2020,0,0,1,0,0,999,PSL,RJ,Luiz Lima,02012862000160,Emissão Bilhete Aéreo,,Cia Aérea - TAM,Bilhete: 957-2122.998854,PEDRO ALBER CAMPBELL ALQUERES,SDU/BSB/SDU,723.42,0,723.42,
56,2020-01-16 00:00:00,1724321,204455,0,311,3264,2019,2020,0,0,1,0,0,999,PSL,RJ,Luiz Lima,02012862000160,Emissão Bilhete Aéreo,,Cia Aérea - TAM,Bilhete: 957-2122.998958,NATHALIA SR EMERICK DA SILVA,SDU/BSB/SDU,650.42,0,650.42,
56,2020-01-16 00:00:00,1724322,204455,0,311,3264,2019,2020,0,0,1,0,0,999,PSL,RJ,Luiz Lima,02012862000160,Emissão Bilhete Aéreo,,Cia Aérea - TAM,Bilhete: 957-2122.999626,NATHALIA SR EMERICK DA SILVA,SDU/BSB/GIG,641.42,0,641.42,
56,2020-01-16 00:00:00,1724323,204455,0,311,3264,2019,2020,0,0,1,0,0,999,PSL,RJ,Luiz Lima,02012862000160,Emissão Bilhete Aéreo,,Cia Aérea - TAM,Bilhete: 957-2122.999833,Luiz Lima,GIG/BSB,752.75,0,752.75,
56,2020-01-20 00:00:00,1724429,204455,0,311,3264,2019,2020,0,0,1,0,0,999,PSL,RJ,Luiz Lima,02012862000160,Emissão Bilhete Aéreo,,Cia Aérea - TAM,Bilhete: 957-2123.419873,WELBERT DE ALMEIDA PEDRO,SDU/BSB,857.85,0,857.85,
56,2020-01-16 00:00:00,1724310,204456,0,302,3210,2019,2020,0,0,1,0,0,999,MDB,RJ,Gutemberg Reis,02012862000160,Emissão Bilhete Aéreo,,Cia Aérea - TAM,Bilhete: 957-2122.988763,Gutemberg Reis,BSB/GIG,751.57,0,751.57,
56,2020-01-20 00:00:00,1724384,204456,0,302,3210,2019,2020,0,0,1,0,0,999,MDB,RJ,Gutemberg Reis,02012862000160,Emissão Bilhete Aéreo,,Cia Aérea - TAM,Bilhete: 957-2123.371529,ALCIMAR NETO,BSB/GIG,580.57,0,580.57,
56,2020-02-04 16:30:02,0,204457,1,308,3391,2019,2020,0,0,2,0,0,11,DEM,RJ,Juninho do Pneu,00000000000007,SERVIÇOS POSTAIS,,CORREIOS - ENCOMENDA PAC,RSP : 2299736,,,43.42,0,43.42,
56,2020-02-05 16:55:22,0,204457,1,308,3391,2019,2020,0,0,2,0,0,11,DEM,RJ,Juninho do Pneu,00000000000007,SERVIÇOS POSTAIS,,CORREIOS - ENCOMENDA PAC,RSP : 2299839,,,42.22,0,42.22,
56,2020-02-12 14:11:13,0,204457,1,308,3391,2019,2020,0,0,2,0,0,11,DEM,RJ,Juninho do Pneu,00000000000007,SERVIÇOS POSTAIS,,CORREIOS - ENCOMENDA PAC,RSP : 2300268,,,19.7,0,19.7,
56,2020-02-17 12:18:35,0,204457,1,308,3391,2019,2020,0,0,2,0,0,11,DEM,RJ,Juninho do Pneu,00000000000007,SERVIÇOS POSTAIS,,CORREIOS - ENCOMENDA PAC,RSP : 2300611,,,19.7,0,19.7,
56,2020-02-28 11:51:25,0,204457,1,308,3391,2019,2020,0,0,2,0,0,11,DEM,RJ,Juninho do Pneu,00000000000007,SERVIÇOS POSTAIS,,CORREIOS - ENCOMENDA PAC,RSP : 2302290,,,39.4,0,39.4,
56,2020-03-04 12:11:16,0,204457,1,308,3391,2019,2020,0,0,3,0,0,11,DEM,RJ,Juninho do Pneu,00000000000007,SERVIÇOS POSTAIS,,CORREIOS - ENCOMENDA PAC,RSP : 2302566,,,26.39,0,26.39,
56,2020-01-06 15:35:00,0,204457,1,308,3391,2019,2020,0,0,1,0,0,11,DEM,RJ,Juninho do Pneu,00000000000007,SERVIÇOS POSTAIS,,CORREIOS - SEDEX CONVENCIONAL,RSP : 2297501,,,25.32,0,25.32,
56,2020-01-29 12:02:00,0,204457,1,308,3391,2019,2020,0,0,1,0,0,11,DEM,RJ,Juninho do Pneu,00000000000007,SERVIÇOS POSTAIS,,CORREIOS - SEDEX CONVENCIONAL,RSP : 2298208,,,25.32,0,25.32,
56,2020-01-29 17:19:33,0,204457,1,308,3391,2019,2020,0,0,1,0,0,11,DEM,RJ,Juninho do Pneu,00000000000007,SERVIÇOS POSTAIS,,CORREIOS - SEDEX CONVENCIONAL,RSP : 2299492,,,25.32,0,25.32,
56,2020-02-05 15:41:18,0,204457,1,308,3391,2019,2020,0,0,2,0,0,11,DEM,RJ,Juninho do Pneu,00000000000007,SERVIÇOS POSTAIS,,CORREIOS - SEDEX CONVENCIONAL,RSP : 2299842,,,25.32,0,25.32,
56,2020-02-06 18:06:30,0,204457,1,308,3391,2019,2020,0,0,2,0,0,11,DEM,RJ,Juninho do Pneu,00000000000007,SERVIÇOS POSTAIS,,CORREIOS - SEDEX CONVENCIONAL,RSP : 2299974,,,230.13,0,230.13,
56,2020-02-12 14:14:37,0,204457,1,308,3391,2019,2020,0,0,2,0,0,11,DEM,RJ,Juninho do Pneu,00000000000007,SERVIÇOS POSTAIS,,CORREIOS - SEDEX CONVENCIONAL,RSP : 2300265,,,25.32,0,25.32,
56,2020-02-19 13:03:47,0,204457,1,308,3391,2019,2020,0,0,2,0,0,11,DEM,RJ,Juninho do Pneu,00000000000007,SERVIÇOS POSTAIS,,CORREIOS - SEDEX CONVENCIONAL,RSP : 2301911,,,25.32,0,25.32,
56,2020-03-04 11:46:57,0,204457,1,308,3391,2019,2020,0,0,3,0,0,11,DEM,RJ,Juninho do Pneu,00000000000007,SERVIÇOS POSTAIS,,CORREIOS - SEDEX CONVENCIONAL,RSP : 2302568,,,25.32,0,25.32,
56,2020-03-05 12:31:07,0,204457,1,308,3391,2019,2020,0,0,3,0,0,11,DEM,RJ,Juninho do Pneu,00000000000007,SERVIÇOS POSTAIS,,CORREIOS - SEDEX CONVENCIONAL,RSP : 2303715,,,25.32,0,25.32,
56,2020-03-11 16:47:45,0,204457,1,308,3391,2019,2020,0,0,3,0,0,11,DEM,RJ,Juninho do Pneu,00000000000007,SERVIÇOS POSTAIS,,CORREIOS - SEDEX CONVENCIONAL,RSP : 2304144,,,91.66,0,91.66,
56,2020-01-07 00:00:00,1723819,204457,0,308,3391,2019,2020,0,0,1,0,0,999,DEM,RJ,Juninho do Pneu,02012862000160,Emissão Bilhete Aéreo,,Cia Aérea - TAM,Bilhete: 957-2121.963910,Juninho do Pneu,SDU/BSB,567.85,0,567.85,
56,2020-01-07 00:00:00,1723820,204457,0,308,3391,2019,2020,0,0,1,0,0,999,DEM,RJ,Juninho do Pneu,02012862000160,Emissão Bilhete Aéreo,,Cia Aérea - TAM,Bilhete: 957-2121.963969,Juninho do Pneu,BSB/GIG,350.57,0,350.57,
56,2020-01-07 00:00:00,1723821,204457,0,308,3391,2019,2020,0,0,1,0,0,999,DEM,RJ,Juninho do Pneu,02012862000160,Emissão Bilhete Aéreo,,Cia Aérea - TAM,Bilhete: 957-2121.965059,Juninho do Pneu,BSB/SDU,354.57,0,354.57,
56,2020-01-07 00:00:00,1723822,204457,0,308,3391,2019,2020,0,0,1,0,0,999,DEM,RJ,Juninho do Pneu,02012862000160,Emissão Bilhete Aéreo,,Cia Aérea - TAM,Bilhete: 957-2121.965738,Juninho do Pneu,SDU/BSB,386.85,0,386.85,
56,2020-01-07 00:00:00,1723823,204457,0,308,3391,2019,2020,0,0,1,0,0,999,DEM,RJ,Juninho do Pneu,02012862000160,Emissão Bilhete Aéreo,,Cia Aérea - TAM,Bilhete: 957-2121.966337,Juninho do Pneu,BSB/SDU,354.57,0,354.57,
56,2020-01-07 00:00:00,1723826,204457,0,308,3391,2019,2020,0,0,1,0,0,999,DEM,RJ,Juninho do Pneu,02012862000160,Emissão Bilhete Aéreo,,Cia Aérea - TAM,Bilhete: 957-2121.967237,Juninho do Pneu,SDU/BSB,386.85,0,386.85,
56,2020-01-07 00:00:00,1723828,204457,0,308,3391,2019,2020,0,0,1,0,0,999,DEM,RJ,Juninho do Pneu,02012862000160,Emissão Bilhete Aéreo,,Cia Aérea - TAM,Bilhete: 957-2121.967289,Juninho do Pneu,BSB/SDU,700.57,0,700.57,
56,2020-01-07 00:00:00,1723829,204457,0,308,3391,2019,2020,0,0,1,0,0,999,DEM,RJ,Juninho do Pneu,02012862000160,Emissão Bilhete Aéreo,,Cia Aérea - TAM,Bilhete: 957-2121.968805,Juninho do Pneu,SDU/BSB,702.85,0,702.85,
56,2020-01-07 00:00:00,1723831,204457,0,308,3391,2019,2020,0,0,1,0,0,999,DEM,RJ,Juninho do Pneu,02012862000160,Emissão Bilhete Aéreo,,Cia Aérea - TAM,Bilhete: 957-2121.968872,Juninho do Pneu,BSB/SDU,354.57,0,354.57,
56,2020-01-07 00:00:00,1723833,204457,0,308,3391,2019,2020,0,0,1,0,0,999,DEM,RJ,Juninho do Pneu,02012862000160,Emissão Bilhete Aéreo,,Cia Aérea - TAM,Bilhete: 957-2121.971773,Juninho do Pneu,SDU/BSB,356.85,0,356.85,
56,2020-01-07 00:00:00,1723835,204457,0,308,3391,2019,2020,0,0,1,0,0,999,DEM,RJ,Juninho do Pneu,02012862000160,Emissão Bilhete Aéreo,,Cia Aérea - TAM,Bilhete: 957-2121.972462,Juninho do Pneu,BSB/SDU,405.57,0,405.57,
56,2020-01-07 00:00:00,1723837,204457,0,308,3391,2019,2020,0,0,1,0,0,999,DEM,RJ,Juninho do Pneu,02012862000160,Emissão Bilhete Aéreo,,Cia Aérea - TAM,Bilhete: 957-2121.973230,Juninho do Pneu,SDU/BSB,281.85,0,281.85,
56,2020-01-07 00:00:00,1723838,204457,0,308,3391,2019,2020,0,0,1,0,0,999,DEM,RJ,Juninho do Pneu,02012862000160,Emissão Bilhete Aéreo,,Cia Aérea - TAM,Bilhete: 957-2121.974020,Juninho do Pneu,BSB/SDU,405.57,0,405.57,
56,2020-01-07 00:00:00,1723839,204457,0,308,3391,2019,2020,0,0,1,0,0,999,DEM,RJ,Juninho do Pneu,02012862000160,Emissão Bilhete Aéreo,,Cia Aérea - TAM,Bilhete: 957-2121.975014,Juninho do Pneu,SDU/BSB,281.85,0,281.85,
56,2020-01-07 00:00:00,1723840,204457,0,308,3391,2019,2020,0,0,1,0,0,999,DEM,RJ,Juninho do Pneu,02012862000160,Emissão Bilhete Aéreo,,Cia Aérea - TAM,Bilhete: 957-2121.975069,Juninho do Pneu,BSB/SDU,354.57,0,354.57,
56,2020-01-07 00:00:00,1723841,204457,0,308,3391,2019,2020,0,0,1,0,0,999,DEM,RJ,Juninho do Pneu,02012862000160,Emissão Bilhete Aéreo,,Cia Aérea - TAM,Bilhete: 957-2121.976339,Juninho do Pneu,SDU/BSB,281.85,0,281.85,
56,2020-01-07 00:00:00,1723842,204457,0,308,3391,2019,2020,0,0,1,0,0,999,DEM,RJ,Juninho do Pneu,02012862000160,Emissão Bilhete Aéreo,,Cia Aérea - TAM,Bilhete: 957-2121.977313,Juninho do Pneu,BSB/SDU,354.57,0,354.57,
56,2020-01-08 00:00:00,1723884,204457,0,308,3391,2019,2020,0,0,1,0,0,999,DEM,RJ,Juninho do Pneu,02012862000160,Emissão Bilhete Aéreo,,Cia Aérea - TAM,Bilhete: 957-2122.109385,Juninho do Pneu,SDU/BSB,356.85,0,356.85,
56,2020-01-08 00:00:00,1723885,204457,0,308,3391,2019,2020,0,0,1,0,0,999,DEM,RJ,Juninho do Pneu,02012862000160,Emissão Bilhete Aéreo,,Cia Aérea - TAM,Bilhete: 957-2122.110069,Juninho do Pneu,BSB/SDU,700.57,0,700.57,
56,2020-01-08 00:00:00,1723886,204457,0,308,3391,2019,2020,0,0,1,0,0,999,DEM,RJ,Juninho do Pneu,02012862000160,Emissão Bilhete Aéreo,,Cia Aérea - TAM,Bilhete: 957-2122.111631,Juninho do Pneu,SDU/BSB,281.85,0,281.85,
56,2020-01-08 00:00:00,1723887,204457,0,308,3391,2019,2020,0,0,1,0,0,999,DEM,RJ,Juninho do Pneu,02012862000160,Emissão Bilhete Aéreo,,Cia Aérea - TAM,Bilhete: 957-2122.111693,Juninho do Pneu,BSB/SDU,354.57,0,354.57,
56,2020-01-08 00:00:00,1723889,204457,0,308,3391,2019,2020,0,0,1,0,0,999,DEM,RJ,Juninho do Pneu,02012862000160,Emissão Bilhete Aéreo,,Cia Aérea - TAM,Bilhete: 957-2122.112492,Juninho do Pneu,SDU/BSB,281.85,0,281.85,
56,2020-01-08 00:00:00,1723892,204457,0,308,3391,2019,2020,0,0,1,0,0,999,DEM,RJ,Juninho do Pneu,02012862000160,Emissão Bilhete Aéreo,,Cia Aérea - TAM,Bilhete: 957-2122.113137,Juninho do Pneu,BSB/SDU,799.57,0,799.57,
56,2020-01-08 00:00:00,1723893,204457,0,308,3391,2019,2020,0,0,1,0,0,999,DEM,RJ,Juninho do Pneu,02012862000160,Emissão Bilhete Aéreo,,Cia Aérea - TAM,Bilhete: 957-2122.113194,Juninho do Pneu,SDU/BSB,509.85,0,509.85,
56,2020-01-08 00:00:00,1723898,204457,0,308,3391,2019,2020,0,0,1,0,0,999,DEM,RJ,Juninho do Pneu,02012862000160,Emissão Bilhete Aéreo,,Cia Aérea - TAM,Bilhete: 957-2122.114066,Juninho do Pneu,BSB/SDU,354.57,0,354.57,
56,2020-01-08 00:00:00,1723902,204457,0,308,3391,2019,2020,0,0,1,0,0,999,DEM,RJ,Juninho do Pneu,02012862000160,Emissão Bilhete Aéreo,,Cia Aérea - TAM,Bilhete: 957-2122.115034,Juninho do Pneu,SDU/BSB,281.85,0,281.85,
56,2020-01-08 00:00:00,1723903,204457,0,308,3391,2019,2020,0,0,1,0,0,999,DEM,RJ,Juninho do Pneu,02012862000160,Emissão Bilhete Aéreo,,Cia Aérea - TAM,Bilhete: 957-2122.116010,Juninho do Pneu,BSB/SDU,354.57,0,354.57,
56,2020-01-08 00:00:00,1723904,204457,0,308,3391,2019,2020,0,0,1,0,0,999,DEM,RJ,Juninho do Pneu,02012862000160,Emissão Bilhete Aéreo,,Cia Aérea - TAM,Bilhete: 957-2122.116057,Juninho do Pneu,SDU/BSB,281.85,0,281.85,
56,2020-01-08 00:00:00,1723906,204457,0,308,3391,2019,2020,0,0,1,0,0,999,DEM,RJ,Juninho do Pneu,02012862000160,Emissão Bilhete Aéreo,,Cia Aérea - TAM,Bilhete: 957-2122.116921,Juninho do Pneu,BSB/SDU,354.57,0,354.57,
56,2020-01-08 00:00:00,1723907,204457,0,308,3391,2019,2020,0,0,1,0,0,999,DEM,RJ,Juninho do Pneu,02012862000160,Emissão Bilhete Aéreo,,Cia Aérea - TAM,Bilhete: 957-2122.116984,Juninho do Pneu,SDU/BSB,281.85,0,281.85,
56,2020-01-08 00:00:00,1723908,204457,0,308,3391,2019,2020,0,0,1,0,0,999,DEM,RJ,Juninho do Pneu,02012862000160,Emissão Bilhete Aéreo,,Cia Aérea - TAM,Bilhete: 957-2122.117772,Juninho do Pneu,BSB/SDU,279.57,0,279.57,
56,2020-01-08 00:00:00,1723919,204457,0,308,3391,2019,2020,0,0,1,0,0,999,DEM,RJ,Juninho do Pneu,02012862000160,Emissão Bilhete Aéreo,,Cia Aérea - TAM,Bilhete: 957-2122.143086,Juninho do Pneu,SDU/BSB,281.85,0,281.85,
56,2020-01-08 00:00:00,1723920,204457,0,308,3391,2019,2020,0,0,1,0,0,999,DEM,RJ,Juninho do Pneu,02012862000160,Emissão Bilhete Aéreo,,Cia Aérea - TAM,Bilhete: 957-2122.143488,Juninho do Pneu,BSB/SDU,279.57,0,279.57,
56,2020-01-08 00:00:00,1723921,204457,0,308,3391,2019,2020,0,0,1,0,0,999,DEM,RJ,Juninho do Pneu,02012862000160,Emissão Bilhete Aéreo,,Cia Aérea - TAM,Bilhete: 957-2122.144175,Juninho do Pneu,SDU/BSB,407.85,0,407.85,
56,2020-01-08 00:00:00,1723922,204457,0,308,3391,2019,2020,0,0,1,0,0,999,DEM,RJ,Juninho do Pneu,02012862000160,Emissão Bilhete Aéreo,,Cia Aérea - TAM,Bilhete: 957-2122.145069,Juninho do Pneu,BSB/SDU,799.57,0,799.57,
56,2020-01-08 00:00:00,1723923,204457,0,308,3391,2019,2020,0,0,1,0,0,999,DEM,RJ,Juninho do Pneu,02012862000160,Emissão Bilhete Aéreo,,Cia Aérea - TAM,Bilhete: 957-2122.145767,Juninho do Pneu,SDU/BSB,281.85,0,281.85,
56,2020-01-08 00:00:00,1723924,204457,0,308,3391,2019,2020,0,0,1,0,0,999,DEM,RJ,Juninho do Pneu,02012862000160,Emissão Bilhete Aéreo,,Cia Aérea - TAM,Bilhete: 957-2122.146548,Juninho do Pneu,BSB/SDU,279.57,0,279.57,
56,2020-01-08 00:00:00,1723926,204457,0,308,3391,2019,2020,0,0,1,0,0,999,DEM,RJ,Juninho do Pneu,02012862000160,Emissão Bilhete Aéreo,,Cia Aérea - TAM,Bilhete: 957-2122.147070,Juninho do Pneu,SDU/BSB,281.85,0,281.85,
56,2020-01-08 00:00:00,1723929,204457,0,308,3391,2019,2020,0,0,1,0,0,999,DEM,RJ,Juninho do Pneu,02012862000160,Emissão Bilhete Aéreo,,Cia Aérea - TAM,Bilhete: 957-2122.147851,Juninho do Pneu,BSB/SDU,279.57,0,279.57,
56,2020-01-08 00:00:00,1723932,204457,0,308,3391,2019,2020,0,0,1,0,0,999,DEM,RJ,Juninho do Pneu,02012862000160,Emissão Bilhete Aéreo,,Cia Aérea - TAM,Bilhete: 957-2122.148556,Juninho do Pneu,GIG/BSB,752.75,0,752.75,
56,2020-01-09 00:00:00,1723948,204457,0,308,3391,2019,2020,0,0,1,0,0,999,DEM,RJ,Juninho do Pneu,02012862000160,Emissão Bilhete Aéreo,,Cia Aérea - TAM,Bilhete: 957-2122.235546,Juninho do Pneu,BSB/SDU,1070.57,0,1070.57,
56,2020-01-09 00:00:00,1723949,204457,0,308,3391,2019,2020,0,0,1,0,0,999,DEM,RJ,Juninho do Pneu,02012862000160,Emissão Bilhete Aéreo,,Cia Aérea - TAM,Bilhete: 957-2122.236313,Juninho do Pneu,GIG/BSB,752.75,0,752.75,
56,2020-01-09 00:00:00,1723950,204457,0,308,3391,2019,2020,0,0,1,0,0,999,DEM,RJ,Juninho do Pneu,02012862000160,Emissão Bilhete Aéreo,,Cia Aérea - TAM,Bilhete: 957-2122.237010,Juninho do Pneu,BSB/SDU,1070.57,0,1070.57,
56,2020-01-09 00:00:00,1723951,204457,0,308,3391,2019,2020,0,0,1,0,0,999,DEM,RJ,Juninho do Pneu,02012862000160,Emissão Bilhete Aéreo,,Cia Aérea - TAM,Bilhete: 957-2122.237069,Juninho do Pneu,GIG/BSB,752.75,0,752.75,
56,2020-01-09 00:00:00,1723972,204457,0,308,3391,2019,2020,0,0,1,0,0,999,DEM,RJ,Juninho do Pneu,02012862000160,Emissão Bilhete Aéreo,,Cia Aérea - TAM,Bilhete: 957-2122.261872,Juninho do Pneu,BSB/SDU,1070.57,0,1070.57,
56,2020-01-14 00:00:00,1724130,204457,0,308,3391,2019,2020,0,0,1,0,0,999,DEM,RJ,Juninho do Pneu,02012862000160,Emissão Bilhete Aéreo,,Cia Aérea - TAM,Bilhete: 957-2122.745125,Juninho do Pneu,SDU/BSB,521.85,0,521.85,
56,2020-01-08 00:00:00,1723880,204459,0,296,3337,2019,2020,0,0,1,0,0,999,MDB,RJ,Daniela do Waguinho,02012862000160,Emissão Bilhete Aéreo,,Cia Aérea - TAM,Bilhete: 957-2122.106793,Daniela do Waguinho,GIG/BSB,350.75,0,350.75,
56,2020-01-08 00:00:00,1723881,204459,0,296,3337,2019,2020,0,0,1,0,0,999,MDB,RJ,Daniela do Waguinho,02012862000160,Emissão Bilhete Aéreo,,Cia Aérea - TAM,Bilhete: 957-2122.106794,WALLACE DA SILVA,GIG/BSB,350.75,0,350.75,
56,2020-01-08 00:00:00,1723882,204459,0,296,3337,2019,2020,0,0,1,0,0,999,MDB,RJ,Daniela do Waguinho,02012862000160,Emissão Bilhete Aéreo,,Cia Aérea - TAM,Bilhete: 957-2122.108131,Daniela do Waguinho,GIG/BSB,343.75,0,343.75,
56,2020-01-08 00:00:00,1723883,204459,0,296,3337,2019,2020,0,0,1,0,0,999,MDB,RJ,Daniela do Waguinho,02012862000160,Emissão Bilhete Aéreo,,Cia Aérea - TAM,Bilhete: 957-2122.108132,WALLACE DA SILVA,GIG/BSB,343.75,0,343.75,
56,2020-01-21 00:00:00,0,204460,0,285,3320,2019,2020,0,0,1,0,0,10,PSL,RJ,Carlos Jordy,00000000000001,TELEFONIA,,CELULAR FUNCIONAL,7022193,,,0.1,0,0.1,
56,2020-03-06 11:49:50,0,204462,1,289,3367,2019,2020,0,0,3,0,0,11,PSL,RJ,Chris Tonietto,00000000000007,SERVIÇOS POSTAIS,,CORREIOS - CARTA REGISTRADA COM AR,RSP : 2303692,,,21.05,0,21.05,
56,2020-01-23 00:00:00,1724557,204463,0,327,3302,2019,2020,0,0,1,0,0,999,PSD,RJ,Wladimir Garotinho,02012862000160,Emissão Bilhete Aéreo,,Cia Aérea - TAM,Bilhete: 957-2123.752531,Wladimir Garotinho,SDU/BSB,643.85,0,643.85,
56,2020-01-23 00:00:00,1724558,204463,0,327,3302,2019,2020,0,0,1,0,0,999,PSD,RJ,Wladimir Garotinho,02012862000160,Emissão Bilhete Aéreo,,Cia Aérea - TAM,Bilhete: 957-2123.752532,THIAGO SOARES DE GODOY,SDU/BSB,643.85,0,643.85,
56,2020-01-23 00:00:00,1724559,204463,0,327,3302,2019,2020,0,0,1,0,0,999,PSD,RJ,Wladimir Garotinho,02012862000160,Emissão Bilhete Aéreo,,Cia Aérea - TAM,Bilhete: 957-2123.752552,Wladimir Garotinho,BSB/SDU,486.57,0,486.57,
56,2020-01-23 00:00:00,1724560,204463,0,327,3302,2019,2020,0,0,1,0,0,999,PSD,RJ,Wladimir Garotinho,02012862000160,Emissão Bilhete Aéreo,,Cia Aérea - TAM,Bilhete: 957-2123.752553,THIAGO SOARES DE GODOY,BSB/SDU,486.57,0,486.57,
56,2020-01-23 00:00:00,1724561,204463,0,327,3302,2019,2020,0,0,1,0,0,999,PSD,RJ,Wladimir Garotinho,02012862000160,Emissão Bilhete Aéreo,,Cia Aérea - TAM,Bilhete: 957-2123.752562,Wladimir Garotinho,SDU/BSB,488.85,0,488.85,
56,2020-01-23 00:00:00,1724562,204463,0,327,3302,2019,2020,0,0,1,0,0,999,PSD,RJ,Wladimir Garotinho,02012862000160,Emissão Bilhete Aéreo,,Cia Aérea - TAM,Bilhete: 957-2123.752563,THIAGO SOARES DE GODOY,SDU/BSB,488.85,0,488.85,
56,2020-01-23 00:00:00,1724563,204463,0,327,3302,2019,2020,0,0,1,0,0,999,PSD,RJ,Wladimir Garotinho,02012862000160,Emissão Bilhete Aéreo,,Cia Aérea - TAM,Bilhete: 957-2123.752584,Wladimir Garotinho,BSB/SDU,519.57,0,519.57,
56,2020-01-23 00:00:00,1724564,204463,0,327,3302,2019,2020,0,0,1,0,0,999,PSD,RJ,Wladimir Garotinho,02012862000160,Emissão Bilhete Aéreo,,Cia Aérea - TAM,Bilhete: 957-2123.752585,THIAGO SOARES DE GODOY,BSB/SDU,519.57,0,519.57,
56,2020-01-23 00:00:00,1724567,204463,0,327,3302,2019,2020,0,0,1,0,0,999,PSD,RJ,Wladimir Garotinho,02012862000160,Emissão Bilhete Aéreo,,Cia Aérea - TAM,Bilhete: 957-2123.753127,Wladimir Garotinho,SDU/BSB,392.85,0,392.85,
56,2020-01-23 00:00:00,1724568,204463,0,327,3302,2019,2020,0,0,1,0,0,999,PSD,RJ,Wladimir Garotinho,02012862000160,Emissão Bilhete Aéreo,,Cia Aérea - TAM,Bilhete: 957-2123.753128,THIAGO SOARES DE GODOY,SDU/BSB,392.85,0,392.85,
56,2020-01-23 00:00:00,1724569,204463,0,327,3302,2019,2020,0,0,1,0,0,999,PSD,RJ,Wladimir Garotinho,02012862000160,Emissão Bilhete Aéreo,,Cia Aérea - TAM,Bilhete: 957-2123.753148,Wladimir Garotinho,BSB/SDU,980.57,0,980.57,
56,2020-01-23 00:00:00,1724570,204463,0,327,3302,2019,2020,0,0,1,0,0,999,PSD,RJ,Wladimir Garotinho,02012862000160,Emissão Bilhete Aéreo,,Cia Aérea - TAM,Bilhete: 957-2123.753150,THIAGO SOARES DE GODOY,BSB/SDU,980.57,0,980.57,
56,2020-01-23 00:00:00,1724575,204463,0,327,3302,2019,2020,0,0,1,0,0,999,PSD,RJ,Wladimir Garotinho,02012862000160,Emissão Bilhete Aéreo,,Cia Aérea - TAM,Bilhete: 957-2123.753971,Wladimir Garotinho,BSB/SDU,293.57,0,293.57,
56,2020-01-23 00:00:00,1724576,204463,0,327,3302,2019,2020,0,0,1,0,0,999,PSD,RJ,Wladimir Garotinho,02012862000160,Emissão Bilhete Aéreo,,Cia Aérea - TAM,Bilhete: 957-2123.753972,THIAGO SOARES DE GODOY,BSB/SDU,293.57,0,293.57,
56,2020-01-23 00:00:00,1724584,204463,0,327,3302,2019,2020,0,0,1,0,0,999,PSD,RJ,Wladimir Garotinho,02012862000160,Emissão Bilhete Aéreo,,Cia Aérea - TAM,Bilhete: 957-2123.774642,Wladimir Garotinho,SDU/BSB,509.85,0,509.85,
56,2020-01-23 00:00:00,1724585,204463,0,327,3302,2019,2020,0,0,1,0,0,999,PSD,RJ,Wladimir Garotinho,02012862000160,Emissão Bilhete Aéreo,,Cia Aérea - TAM,Bilhete: 957-2123.774643,THIAGO SOARES DE GODOY,SDU/BSB,509.85,0,509.85,
56,2020-01-23 00:00:00,1724586,204463,0,327,3302,2019,2020,0,0,1,0,0,999,PSD,RJ,Wladimir Garotinho,02012862000160,Emissão Bilhete Aéreo,,Cia Aérea - TAM,Bilhete: 957-2123.774673,Wladimir Garotinho,SDU/BSB,407.85,0,407.85,
56,2020-01-23 00:00:00,1724587,204463,0,327,3302,2019,2020,0,0,1,0,0,999,PSD,RJ,Wladimir Garotinho,02012862000160,Emissão Bilhete Aéreo,,Cia Aérea - TAM,Bilhete: 957-2123.774674,THIAGO SOARES DE GODOY,SDU/BSB,407.85,0,407.85,
56,2020-01-23 00:00:00,1724588,204463,0,327,3302,2019,2020,0,0,1,0,0,999,PSD,RJ,Wladimir Garotinho,02012862000160,Emissão Bilhete Aéreo,,Cia Aérea - TAM,Bilhete: 957-2123.775311,Wladimir Garotinho,BSB/SDU,405.57,0,405.57,
56,2020-01-23 00:00:00,1724589,204463,0,327,3302,2019,2020,0,0,1,0,0,999,PSD,RJ,Wladimir Garotinho,02012862000160,Emissão Bilhete Aéreo,,Cia Aérea - TAM,Bilhete: 957-2123.775312,THIAGO SOARES DE GODOY,BSB/SDU,405.57,0,405.57,
56,2020-01-23 00:00:00,1724590,204463,0,327,3302,2019,2020,0,0,1,0,0,999,PSD,RJ,Wladimir Garotinho,02012862000160,Emissão Bilhete Aéreo,,Cia Aérea - TAM,Bilhete: 957-2123.775354,Wladimir Garotinho,SDU/BSB,407.85,0,407.85,
56,2020-01-23 00:00:00,1724591,204463,0,327,3302,2019,2020,0,0,1,0,0,999,PSD,RJ,Wladimir Garotinho,02012862000160,Emissão Bilhete Aéreo,,Cia Aérea - TAM,Bilhete: 957-2123.775355,THIAGO SOARES DE GODOY,SDU/BSB,407.85,0,407.85,
56,2020-01-23 00:00:00,1724592,204463,0,327,3302,2019,2020,0,0,1,0,0,999,PSD,RJ,Wladimir Garotinho,02012862000160,Emissão Bilhete Aéreo,,Cia Aérea - TAM,Bilhete: 957-2123.775811,Wladimir Garotinho,BSB/SDU,507.57,0,507.57,
56,2020-01-23 00:00:00,1724593,204463,0,327,3302,2019,2020,0,0,1,0,0,999,PSD,RJ,Wladimir Garotinho,02012862000160,Emissão Bilhete Aéreo,,Cia Aérea - TAM,Bilhete: 957-2123.775812,THIAGO SOARES DE GODOY,BSB/SDU,507.57,0,507.57,
56,2020-01-23 00:00:00,1724594,204463,0,327,3302,2019,2020,0,0,1,0,0,999,PSD,RJ,Wladimir Garotinho,02012862000160,Emissão Bilhete Aéreo,,Cia Aérea - TAM,Bilhete: 957-2123.775878,Wladimir Garotinho,SDU/BSB,407.85,0,407.85,
56,2020-01-23 00:00:00,1724595,204463,0,327,3302,2019,2020,0,0,1,0,0,999,PSD,RJ,Wladimir Garotinho,02012862000160,Emissão Bilhete Aéreo,,Cia Aérea - TAM,Bilhete: 957-2123.775879,THIAGO SOARES DE GODOY,SDU/BSB,407.85,0,407.85,
56,2020-01-23 00:00:00,1724596,204463,0,327,3302,2019,2020,0,0,1,0,0,999,PSD,RJ,Wladimir Garotinho,02012862000160,Emissão Bilhete Aéreo,,Cia Aérea - TAM,Bilhete: 957-2123.776359,Wladimir Garotinho,BSB/SDU,354.57,0,354.57,
56,2020-01-23 00:00:00,1724597,204463,0,327,3302,2019,2020,0,0,1,0,0,999,PSD,RJ,Wladimir Garotinho,02012862000160,Emissão Bilhete Aéreo,,Cia Aérea - TAM,Bilhete: 957-2123.776360,THIAGO SOARES DE GODOY,BSB/SDU,354.57,0,354.57,
56,2020-01-23 00:00:00,1724598,204463,0,327,3302,2019,2020,0,0,1,0,0,999,PSD,RJ,Wladimir Garotinho,02012862000160,Emissão Bilhete Aéreo,,Cia Aérea - TAM,Bilhete: 957-2123.776498,Wladimir Garotinho,BSB/SDU,405.57,0,405.57,
56,2020-01-23 00:00:00,1724599,204463,0,327,3302,2019,2020,0,0,1,0,0,999,PSD,RJ,Wladimir Garotinho,02012862000160,Emissão Bilhete Aéreo,,Cia Aérea - TAM,Bilhete: 957-2123.776499,THIAGO SOARES DE GODOY,BSB/SDU,405.57,0,405.57,
56,2020-01-23 00:00:00,1724600,204463,0,327,3302,2019,2020,0,0,1,0,0,999,PSD,RJ,Wladimir Garotinho,02012862000160,Emissão Bilhete Aéreo,,Cia Aérea - TAM,Bilhete: 957-2123.776867,Wladimir Garotinho,SDU/BSB,236.85,0,236.85,
56,2020-01-23 00:00:00,1724601,204463,0,327,3302,2019,2020,0,0,1,0,0,999,PSD,RJ,Wladimir Garotinho,02012862000160,Emissão Bilhete Aéreo,,Cia Aérea - TAM,Bilhete: 957-2123.776869,THIAGO SOARES DE GODOY,SDU/BSB,236.85,0,236.85,
56,2020-02-12 16:58:01,0,204464,1,323,3385,2019,2020,0,0,2,0,0,11,PSOL,RJ,Talíria Petrone,00000000000007,SERVIÇOS POSTAIS,,CORREIOS - ENCOMENDA PAC,RSP : 2300307,,,79.32,0,79.32,
56,2020-02-12 17:56:26,0,204464,1,323,3385,2019,2020,0,0,2,0,0,11,PSOL,RJ,Talíria Petrone,00000000000007,SERVIÇOS POSTAIS,,CORREIOS - SEDEX CONVENCIONAL,RSP : 2300306,,,174.95,0,174.95,
56,2020-01-10 00:00:00,1724028,204464,0,323,3385,2019,2020,0,0,1,0,0,999,PSOL,RJ,Talíria Petrone,02012862000160,Emissão Bilhete Aéreo,,Cia Aérea - TAM,Bilhete: 957-2122.399991,Talíria Petrone,BSB/SDU,935.57,0,935.57,
56,2020-01-10 00:00:00,1724029,204464,0,323,3385,2019,2020,0,0,1,0,0,999,PSOL,RJ,Talíria Petrone,02012862000160,Emissão Bilhete Aéreo,,Cia Aérea - TAM,Bilhete: 957-2122.400037,Talíria Petrone,BSB/SDU,519.57,0,519.57,
56,2020-02-18 15:58:12,0,204476,1,288,3266,2019,2020,0,0,2,0,0,11,AVANTE,RJ,Chiquinho Brazão,00000000000007,SERVIÇOS POSTAIS,,CORREIOS - SEDEX CONVENCIONAL COM AR,RSP : 2301773,,,685.73,0,685.73,
56,2020-03-12 12:56:11,0,204476,1,288,3266,2019,2020,0,0,3,0,0,11,AVANTE,RJ,Chiquinho Brazão,00000000000007,SERVIÇOS POSTAIS,,CORREIOS - SEDEX CONVENCIONAL COM AR,RSP : 2304218,,,43.5,0,43.5,
56,2020-03-03 12:16:43,0,204477,1,299,3303,2019,2020,0,0,3,0,0,11,PSL,RJ,Felício Laterça,00000000000007,SERVIÇOS POSTAIS,,CORREIOS - CARTA COMERCIAL,RSP : 2302430,,,2.05,0,2.05,
56,2020-02-20 15:06:31,0,204477,1,299,3303,2019,2020,0,0,2,0,0,11,PSL,RJ,Felício Laterça,00000000000007,SERVIÇOS POSTAIS,,CORREIOS - ENCOMENDA PAC,RSP : 2302037,,,76.07,0,76.07,
56,2020-03-03 12:15:56,0,204477,1,299,3303,2019,2020,0,0,3,0,0,11,PSL,RJ,Felício Laterça,00000000000007,SERVIÇOS POSTAIS,,CORREIOS - ENCOMENDA PAC,RSP : 2302432,,,21.11,0,21.11,
56,2020-03-03 12:16:16,0,204477,1,299,3303,2019,2020,0,0,3,0,0,11,PSL,RJ,Felício Laterça,00000000000007,SERVIÇOS POSTAIS,,CORREIOS - ENCOMENDA PAC,RSP : 2302445,,,21.11,0,21.11,
56,2020-03-03 12:15:33,0,204477,1,299,3303,2019,2020,0,0,3,0,0,11,PSL,RJ,Felício Laterça,00000000000007,SERVIÇOS POSTAIS,,CORREIOS - ENCOMENDA PAC,RSP : 2302447,,,26.89,0,26.89,
56,2020-02-18 16:26:10,0,204477,1,299,3303,2019,2020,0,0,2,0,0,11,PSL,RJ,Felício Laterça,00000000000007,SERVIÇOS POSTAIS,,CORREIOS - ENVELOPE BÁSICO/CONVENCIONAL - PLÁSTICO/BOLHA,RSP : 2301829,,,4.8,0,4.8,
56,2020-01-20 16:03:10,0,204477,1,299,3303,2019,2020,0,0,1,0,0,11,PSL,RJ,Felício Laterça,00000000000007,SERVIÇOS POSTAIS,,CORREIOS - SEDEX CONVENCIONAL,RSP : 2298062,,,45.65,0,45.65,
56,2020-01-17 00:00:00,1724351,204477,0,299,3303,2019,2020,0,0,1,0,0,999,PSL,RJ,Felício Laterça,02012862000160,Emissão Bilhete Aéreo,,Cia Aérea - TAM,Bilhete: 957-2123.142773,Felício Laterça,SDU/BSB,1072.85,0,1072.85,
56,2020-01-17 00:00:00,1724352,204477,0,299,3303,2019,2020,0,0,1,0,0,999,PSL,RJ,Felício Laterça,02012862000160,Emissão Bilhete Aéreo,,Cia Aérea - TAM,Bilhete: 957-2123.143818,Felício Laterça,BSB/SDU,799.57,0,799.57,
56,2020-01-20 00:00:00,1724364,204477,0,299,3303,2019,2020,0,0,1,0,0,999,PSL,RJ,Felício Laterça,02012862000160,Emissão Bilhete Aéreo,,Cia Aérea - TAM,Bilhete: 957-2123.364301,Felício Laterça,SDU/BSB,509.85,0,509.85,
56,2020-01-20 00:00:00,1724365,204477,0,299,3303,2019,2020,0,0,1,0,0,999,PSL,RJ,Felício Laterça,02012862000160,Emissão Bilhete Aéreo,,Cia Aérea - TAM,Bilhete: 957-2123.364989,Felício Laterça,SDU/BSB,295.85,0,295.85,
56,2020-01-20 00:00:00,1724367,204477,0,299,3303,2019,2020,0,0,1,0,0,999,PSL,RJ,Felício Laterça,02012862000160,Emissão Bilhete Aéreo,,Cia Aérea - TAM,Bilhete: 957-2123.365537,Felício Laterça,BSB/SDU,700.57,0,700.57,
56,2020-01-20 00:00:00,1724369,204477,0,299,3303,2019,2020,0,0,1,0,0,999,PSL,RJ,Felício Laterça,02012862000160,Emissão Bilhete Aéreo,,Cia Aérea - TAM,Bilhete: 957-2123.366333,Felício Laterça,SDU/BSB,702.85,0,702.85,
56,2020-01-20 00:00:00,1724370,204477,0,299,3303,2019,2020,0,0,1,0,0,999,PSL,RJ,Felício Laterça,02012862000160,Emissão Bilhete Aéreo,,Cia Aérea - TAM,Bilhete: 957-2123.367237,Felício Laterça,SDU/BSB,386.85,0,386.85,
56,2020-01-20 00:00:00,1724373,204477,0,299,3303,2019,2020,0,0,1,0,0,999,PSL,RJ,Felício Laterça,02012862000160,Emissão Bilhete Aéreo,,Cia Aérea - TAM,Bilhete: 957-2123.367918,Felício Laterça,SDU/BSB,857.85,0,857.85,
56,2020-01-20 00:00:00,1724374,204477,0,299,3303,2019,2020,0,0,1,0,0,999,PSL,RJ,Felício Laterça,02012862000160,Emissão Bilhete Aéreo,,Cia Aérea - TAM,Bilhete: 957-2123.367986,Felício Laterça,SDU/BSB,386.85,0,386.85,
56,2020-01-20 00:00:00,1724375,204477,0,299,3303,2019,2020,0,0,1,0,0,999,PSL,RJ,Felício Laterça,02012862000160,Emissão Bilhete Aéreo,,Cia Aérea - TAM,Bilhete: 957-2123.368404,Felício Laterça,BSB/SDU,293.57,0,293.57,
56,2020-01-20 00:00:00,1724376,204477,0,299,3303,2019,2020,0,0,1,0,0,999,PSL,RJ,Felício Laterça,02012862000160,Emissão Bilhete Aéreo,,Cia Aérea - TAM,Bilhete: 957-2123.368475,Felício Laterça,BSB/SDU,293.57,0,293.57,
56,2020-01-20 00:00:00,1724377,204477,0,299,3303,2019,2020,0,0,1,0,0,999,PSL,RJ,Felício Laterça,02012862000160,Emissão Bilhete Aéreo,,Cia Aérea - TAM,Bilhete: 957-2123.368872,Felício Laterça,SDU/BSB,446.85,0,446.85,
56,2020-01-20 00:00:00,1724379,204477,0,299,3303,2019,2020,0,0,1,0,0,999,PSL,RJ,Felício Laterça,02012862000160,Emissão Bilhete Aéreo,,Cia Aérea - TAM,Bilhete: 957-2123.369238,Felício Laterça,BSB/SDU,384.57,0,384.57,
56,2020-01-20 00:00:00,1724381,204477,0,299,3303,2019,2020,0,0,1,0,0,999,PSL,RJ,Felício Laterça,02012862000160,Emissão Bilhete Aéreo,,Cia Aérea - TAM,Bilhete: 957-2123.370145,Felício Laterça,BSB/SDU,293.57,0,293.57,
56,2020-01-20 00:00:00,1724383,204477,0,299,3303,2019,2020,0,0,1,0,0,999,PSL,RJ,Felício Laterça,02012862000160,Emissão Bilhete Aéreo,,Cia Aérea - TAM,Bilhete: 957-2123.370505,Felício Laterça,SDU/BSB,386.85,0,386.85,
56,2020-01-22 00:00:00,1724503,204477,0,299,3303,2019,2020,0,0,1,0,0,999,PSL,RJ,Felício Laterça,02012862000160,Emissão Bilhete Aéreo,,Cia Aérea - TAM,Bilhete: 957-2123.638483,WAGNER MARINHO SR TAVARES,SDU/BSB/SDU,875.42,0,875.42,
56,2020-01-06 13:38:15,0,204478,1,324,3356,2019,2020,0,0,1,0,0,11,MDB,RJ,Vinicius Farah,00000000000007,SERVIÇOS POSTAIS,,CORREIOS - CAIXA DE ENCOMENDAS BÁSICA/CONVENCIONAL,RSP : 2297486,,,21.8,0,21.8,
56,2020-02-19 16:59:04,0,204478,1,324,3356,2019,2020,0,0,2,0,0,11,MDB,RJ,Vinicius Farah,00000000000007,SERVIÇOS POSTAIS,,CORREIOS - CARTA REGISTRADA,RSP : 2301921,,,8.4,0,8.4,
56,2020-02-12 12:30:26,0,204478,1,324,3356,2019,2020,0,0,2,0,0,11,MDB,RJ,Vinicius Farah,00000000000007,SERVIÇOS POSTAIS,,CORREIOS - ENCOMENDA PAC,RSP : 2300226,,,81.24,0,81.24,
56,2020-01-27 15:04:40,0,204478,1,324,3356,2019,2020,0,0,1,0,0,11,MDB,RJ,Vinicius Farah,00000000000007,SERVIÇOS POSTAIS,,CORREIOS - EXPORTA FÁCIL EXPRESSO (EMS MERCADORIA),RSP : 2299349,,,516,0,516,
56,2020-01-06 13:38:36,0,204478,1,324,3356,2019,2020,0,0,1,0,0,11,MDB,RJ,Vinicius Farah,00000000000007,SERVIÇOS POSTAIS,,CORREIOS - SEDEX CONVENCIONAL,RSP : 2297487,,,95.1,0,95.1,
56,2020-02-17 19:16:02,0,205548,1,519,3294,2019,2020,0,0,2,0,0,11,PSOL,RJ,David Miranda,00000000000007,SERVIÇOS POSTAIS,,CORREIOS - ENCOMENDA PAC,RSP : 2300694,,,158.37,0,158.37,
56,2020-01-30 18:10:49,0,205548,1,519,3294,2019,2020,0,0,1,0,0,11,PSOL,RJ,David Miranda,00000000000007,SERVIÇOS POSTAIS,,CORREIOS - IMPRESSO NORMAL,RSP : 2299564,,,12.4,0,12.4,
56,2020-02-06 16:31:55,0,205548,1,519,3294,2019,2020,0,0,2,0,0,11,PSOL,RJ,David Miranda,00000000000007,SERVIÇOS POSTAIS,,CORREIOS - SEDEX 10,RSP : 2299947,,,132.2,0,132.2,
56,2020-02-03 17:30:22,0,205548,1,519,3294,2019,2020,0,0,2,0,0,11,PSOL,RJ,David Miranda,00000000000007,SERVIÇOS POSTAIS,,CORREIOS - SEDEX 12,RSP : 2299566,,,102.8,0,102.8,
56,2020-02-17 19:16:31,0,205548,1,519,3294,2019,2020,0,0,2,0,0,11,PSOL,RJ,David Miranda,00000000000007,SERVIÇOS POSTAIS,,CORREIOS - SEDEX CONVENCIONAL,RSP : 2300690,,,461.88,0,461.88,
56,2020-02-20 16:49:02,0,205550,1,518,3423,2019,2020,0,0,2,0,0,11,REPUBLICANOS,RJ,Jorge Braz,00000000000007,SERVIÇOS POSTAIS,,CORREIOS - CARTA REGISTRADA COM AR,RSP : 2301944,,,516.25,0,516.25,
56,2020-02-05 12:54:02,0,205550,1,518,3423,2019,2020,0,0,2,0,0,11,REPUBLICANOS,RJ,Jorge Braz,00000000000007,SERVIÇOS POSTAIS,,CORREIOS - SEDEX CONVENCIONAL,RSP : 2299819,,,25.32,0,25.32,
56,2020-03-12 10:33:43,0,212749,1,551,3465,2019,2020,0,0,3,0,0,11,PL,RJ,Marcão Gomes,00000000000007,SERVIÇOS POSTAIS,,CORREIOS - ENCOMENDA PAC,RSP : 2302504,,,98.18,0,98.18,
