56,2020-01-10 16:52:20,0,141401,1,400,1962,2019,2020,0,0,1,0,0,11,MDB,MT,Carlos Bezerra,00000000000007,SERVIÇOS POSTAIS,,CORREIOS - SEDEX CONVENCIONAL,RSP : 2297681,,,49.42,0,49.42,
56,2020-01-28 16:39:22,0,141401,1,400,1962,2019,2020,0,0,1,0,0,11,MDB,MT,Carlos Bezerra,00000000000007,SERVIÇOS POSTAIS,,CORREIOS - SEDEX CONVENCIONAL,RSP : 2299398,,,35.46,0,35.46,
56,2020-02-13 12:26:34,0,141401,1,400,1962,2019,2020,0,0,2,0,0,11,MDB,MT,Carlos Bezerra,00000000000007,SERVIÇOS POSTAIS,,CORREIOS - SEDEX CONVENCIONAL,RSP : 2299934,,,54.23,0,54.23,
56,2020-02-17 19:13:22,0,141401,1,400,1962,2019,2020,0,0,2,0,0,11,MDB,MT,Carlos Bezerra,00000000000007,SERVIÇOS POSTAIS,,CORREIOS - SEDEX CONVENCIONAL,RSP : 2300648,,,51.26,0,51.26,
56,2020-02-20 16:38:02,0,141401,1,400,1962,2019,2020,0,0,2,0,0,11,MDB,MT,Carlos Bezerra,00000000000007,SERVIÇOS POSTAIS,,CORREIOS - SEDEX CONVENCIONAL,RSP : 2302047,,,212.23,0,212.23,
56,2020-02-20 17:22:16,0,146307,1,406,1977,2019,2020,0,0,2,0,0,11,PP,MT,Neri Geller,00000000000007,SERVIÇOS POSTAIS,,CORREIOS - ENVELOPE BÁSICO/CONVENCIONAL - PLÁSTICO/BOLHA,RSP : 2302087,,,4.9,0,4.9,
56,2020-02-20 17:17:22,0,146307,1,406,1977,2019,2020,0,0,2,0,0,11,PP,MT,Neri Geller,00000000000007,SERVIÇOS POSTAIS,,CORREIOS - SEDEX CONVENCIONAL COM AR,RSP : 2302085,,,41.81,0,41.81,
56,2020-01-07 16:57:24,0,198783,1,403,3315,2019,2020,0,0,1,0,0,11,PTB,MT,Emanuel Pinheiro Neto,00000000000007,SERVIÇOS POSTAIS,,CORREIOS - SEDEX CONVENCIONAL,RSP : 2297580,,,35.46,0,35.46,
56,2020-03-09 15:17:55,0,198783,1,403,3315,2019,2020,0,0,3,0,0,11,PTB,MT,Emanuel Pinheiro Neto,00000000000007,SERVIÇOS POSTAIS,,CORREIOS - SEDEX CONVENCIONAL,RSP : 2303900,,,53.71,0,53.71,
56,2020-01-02 00:00:00,1723387,204439,0,402,3366,2019,2020,0,0,1,0,0,999,SOLIDARIEDADE,MT,Dr. Leonardo,09296295000160,Emissão Bilhete Aéreo,,Cia Aérea - AZUL,Bilhete: PMGUKE,Dr. Leonardo,BSB/CGB,1202.57,0,1202.57,
56,2020-01-20 00:00:00,1724102,204439,0,402,3366,2019,2020,0,0,1,0,0,999,SOLIDARIEDADE,MT,Dr. Leonardo,02012862000160,Emissão Bilhete Aéreo,,Cia Aérea - TAM,Bilhete: 957-1532.504976,JULYENE REIS,CGB/BSB,40,0,40,
56,2020-01-20 00:00:00,1724103,204439,0,402,3366,2019,2020,0,0,1,0,0,999,SOLIDARIEDADE,MT,Dr. Leonardo,02012862000160,Emissão Bilhete Aéreo,,Cia Aérea - TAM,Bilhete: 957-1532.504983,JULYENE REIS,BSB/CGB,35,0,35,
56,2020-01-20 00:00:00,1724408,204439,0,402,3366,2019,2020,0,0,1,0,0,999,SOLIDARIEDADE,MT,Dr. Leonardo,02012862000160,Emissão Bilhete Aéreo,,Cia Aérea - TAM,Bilhete: 957-2123.397627,JULYENE REIS,CGB/BSB/CGB,2707.42,0,2707.42,
56,2020-01-23 00:00:00,1724551,204439,0,402,3366,2019,2020,0,0,1,0,0,999,SOLIDARIEDADE,MT,Dr. Leonardo,02012862000160,Emissão Bilhete Aéreo,,Cia Aérea - TAM,Bilhete: 957-2123.736030,JULYANE PAOLLA REIS,CGB/BSB/CGB,2189.42,0,2189.42,
56,2020-01-26 00:00:00,1724632,204439,0,402,3366,2019,2020,0,0,1,0,0,999,SOLIDARIEDADE,MT,Dr. Leonardo,02012862000160,Emissão Bilhete Aéreo,,Cia Aérea - TAM,Bilhete: 957-2124.019131,JULYENE REIS,CGB/BSB,1591.85,0,1591.85,
56,2020-03-06 13:09:46,0,204449,1,405,3388,2019,2020,0,0,3,0,0,11,PSL,MT,Nelson Barbudo,00000000000007,SERVIÇOS POSTAIS,,CORREIOS - SEDEX CONVENCIONAL,RSP : 2303712,,,56.82,0,56.82,
56,2020-03-11 12:05:44,0,204449,1,405,3388,2019,2020,0,0,3,0,0,11,PSL,MT,Nelson Barbudo,00000000000007,SERVIÇOS POSTAIS,,CORREIOS - SEDEX CONVENCIONAL,RSP : 2303858,,,38.71,0,38.71,
56,2020-02-13 12:29:04,0,204467,1,408,3312,2019,2020,0,0,2,0,0,11,PT,MT,Professora Rosa Neide,00000000000007,SERVIÇOS POSTAIS,,CORREIOS - CARTA REGISTRADA,RSP : 2300358,,,9.2,0,9.2,
56,2020-02-17 14:22:12,0,204467,1,408,3312,2019,2020,0,0,2,0,0,11,PT,MT,Professora Rosa Neide,00000000000007,SERVIÇOS POSTAIS,,CORREIOS - ENCOMENDA PAC,RSP : 2300668,,,46.97,0,46.97,
56,2020-01-08 00:00:00,1723452,204467,0,408,3312,2019,2020,0,0,1,0,0,999,PT,MT,Professora Rosa Neide,09296295000160,Emissão Bilhete Aéreo,,Cia Aérea - AZUL,Bilhete: BCVBQP,Professora Rosa Neide,CGB/BSB,316.85,0,316.85,
56,2020-01-08 00:00:00,1723453,204467,0,408,3312,2019,2020,0,0,1,0,0,999,PT,MT,Professora Rosa Neide,09296295000160,Emissão Bilhete Aéreo,,Cia Aérea - AZUL,Bilhete: BHY3PD,Professora Rosa Neide,BSB/CGB,314.57,0,314.57,
56,2020-01-08 00:00:00,1723454,204467,0,408,3312,2019,2020,0,0,1,0,0,999,PT,MT,Professora Rosa Neide,09296295000160,Emissão Bilhete Aéreo,,Cia Aérea - AZUL,Bilhete: BIWSMN,Professora Rosa Neide,BSB/CGB,658.57,0,658.57,
56,2020-01-08 00:00:00,1723449,204467,0,408,3312,2019,2020,0,0,1,0,0,999,PT,MT,Professora Rosa Neide,09296295000160,Emissão Bilhete Aéreo,,Cia Aérea - AZUL,Bilhete: NYQ9XL,Professora Rosa Neide,BSB/CGB,314.57,0,314.57,
56,2020-01-08 00:00:00,1723450,204467,0,408,3312,2019,2020,0,0,1,0,0,999,PT,MT,Professora Rosa Neide,09296295000160,Emissão Bilhete Aéreo,,Cia Aérea - AZUL,Bilhete: PE8J5M,Professora Rosa Neide,CGB/BSB,518.85,0,518.85,
56,2020-01-08 00:00:00,1723451,204467,0,408,3312,2019,2020,0,0,1,0,0,999,PT,MT,Professora Rosa Neide,09296295000160,Emissão Bilhete Aéreo,,Cia Aérea - AZUL,Bilhete: RDB5FC,Professora Rosa Neide,CGB/BSB,440.85,0,440.85,
56,2020-01-15 00:00:00,1724298,204467,0,408,3312,2019,2020,0,0,1,0,0,999,PT,MT,Professora Rosa Neide,02012862000160,Emissão Bilhete Aéreo,,Cia Aérea - TAM,Bilhete: 957-2122.919262,Professora Rosa Neide,CGB/CGH,1034.85,0,1034.85,
56,2020-01-15 00:00:00,1724299,204467,0,408,3312,2019,2020,0,0,1,0,0,999,PT,MT,Professora Rosa Neide,02012862000160,Emissão Bilhete Aéreo,,Cia Aérea - TAM,Bilhete: 957-2122.920261,Professora Rosa Neide,CGH/CGB,1337.85,0,1337.85,
56,2020-01-28 16:07:40,0,204472,1,404,3411,2019,2020,0,0,1,0,0,11,PODE,MT,José Medeiros,00000000000007,SERVIÇOS POSTAIS,,CORREIOS - SEDEX 10,RSP : 2299404,,,66.3,0,66.3,
56,2020-02-18 16:50:58,0,204474,1,401,3237,2019,2020,0,0,2,0,0,11,MDB,MT,Juarez Costa,00000000000007,SERVIÇOS POSTAIS,,CORREIOS - SEDEX CONVENCIONAL,RSP : 2301762,,,35.46,0,35.46,
