56,2020-01-21 13:09:33,0,74376,1,438,1697,2019,2020,0,0,1,0,0,11,PT,MS,Vander Loubet,00000000000007,SERVIÇOS POSTAIS,,CORREIOS - CARTA COMERCIAL,RSP : 2298048,,,11.7,0,11.7,
56,2020-01-29 17:30:07,0,74376,1,438,1697,2019,2020,0,0,1,0,0,11,PT,MS,Vander Loubet,00000000000007,SERVIÇOS POSTAIS,,CORREIOS - CARTA COMERCIAL,RSP : 2299503,,,18.9,0,18.9,
56,2020-02-04 15:31:19,0,74376,1,438,1697,2019,2020,0,0,2,0,0,11,PT,MS,Vander Loubet,00000000000007,SERVIÇOS POSTAIS,,CORREIOS - CARTA COMERCIAL,RSP : 2299725,,,12.3,0,12.3,
56,2020-02-19 16:35:46,0,74376,1,438,1697,2019,2020,0,0,2,0,0,11,PT,MS,Vander Loubet,00000000000007,SERVIÇOS POSTAIS,,CORREIOS - CARTA COMERCIAL,RSP : 2301916,,,10.25,0,10.25,
56,2020-03-05 17:25:28,0,74376,1,438,1697,2019,2020,0,0,3,0,0,11,PT,MS,Vander Loubet,00000000000007,SERVIÇOS POSTAIS,,CORREIOS - CARTA COMERCIAL,RSP : 2303779,,,16.4,0,16.4,
56,2020-03-09 16:52:40,0,74376,1,438,1697,2019,2020,0,0,3,0,0,11,PT,MS,Vander Loubet,00000000000007,SERVIÇOS POSTAIS,,CORREIOS - CARTA COMERCIAL,RSP : 2303925,,,12.3,0,12.3,
56,2020-01-23 17:25:29,0,74376,1,438,1697,2019,2020,0,0,1,0,0,11,PT,MS,Vander Loubet,00000000000007,SERVIÇOS POSTAIS,,CORREIOS - CARTA REGISTRADA,RSP : 2298238,,,8.45,0,8.45,
56,2020-01-28 17:38:27,0,74376,1,438,1697,2019,2020,0,0,1,0,0,11,PT,MS,Vander Loubet,00000000000007,SERVIÇOS POSTAIS,,CORREIOS - ENCOMENDA PAC,RSP : 2299435,,,36.01,0,36.01,
56,2020-03-09 16:52:57,0,74376,1,438,1697,2019,2020,0,0,3,0,0,11,PT,MS,Vander Loubet,00000000000007,SERVIÇOS POSTAIS,,CORREIOS - ENCOMENDA PAC,RSP : 2303926,,,37.38,0,37.38,
56,2020-01-28 15:16:21,0,74376,1,438,1697,2019,2020,0,0,1,0,0,11,PT,MS,Vander Loubet,00000000000007,SERVIÇOS POSTAIS,,CORREIOS - SEDEX CONVENCIONAL,RSP : 2299355,,,251.12,0,251.12,
56,2020-02-03 14:57:53,0,74376,1,438,1697,2019,2020,0,0,2,0,0,11,PT,MS,Vander Loubet,00000000000007,SERVIÇOS POSTAIS,,CORREIOS - SEDEX CONVENCIONAL,RSP : 2299646,,,63.79,0,63.79,
56,2020-02-14 16:08:03,0,74376,1,438,1697,2019,2020,0,0,2,0,0,11,PT,MS,Vander Loubet,00000000000007,SERVIÇOS POSTAIS,,CORREIOS - SEDEX CONVENCIONAL,RSP : 2300569,,,40.14,0,40.14,
56,2020-03-05 17:25:48,0,74376,1,438,1697,2019,2020,0,0,3,0,0,11,PT,MS,Vander Loubet,00000000000007,SERVIÇOS POSTAIS,,CORREIOS - SEDEX CONVENCIONAL,RSP : 2303778,,,1458.8,0,1458.8,
56,2020-03-09 16:52:17,0,74376,1,438,1697,2019,2020,0,0,3,0,0,11,PT,MS,Vander Loubet,00000000000007,SERVIÇOS POSTAIS,,CORREIOS - SEDEX CONVENCIONAL,RSP : 2303924,,,101.99,0,101.99,
56,2020-01-21 13:09:07,0,74376,1,438,1697,2019,2020,0,0,1,0,0,11,PT,MS,Vander Loubet,00000000000007,SERVIÇOS POSTAIS,,CORREIOS - SEDEX CONVENCIONAL COM AR,RSP : 2298049,,,41.21,0,41.21,
56,2020-01-06 00:00:00,1723786,74376,0,438,1697,2019,2020,0,0,1,0,0,999,PT,MS,Vander Loubet,02012862000160,Emissão Bilhete Aéreo,,Cia Aérea - TAM,Bilhete: 957-2121.865013,Vander Loubet,CGR/BSB/CGR,1436.36,0,1436.36,
56,2020-01-17 00:00:00,1724355,141411,0,434,1807,2019,2020,0,0,1,0,0,999,PDT,MS,Dagoberto Nogueira,02012862000160,Emissão Bilhete Aéreo,,Cia Aérea - TAM,Bilhete: 957-2123.149851,SERGIO ROBERT CASTILHO VIEIRA,BSB/CGR,812.57,0,812.57,
56,2020-01-17 00:00:00,1724356,141411,0,434,1807,2019,2020,0,0,1,0,0,999,PDT,MS,Dagoberto Nogueira,02012862000160,Emissão Bilhete Aéreo,,Cia Aérea - TAM,Bilhete: 957-2123.150243,SERGIO ROBERT CASTILHO VIEIRA,CGR/BSB,919.06,0,919.06,
56,2020-01-06 16:15:38,0,160587,1,436,2272,2019,2020,0,0,1,0,0,11,PSD,MS,Fábio Trad,00000000000007,SERVIÇOS POSTAIS,,CORREIOS - SEDEX CONVENCIONAL,RSP : 2297511,,,35.46,0,35.46,
56,2020-01-07 17:42:32,0,160587,1,436,2272,2019,2020,0,0,1,0,0,11,PSD,MS,Fábio Trad,00000000000007,SERVIÇOS POSTAIS,,CORREIOS - SEDEX CONVENCIONAL,RSP : 2297590,,,98.82,0,98.82,
56,2020-02-03 17:14:07,0,160587,1,436,2272,2019,2020,0,0,2,0,0,11,PSD,MS,Fábio Trad,00000000000007,SERVIÇOS POSTAIS,,CORREIOS - SEDEX CONVENCIONAL,RSP : 2299656,,,35.46,0,35.46,
56,2020-02-07 16:18:48,0,160587,1,436,2272,2019,2020,0,0,2,0,0,11,PSD,MS,Fábio Trad,00000000000007,SERVIÇOS POSTAIS,,CORREIOS - SEDEX CONVENCIONAL,RSP : 2300031,,,80.81,0,80.81,
56,2020-03-06 16:43:14,0,160587,1,436,2272,2019,2020,0,0,3,0,0,11,PSD,MS,Fábio Trad,00000000000007,SERVIÇOS POSTAIS,,CORREIOS - SEDEX CONVENCIONAL,RSP : 2303845,,,85.71,0,85.71,
56,2020-03-12 16:49:19,0,204351,1,435,3393,2019,2020,0,0,3,0,0,11,PSL,MS,Dr. Luiz Ovando,00000000000007,SERVIÇOS POSTAIS,,CORREIOS - ENCOMENDA PAC,RSP : 2304203,,,588.36,0,588.36,
56,2020-02-05 13:13:56,0,204351,1,435,3393,2019,2020,0,0,2,0,0,11,PSL,MS,Dr. Luiz Ovando,00000000000007,SERVIÇOS POSTAIS,,CORREIOS - SEDEX 10 COM AR,RSP : 2299776,,,72.65,0,72.65,
56,2020-02-14 15:20:17,0,204351,1,435,3393,2019,2020,0,0,2,0,0,11,PSL,MS,Dr. Luiz Ovando,00000000000007,SERVIÇOS POSTAIS,,CORREIOS - SEDEX CONVENCIONAL,RSP : 2300506,,,59.58,0,59.58,
56,2020-02-18 11:31:04,0,204351,1,435,3393,2019,2020,0,0,2,0,0,11,PSL,MS,Dr. Luiz Ovando,00000000000007,SERVIÇOS POSTAIS,,CORREIOS - SEDEX CONVENCIONAL COM AR,RSP : 2301725,,,41.81,0,41.81,
56,2020-02-19 17:14:53,0,204351,1,435,3393,2019,2020,0,0,2,0,0,11,PSL,MS,Dr. Luiz Ovando,00000000000007,SERVIÇOS POSTAIS,,CORREIOS - SEDEX CONVENCIONAL COM AR,RSP : 2301949,,,1009.92,0,1009.92,
56,2020-01-27 16:24:33,0,204357,1,440,3350,2019,2020,0,0,1,0,0,11,PSDB,MS,Rose Modesto,00000000000007,SERVIÇOS POSTAIS,,CORREIOS - CARTA COMERCIAL,RSP : 2299367,,,2.7,0,2.7,
56,2020-03-11 17:06:02,0,204357,1,440,3350,2019,2020,0,0,3,0,0,11,PSDB,MS,Rose Modesto,00000000000007,SERVIÇOS POSTAIS,,CORREIOS - CARTA COMERCIAL,RSP : 2304159,,,2.85,0,2.85,
56,2020-01-21 17:53:42,0,204357,1,440,3350,2019,2020,0,0,1,0,0,11,PSDB,MS,Rose Modesto,00000000000007,SERVIÇOS POSTAIS,,CORREIOS - SEDEX CONVENCIONAL,RSP : 2298134,,,61.88,0,61.88,
56,2020-03-11 17:05:27,0,204357,1,440,3350,2019,2020,0,0,3,0,0,11,PSDB,MS,Rose Modesto,00000000000007,SERVIÇOS POSTAIS,,CORREIOS - SEDEX CONVENCIONAL,RSP : 2304160,,,35.46,0,35.46,
56,2020-02-19 16:36:40,0,204358,1,433,3432,2019,2020,0,0,2,0,0,11,PSDB,MS,Beto Pereira,00000000000007,SERVIÇOS POSTAIS,,CORREIOS - CARTA COMERCIAL,RSP : 2301937,,,8.6,0,8.6,
56,2020-02-21 11:14:23,0,204358,1,433,3432,2019,2020,0,0,2,0,0,11,PSDB,MS,Beto Pereira,00000000000007,SERVIÇOS POSTAIS,,CORREIOS - CARTA REGISTRADA,RSP : 2302036,,,9.2,0,9.2,
56,2020-02-20 10:30:31,0,204358,1,433,3432,2019,2020,0,0,2,0,0,11,PSDB,MS,Beto Pereira,00000000000007,SERVIÇOS POSTAIS,,CORREIOS - ENCOMENDA PAC,RSP : 2301957,,,26.89,0,26.89,
56,2020-01-03 00:00:00,1723732,204358,0,433,3432,2019,2020,0,0,1,0,0,999,PSDB,MS,Beto Pereira,02012862000160,Emissão Bilhete Aéreo,,Cia Aérea - TAM,Bilhete: 957-2121.582534,Beto Pereira,BSB/CGH/CGR,886.67,0,886.67,
56,2020-01-03 00:00:00,1723733,204358,0,433,3432,2019,2020,0,0,1,0,0,999,PSDB,MS,Beto Pereira,02012862000160,Emissão Bilhete Aéreo,,Cia Aérea - TAM,Bilhete: 957-2121.582596,Beto Pereira,BSB/CGH/CGR,411.67,0,411.67,
56,2020-01-03 00:00:00,1723734,204358,0,433,3432,2019,2020,0,0,1,0,0,999,PSDB,MS,Beto Pereira,02012862000160,Emissão Bilhete Aéreo,,Cia Aérea - TAM,Bilhete: 957-2121.583141,Beto Pereira,CGR/GRU/BSB,752.89,0,752.89,
56,2020-01-03 00:00:00,1723735,204358,0,433,3432,2019,2020,0,0,1,0,0,999,PSDB,MS,Beto Pereira,02012862000160,Emissão Bilhete Aéreo,,Cia Aérea - TAM,Bilhete: 957-2121.583183,Beto Pereira,CGR/GRU/BSB,613.89,0,613.89,
56,2020-01-03 00:00:00,1723736,204358,0,433,3432,2019,2020,0,0,1,0,0,999,PSDB,MS,Beto Pereira,02012862000160,Emissão Bilhete Aéreo,,Cia Aérea - TAM,Bilhete: 957-2121.583933,Beto Pereira,CGR/GRU/BSB,613.89,0,613.89,
56,2020-01-03 00:00:00,1723737,204358,0,433,3432,2019,2020,0,0,1,0,0,999,PSDB,MS,Beto Pereira,02012862000160,Emissão Bilhete Aéreo,,Cia Aérea - TAM,Bilhete: 957-2121.583981,Beto Pereira,CGR/GRU/BSB,616.89,0,616.89,
56,2020-01-03 00:00:00,1723738,204358,0,433,3432,2019,2020,0,0,1,0,0,999,PSDB,MS,Beto Pereira,02012862000160,Emissão Bilhete Aéreo,,Cia Aérea - TAM,Bilhete: 957-2121.584724,Beto Pereira,BSB/CGH/CGR,411.67,0,411.67,
56,2020-01-08 00:00:00,1723914,204358,0,433,3432,2019,2020,0,0,1,0,0,999,PSDB,MS,Beto Pereira,02012862000160,Emissão Bilhete Aéreo,,Cia Aérea - TAM,Bilhete: 957-2122.136165,Beto Pereira,CGR/BSB,1337.79,0,1337.79,
56,2020-01-08 00:00:00,1723915,204358,0,433,3432,2019,2020,0,0,1,0,0,999,PSDB,MS,Beto Pereira,02012862000160,Emissão Bilhete Aéreo,,Cia Aérea - TAM,Bilhete: 957-2122.136947,Beto Pereira,BSB/CGR,1021.57,0,1021.57,
56,2020-01-16 00:00:00,1724337,204358,0,433,3432,2019,2020,0,0,1,0,0,999,PSDB,MS,Beto Pereira,02012862000160,Emissão Bilhete Aéreo,,Cia Aérea - TAM,Bilhete: 957-2123.037917,Beto Pereira,CGR/BSB,331.17,0,331.17,
56,2020-02-14 17:43:12,0,204382,1,439,3318,2019,2020,0,0,2,0,0,11,PSL,MS,Loester Trutis,00000000000007,SERVIÇOS POSTAIS,,CORREIOS - CARTA REGISTRADA COM AR,RSP : 2300584,,,15.55,0,15.55,
56,2020-02-19 16:36:09,0,204382,1,439,3318,2019,2020,0,0,2,0,0,11,PSL,MS,Loester Trutis,00000000000007,SERVIÇOS POSTAIS,,CORREIOS - CARTA REGISTRADA COM AR,RSP : 2301926,,,15.55,0,15.55,
56,2020-01-08 00:00:00,1723873,204382,0,439,3318,2019,2020,0,0,1,0,0,999,PSL,MS,Loester Trutis,02012862000160,Emissão Bilhete Aéreo,,Cia Aérea - TAM,Bilhete: 957-2122.081459,RAQUELLE ALVES,BSB/CGR,1697.57,0,1697.57,
56,2020-01-18 00:00:00,1724359,204382,0,439,3318,2019,2020,0,0,1,0,0,999,PSL,MS,Loester Trutis,02012862000160,Emissão Bilhete Aéreo,,Cia Aérea - TAM,Bilhete: 957-2123.242114,RAQUELLE ALVES,CGR/CGH/BSB/CGH/CGR,3050.56,0,3050.56,
56,2020-01-24 00:00:00,1724608,204382,0,439,3318,2019,2020,0,0,1,0,0,999,PSL,MS,Loester Trutis,02012862000160,Emissão Bilhete Aéreo,,Cia Aérea - TAM,Bilhete: 957-2123.830289,Loester Trutis,BSB/CGR,1181.57,0,1181.57,
56,2020-01-24 00:00:00,1724609,204382,0,439,3318,2019,2020,0,0,1,0,0,999,PSL,MS,Loester Trutis,02012862000160,Emissão Bilhete Aéreo,,Cia Aérea - TAM,Bilhete: 957-2123.830290,RAQUELLE ALVES,BSB/CGR,1181.57,0,1181.57,
56,2020-01-24 00:00:00,1724610,204382,0,439,3318,2019,2020,0,0,1,0,0,999,PSL,MS,Loester Trutis,02012862000160,Emissão Bilhete Aéreo,,Cia Aérea - TAM,Bilhete: 957-2123.831803,Loester Trutis,BSB/CGR,980.57,0,980.57,
56,2020-01-24 00:00:00,1724612,204382,0,439,3318,2019,2020,0,0,1,0,0,999,PSL,MS,Loester Trutis,02012862000160,Emissão Bilhete Aéreo,,Cia Aérea - TAM,Bilhete: 957-2123.832627,Loester Trutis,BSB/CGR,1181.57,0,1181.57,
56,2020-01-24 00:00:00,1724613,204382,0,439,3318,2019,2020,0,0,1,0,0,999,PSL,MS,Loester Trutis,02012862000160,Emissão Bilhete Aéreo,,Cia Aérea - TAM,Bilhete: 957-2123.832677,Loester Trutis,BSB/CGR,450.57,0,450.57,
56,2020-01-27 00:00:00,1724636,204382,0,439,3318,2019,2020,0,0,1,0,0,999,PSL,MS,Loester Trutis,02012862000160,Emissão Bilhete Aéreo,,Cia Aérea - TAM,Bilhete: 957-2124.044131,Loester Trutis,CGR/BSB,1325.06,0,1325.06,
56,2020-01-27 00:00:00,1724637,204382,0,439,3318,2019,2020,0,0,1,0,0,999,PSL,MS,Loester Trutis,02012862000160,Emissão Bilhete Aéreo,,Cia Aérea - TAM,Bilhete: 957-2124.045034,RAQUELLE ALVES,CGR/BSB,1525.79,0,1525.79,
56,2020-02-21 17:19:47,0,207176,1,532,3445,2019,2020,0,0,2,0,0,11,PSDB,MS,Bia Cavassa,00000000000007,SERVIÇOS POSTAIS,,CORREIOS - CARTA COMERCIAL,RSP : 2302173,,,14.35,0,14.35,
56,2020-01-17 00:00:00,1724345,207176,0,532,3445,2019,2020,0,0,1,0,0,999,PSDB,MS,Bia Cavassa,02012862000160,Emissão Bilhete Aéreo,,Cia Aérea - TAM,Bilhete: 957-2123.120542,Bia Cavassa,CGR/BSB,1514.06,0,1514.06,
