56,2020-02-04 17:18:44,0,73460,1,452,1437,2019,2020,0,0,2,0,0,11,PDT,PR,Gustavo Fruet,00000000000007,SERVIÇOS POSTAIS,,CORREIOS - ENCOMENDA PAC,RSP : 2299747,,,45.37,0,45.37,
56,2020-02-06 17:19:26,0,73460,1,452,1437,2019,2020,0,0,2,0,0,11,PDT,PR,Gustavo Fruet,00000000000007,SERVIÇOS POSTAIS,,CORREIOS - SEDEX CONVENCIONAL,RSP : 2299950,,,45.59,0,45.59,
56,2020-02-14 16:33:36,0,73460,1,452,1437,2019,2020,0,0,2,0,0,11,PDT,PR,Gustavo Fruet,00000000000007,SERVIÇOS POSTAIS,,CORREIOS - SEDEX CONVENCIONAL,RSP : 2300522,,,45.59,0,45.59,
56,2020-02-19 14:48:26,0,73460,1,452,1437,2019,2020,0,0,2,0,0,11,PDT,PR,Gustavo Fruet,00000000000007,SERVIÇOS POSTAIS,,CORREIOS - SEDEX CONVENCIONAL,RSP : 2301895,,,36.94,0,36.94,
56,2020-03-10 15:16:24,0,73466,1,460,831,2019,2020,0,0,3,0,0,11,CIDADANIA,PR,Rubens Bueno,00000000000007,SERVIÇOS POSTAIS,,CORREIOS - ENCOMENDA PAC,RSP : 2303955,,,2881.19,0,2881.19,
56,2020-03-10 15:16:49,0,73466,1,460,831,2019,2020,0,0,3,0,0,11,CIDADANIA,PR,Rubens Bueno,00000000000007,SERVIÇOS POSTAIS,,CORREIOS - SEDEX CONVENCIONAL,RSP : 2303956,,,2134.2,0,2134.2,
56,2020-01-07 00:00:00,1723439,73466,0,460,831,2019,2020,0,0,1,0,0,999,CIDADANIA,PR,Rubens Bueno,09296295000160,Emissão Bilhete Aéreo,,Cia Aérea - AZUL,Bilhete: WIU7YD,Rubens Bueno,MGF/CWB,475.79,0,475.79,
56,2020-01-06 00:00:00,1723784,73466,0,460,831,2019,2020,0,0,1,0,0,999,CIDADANIA,PR,Rubens Bueno,02012862000160,Emissão Bilhete Aéreo,,Cia Aérea - TAM,Bilhete: 957-2121.855889,Rubens Bueno,CWB/CGH,782.85,0,782.85,
56,2020-01-24 16:47:25,0,73772,1,448,1042,2019,2020,0,0,1,0,0,11,MDB,PR,Hermes Parcianello,00000000000007,SERVIÇOS POSTAIS,,CORREIOS - MALA DIRETA POSTAL BÁSICA,RSP : 2298290,,,122.98,0,122.98,
56,2020-01-24 16:49:20,0,73772,1,448,1042,2019,2020,0,0,1,0,0,11,MDB,PR,Hermes Parcianello,00000000000007,SERVIÇOS POSTAIS,,CORREIOS - MALA DIRETA POSTAL BÁSICA,RSP : 2298291,,,14.7,0,14.7,
56,2020-01-24 16:48:11,0,73772,1,448,1042,2019,2020,0,0,1,0,0,11,MDB,PR,Hermes Parcianello,00000000000007,SERVIÇOS POSTAIS,,CORREIOS - MALA DIRETA POSTAL BÁSICA,RSP : 2298292,,,159.6,0,159.6,
56,2020-01-24 16:48:47,0,73772,1,448,1042,2019,2020,0,0,1,0,0,11,MDB,PR,Hermes Parcianello,00000000000007,SERVIÇOS POSTAIS,,CORREIOS - MALA DIRETA POSTAL BÁSICA,RSP : 2298293,,,18.54,0,18.54,
56,2020-03-05 17:11:15,0,73772,1,448,1042,2019,2020,0,0,3,0,0,11,MDB,PR,Hermes Parcianello,00000000000007,SERVIÇOS POSTAIS,,CORREIOS - SEDEX CONVENCIONAL,RSP : 2303777,,,110.34,0,110.34,
56,2020-01-23 16:46:54,0,73788,1,462,1155,2019,2020,0,0,1,0,0,11,PP,PR,Ricardo Barros,00000000000007,SERVIÇOS POSTAIS,,CORREIOS - ENCOMENDA PAC,RSP : 2298236,,,42.78,0,42.78,
56,2020-01-29 12:45:29,0,73788,1,462,1155,2019,2020,0,0,1,0,0,11,PP,PR,Ricardo Barros,00000000000007,SERVIÇOS POSTAIS,,CORREIOS - ENCOMENDA PAC,RSP : 2299476,,,164.02,0,164.02,
56,2020-02-07 16:41:27,0,73788,1,462,1155,2019,2020,0,0,2,0,0,11,PP,PR,Ricardo Barros,00000000000007,SERVIÇOS POSTAIS,,CORREIOS - IMPRESSO NORMAL,RSP : 2300033,,,13.35,0,13.35,
56,2020-02-21 16:31:21,0,73788,1,462,1155,2019,2020,0,0,2,0,0,11,PP,PR,Ricardo Barros,00000000000007,SERVIÇOS POSTAIS,,CORREIOS - IMPRESSO NORMAL,RSP : 2302168,,,9.95,0,9.95,
56,2020-02-18 17:10:25,0,73788,1,462,1155,2019,2020,0,0,2,0,0,11,PP,PR,Ricardo Barros,00000000000007,SERVIÇOS POSTAIS,,CORREIOS - SEDEX CONVENCIONAL,RSP : 2301826,,,61.88,0,61.88,
56,2020-01-06 00:00:00,1723420,73788,0,462,1155,2019,2020,0,0,1,0,0,999,PP,PR,Ricardo Barros,09296295000160,Emissão Bilhete Aéreo,,Cia Aérea - AZUL,Bilhete: RI83PD,Ricardo Barros,MGF/CWB,410.79,0,410.79,
56,2020-01-22 00:00:00,1724502,73788,0,462,1155,2019,2020,0,0,1,0,0,999,PP,PR,Ricardo Barros,02012862000160,Emissão Bilhete Aéreo,,Cia Aérea - TAM,Bilhete: 957-2123.638275,Ricardo Barros,CWB/BSB,1195.47,0,1195.47,
56,2020-01-22 00:00:00,1724504,73788,0,462,1155,2019,2020,0,0,1,0,0,999,PP,PR,Ricardo Barros,02012862000160,Emissão Bilhete Aéreo,,Cia Aérea - TAM,Bilhete: 957-2123.639911,Ricardo Barros,CWB/BSB,726.47,0,726.47,
56,2020-01-22 00:00:00,1724505,73788,0,462,1155,2019,2020,0,0,1,0,0,999,PP,PR,Ricardo Barros,02012862000160,Emissão Bilhete Aéreo,,Cia Aérea - TAM,Bilhete: 957-2123.640851,Ricardo Barros,BSB/CGH,1329.57,0,1329.57,
56,2020-01-27 00:00:00,1724665,73788,0,462,1155,2019,2020,0,0,1,0,0,999,PP,PR,Ricardo Barros,02012862000160,Emissão Bilhete Aéreo,,Cia Aérea - TAM,Bilhete: 957-2124.085342,Ricardo Barros,CWB/BSB,1854.47,0,1854.47,
56,2020-01-03 13:09:58,0,74383,1,466,1651,2019,2020,0,0,1,0,0,11,PL,PR,Giacobo,00000000000007,SERVIÇOS POSTAIS,,CORREIOS - CARTA REGISTRADA COM AR,RSP : 2297433,,,511.2,0,511.2,
56,2020-01-07 16:05:52,0,74383,1,466,1651,2019,2020,0,0,1,0,0,11,PL,PR,Giacobo,00000000000007,SERVIÇOS POSTAIS,,CORREIOS - CARTA REGISTRADA COM AR,RSP : 2297556,,,80.7,0,80.7,
56,2020-02-07 17:19:26,0,74383,1,466,1651,2019,2020,0,0,2,0,0,11,PL,PR,Giacobo,00000000000007,SERVIÇOS POSTAIS,,CORREIOS - CARTA REGISTRADA COM AR,RSP : 2300034,,,649,0,649,
56,2020-02-14 16:34:23,0,74383,1,466,1651,2019,2020,0,0,2,0,0,11,PL,PR,Giacobo,00000000000007,SERVIÇOS POSTAIS,,CORREIOS - CARTA REGISTRADA COM AR,RSP : 2300578,,,31.1,0,31.1,
56,2020-03-05 14:07:18,0,74383,1,466,1651,2019,2020,0,0,3,0,0,11,PL,PR,Giacobo,00000000000007,SERVIÇOS POSTAIS,,CORREIOS - CARTA REGISTRADA COM AR,RSP : 2303732,,,14.75,0,14.75,
56,2020-03-02 14:35:27,0,74383,1,466,1651,2019,2020,0,0,3,0,0,11,PL,PR,Giacobo,00000000000007,SERVIÇOS POSTAIS,,CORREIOS - ENCOMENDA PAC,RSP : 2302375,,,44.35,0,44.35,
56,2020-03-09 15:20:15,0,74383,1,466,1651,2019,2020,0,0,3,0,0,11,PL,PR,Giacobo,00000000000007,SERVIÇOS POSTAIS,,CORREIOS - ENCOMENDA PAC COM AR,RSP : 2303908,,,282.51,0,282.51,
56,2020-01-13 18:02:14,0,74383,1,466,1651,2019,2020,0,0,1,0,0,11,PL,PR,Giacobo,00000000000007,SERVIÇOS POSTAIS,,CORREIOS - SEDEX CONVENCIONAL,RSP : 2297776,,,70.97,0,70.97,
56,2020-02-14 11:44:09,0,74383,1,466,1651,2019,2020,0,0,2,0,0,11,PL,PR,Giacobo,00000000000007,SERVIÇOS POSTAIS,,CORREIOS - SEDEX CONVENCIONAL,RSP : 2300471,,,63.79,0,63.79,
56,2020-01-03 13:08:48,0,74383,1,466,1651,2019,2020,0,0,1,0,0,11,PL,PR,Giacobo,00000000000007,SERVIÇOS POSTAIS,,CORREIOS - SEDEX CONVENCIONAL COM AR,RSP : 2297434,,,71.46,0,71.46,
56,2020-01-21 14:35:23,0,74383,1,466,1651,2019,2020,0,0,1,0,0,11,PL,PR,Giacobo,00000000000007,SERVIÇOS POSTAIS,,CORREIOS - SEDEX CONVENCIONAL COM AR,RSP : 2298106,,,86.56,0,86.56,
56,2020-01-30 14:17:26,0,74383,1,466,1651,2019,2020,0,0,1,0,0,11,PL,PR,Giacobo,00000000000007,SERVIÇOS POSTAIS,,CORREIOS - SEDEX CONVENCIONAL COM AR,RSP : 2299544,,,67.63,0,67.63,
56,2020-02-18 12:03:03,0,74383,1,466,1651,2019,2020,0,0,2,0,0,11,PL,PR,Giacobo,00000000000007,SERVIÇOS POSTAIS,,CORREIOS - SEDEX CONVENCIONAL COM AR,RSP : 2301744,,,68.23,0,68.23,
56,2020-02-19 13:14:20,0,74383,1,466,1651,2019,2020,0,0,2,0,0,11,PL,PR,Giacobo,00000000000007,SERVIÇOS POSTAIS,,CORREIOS - SEDEX CONVENCIONAL COM AR,RSP : 2301888,,,87.16,0,87.16,
56,2020-03-02 17:09:41,0,74383,1,466,1651,2019,2020,0,0,3,0,0,11,PL,PR,Giacobo,00000000000007,SERVIÇOS POSTAIS,,CORREIOS - SEDEX CONVENCIONAL COM AR,RSP : 2302376,,,24.41,0,24.41,
56,2020-03-11 12:07:27,0,74383,1,466,1651,2019,2020,0,0,3,0,0,11,PL,PR,Giacobo,00000000000007,SERVIÇOS POSTAIS,,CORREIOS - SEDEX CONVENCIONAL COM AR,RSP : 2304052,,,71.19,0,71.19,
56,2020-01-20 00:00:00,1723567,74383,0,466,1651,2019,2020,0,0,1,0,0,999,PL,PR,Giacobo,09296295000160,Emissão Bilhete Aéreo,,Cia Aérea - AZUL,Bilhete: SCCT9F,Giacobo,CAC/BSB,1146.35,0,1146.35,
56,2020-01-06 00:00:00,1723788,74383,0,466,1651,2019,2020,0,0,1,0,0,999,PL,PR,Giacobo,02012862000160,Emissão Bilhete Aéreo,,Cia Aérea - TAM,Bilhete: 957-2121.866976,Giacobo,BSB/GRU/IGU,1596.57,0,1596.57,
56,2020-01-24 00:00:00,1724606,74383,0,466,1651,2019,2020,0,0,1,0,0,999,PL,PR,Giacobo,02012862000160,Emissão Bilhete Aéreo,,Cia Aérea - TAM,Bilhete: 957-2123.821688,Giacobo,CWB/BSB,1854.47,0,1854.47,
56,2020-01-07 16:02:02,0,107283,1,451,3430,2019,2020,0,0,1,0,0,11,PT,PR,Gleisi Hoffmann,00000000000007,SERVIÇOS POSTAIS,,CORREIOS - CARTA COMERCIAL,RSP : 2297558,,,3.75,0,3.75,
56,2020-01-13 15:21:23,0,107283,1,451,3430,2019,2020,0,0,1,0,0,11,PT,PR,Gleisi Hoffmann,00000000000007,SERVIÇOS POSTAIS,,CORREIOS - CARTA COMERCIAL,RSP : 2297702,,,8.1,0,8.1,
56,2020-02-17 11:30:08,0,107283,1,451,3430,2019,2020,0,0,2,0,0,11,PT,PR,Gleisi Hoffmann,00000000000007,SERVIÇOS POSTAIS,,CORREIOS - ENCOMENDA PAC,RSP : 2300589,,,110.88,0,110.88,
56,2020-02-28 11:59:29,0,107283,1,451,3430,2019,2020,0,0,2,0,0,11,PT,PR,Gleisi Hoffmann,00000000000007,SERVIÇOS POSTAIS,,CORREIOS - ENCOMENDA PAC,RSP : 2302270,,,110.88,0,110.88,
56,2020-03-03 16:04:58,0,107283,1,451,3430,2019,2020,0,0,3,0,0,11,PT,PR,Gleisi Hoffmann,00000000000007,SERVIÇOS POSTAIS,,CORREIOS - ENCOMENDA PAC,RSP : 2302422,,,295.14,0,295.14,
56,2020-01-07 16:02:36,0,107283,1,451,3430,2019,2020,0,0,1,0,0,11,PT,PR,Gleisi Hoffmann,00000000000007,SERVIÇOS POSTAIS,,CORREIOS - IMPRESSO NORMAL,RSP : 2297557,,,10.3,0,10.3,
56,2020-01-10 15:19:40,0,107283,1,451,3430,2019,2020,0,0,1,0,0,11,PT,PR,Gleisi Hoffmann,00000000000007,SERVIÇOS POSTAIS,,CORREIOS - IMPRESSO NORMAL,RSP : 2297703,,,10.3,0,10.3,
56,2020-01-14 16:02:54,0,107283,1,451,3430,2019,2020,0,0,1,0,0,11,PT,PR,Gleisi Hoffmann,00000000000007,SERVIÇOS POSTAIS,,CORREIOS - IMPRESSO NORMAL,RSP : 2297837,,,267.95,0,267.95,
56,2020-02-17 11:30:36,0,107283,1,451,3430,2019,2020,0,0,2,0,0,11,PT,PR,Gleisi Hoffmann,00000000000007,SERVIÇOS POSTAIS,,CORREIOS - IMPRESSO NORMAL,RSP : 2300590,,,626.6,0,626.6,
56,2020-02-21 10:15:51,0,107283,1,451,3430,2019,2020,0,0,2,0,0,11,PT,PR,Gleisi Hoffmann,00000000000007,SERVIÇOS POSTAIS,,CORREIOS - IMPRESSO NORMAL,RSP : 2302096,,,16.9,0,16.9,
56,2020-01-14 12:39:11,0,107283,1,451,3430,2019,2020,0,0,1,0,0,11,PT,PR,Gleisi Hoffmann,00000000000007,SERVIÇOS POSTAIS,,CORREIOS - SEDEX CONVENCIONAL,RSP : 2297785,,,45.59,0,45.59,
56,2020-02-10 18:00:34,0,107283,1,451,3430,2019,2020,0,0,2,0,0,11,PT,PR,Gleisi Hoffmann,00000000000007,SERVIÇOS POSTAIS,,CORREIOS - SEDEX CONVENCIONAL,RSP : 2300138,,,49.42,0,49.42,
56,2020-02-21 10:15:38,0,107283,1,451,3430,2019,2020,0,0,2,0,0,11,PT,PR,Gleisi Hoffmann,00000000000007,SERVIÇOS POSTAIS,,CORREIOS - SEDEX CONVENCIONAL,RSP : 2302097,,,45.59,0,45.59,
56,2020-02-04 00:00:00,0,132504,0,449,2893,2019,2020,0,0,1,0,0,10,PT,PR,Enio Verri,00000000000001,TELEFONIA,,CELULAR FUNCIONAL,7022197,,,119.96,0,119.96,
56,2020-01-10 00:00:00,1723475,162332,0,459,2424,2019,2020,0,0,1,0,0,999,PL,PR,Luiz Nishimori,09296295000160,Emissão Bilhete Aéreo,,Cia Aérea - AZUL,Bilhete: JEGN7Z,Luiz Nishimori,CWB/MGF,1324,0,1324,
56,2020-01-13 00:00:00,1723513,162332,0,459,2424,2019,2020,0,0,1,0,0,999,PL,PR,Luiz Nishimori,09296295000160,Emissão Bilhete Aéreo,,Cia Aérea - AZUL,Bilhete: LDKRWC,Luiz Nishimori,MGF/CWB,575.79,0,575.79,
56,2020-01-13 00:00:00,1723512,162332,0,459,2424,2019,2020,0,0,1,0,0,999,PL,PR,Luiz Nishimori,09296295000160,Emissão Bilhete Aéreo,,Cia Aérea - AZUL,Bilhete: UBPMYY,Luiz Nishimori,MGF/CWB,267.79,0,267.79,
56,2020-01-13 00:00:00,1723511,162332,0,459,2424,2019,2020,0,0,1,0,0,999,PL,PR,Luiz Nishimori,09296295000160,Emissão Bilhete Aéreo,,Cia Aérea - AZUL,Bilhete: ZJ8YQQ,Luiz Nishimori,CWB/MGF,853.85,0,853.85,
56,2020-01-06 13:53:39,0,178832,1,453,3044,2019,2020,0,0,1,0,0,11,PV,PR,Leandre,00000000000007,SERVIÇOS POSTAIS,,CORREIOS - CARTA COMERCIAL,RSP : 2297483,,,206.7,0,206.7,
56,2020-01-06 13:53:04,0,178832,1,453,3044,2019,2020,0,0,1,0,0,11,PV,PR,Leandre,00000000000007,SERVIÇOS POSTAIS,,CORREIOS - CARTA COMERCIAL,RSP : 2297484,,,5.4,0,5.4,
56,2020-01-09 12:17:42,0,178832,1,453,3044,2019,2020,0,0,1,0,0,11,PV,PR,Leandre,00000000000007,SERVIÇOS POSTAIS,,CORREIOS - CARTA COMERCIAL,RSP : 2297647,,,195,0,195,
56,2020-02-03 16:52:10,0,178832,1,453,3044,2019,2020,0,0,2,0,0,11,PV,PR,Leandre,00000000000007,SERVIÇOS POSTAIS,,CORREIOS - CARTA COMERCIAL,RSP : 2299668,,,249.6,0,249.6,
56,2020-02-05 12:10:29,0,178832,1,453,3044,2019,2020,0,0,2,0,0,11,PV,PR,Leandre,00000000000007,SERVIÇOS POSTAIS,,CORREIOS - CARTA COMERCIAL,RSP : 2299789,,,2009.95,0,2009.95,
56,2020-02-05 12:10:18,0,178832,1,453,3044,2019,2020,0,0,2,0,0,11,PV,PR,Leandre,00000000000007,SERVIÇOS POSTAIS,,CORREIOS - CARTA COMERCIAL,RSP : 2299790,,,262.4,0,262.4,
56,2020-02-13 13:33:23,0,178832,1,453,3044,2019,2020,0,0,2,0,0,11,PV,PR,Leandre,00000000000007,SERVIÇOS POSTAIS,,CORREIOS - CARTA COMERCIAL,RSP : 2300345,,,268.55,0,268.55,
56,2020-02-28 15:00:54,0,178832,1,453,3044,2019,2020,0,0,2,0,0,11,PV,PR,Leandre,00000000000007,SERVIÇOS POSTAIS,,CORREIOS - CARTA COMERCIAL,RSP : 2302323,,,344.4,0,344.4,
56,2020-03-02 14:37:39,0,178832,1,453,3044,2019,2020,0,0,3,0,0,11,PV,PR,Leandre,00000000000007,SERVIÇOS POSTAIS,,CORREIOS - CARTA COMERCIAL,RSP : 2302346,,,601.65,0,601.65,
56,2020-03-10 15:04:21,0,178832,1,453,3044,2019,2020,0,0,3,0,0,11,PV,PR,Leandre,00000000000007,SERVIÇOS POSTAIS,,CORREIOS - CARTA COMERCIAL,RSP : 2303969,,,387.45,0,387.45,
56,2020-02-19 13:20:28,0,178832,1,453,3044,2019,2020,0,0,2,0,0,11,PV,PR,Leandre,00000000000007,SERVIÇOS POSTAIS,,CORREIOS - ENCOMENDA PAC,RSP : 2301892,,,48.98,0,48.98,
56,2020-01-24 15:55:17,0,178927,1,441,2915,2019,2020,0,0,1,0,0,11,PSB,PR,Aliel Machado,00000000000007,SERVIÇOS POSTAIS,,CORREIOS - CARTA COMERCIAL,RSP : 2298281,,,1.95,0,1.95,
56,2020-02-17 11:53:48,0,178927,1,441,2915,2019,2020,0,0,2,0,0,11,PSB,PR,Aliel Machado,00000000000007,SERVIÇOS POSTAIS,,CORREIOS - CARTA COMERCIAL,RSP : 2300633,,,33.4,0,33.4,
56,2020-03-02 16:07:27,0,178927,1,441,2915,2019,2020,0,0,3,0,0,11,PSB,PR,Aliel Machado,00000000000007,SERVIÇOS POSTAIS,,CORREIOS - CARTA COMERCIAL,RSP : 2302398,,,8.35,0,8.35,
56,2020-03-03 14:07:05,0,178927,1,441,2915,2019,2020,0,0,3,0,0,11,PSB,PR,Aliel Machado,00000000000007,SERVIÇOS POSTAIS,,CORREIOS - CARTA COMERCIAL,RSP : 2302473,,,8.35,0,8.35,
56,2020-03-09 15:46:08,0,178927,1,441,2915,2019,2020,0,0,3,0,0,11,PSB,PR,Aliel Machado,00000000000007,SERVIÇOS POSTAIS,,CORREIOS - CARTA COMERCIAL,RSP : 2303929,,,14,0,14,
56,2020-02-18 14:48:13,0,178927,1,441,2915,2019,2020,0,0,2,0,0,11,PSB,PR,Aliel Machado,00000000000007,SERVIÇOS POSTAIS,,CORREIOS - ENCOMENDA PAC,RSP : 2301759,,,63.07,0,63.07,
56,2020-03-09 12:31:04,0,178927,1,441,2915,2019,2020,0,0,3,0,0,11,PSB,PR,Aliel Machado,00000000000007,SERVIÇOS POSTAIS,,CORREIOS - ENCOMENDA PAC,RSP : 2303882,,,46.3,0,46.3,
56,2020-03-09 15:45:52,0,178927,1,441,2915,2019,2020,0,0,3,0,0,11,PSB,PR,Aliel Machado,00000000000007,SERVIÇOS POSTAIS,,CORREIOS - ENCOMENDA PAC,RSP : 2303931,,,46.3,0,46.3,
56,2020-01-07 00:00:00,1723824,178927,0,441,2915,2019,2020,0,0,1,0,0,999,PSB,PR,Aliel Machado,02012862000160,Emissão Bilhete Aéreo,,Cia Aérea - TAM,Bilhete: 957-2121.966637,Aliel Machado,CWB/BSB,621.85,0,621.85,
56,2020-01-07 00:00:00,1723825,178927,0,441,2915,2019,2020,0,0,1,0,0,999,PSB,PR,Aliel Machado,02012862000160,Emissão Bilhete Aéreo,,Cia Aérea - TAM,Bilhete: 957-2121.966678,Aliel Machado,CWB/BSB,479.85,0,479.85,
56,2020-01-09 00:00:00,1724123,178927,0,441,2915,2019,2020,0,0,1,0,0,999,PSB,PR,Aliel Machado,02012862000160,Emissão Bilhete Aéreo,,Cia Aérea - TAM,Bilhete: 957-2122.263026,Aliel Machado,CWB/BSB,621.85,0,621.85,
56,2020-01-09 00:00:00,1723976,178927,0,441,2915,2019,2020,0,0,1,0,0,999,PSB,PR,Aliel Machado,02012862000160,Emissão Bilhete Aéreo,,Cia Aérea - TAM,Bilhete: 957-2122.263580,OELINTON SANTOS,CWB/BSB,486.85,0,486.85,
56,2020-01-10 00:00:00,1723993,178927,0,441,2915,2019,2020,0,0,1,0,0,999,PSB,PR,Aliel Machado,02012862000160,Emissão Bilhete Aéreo,,Cia Aérea - TAM,Bilhete: 957-2122.344387,Aliel Machado,BSB/CWB,722.57,0,722.57,
56,2020-01-15 00:00:00,1724309,178927,0,441,2915,2019,2020,0,0,1,0,0,999,PSB,PR,Aliel Machado,02012862000160,Emissão Bilhete Aéreo,,Cia Aérea - TAM,Bilhete: 957-2122.965535,Aliel Machado,BSB/CWB,841.57,0,841.57,
56,2020-01-20 00:00:00,1724418,178927,0,441,2915,2019,2020,0,0,1,0,0,999,PSB,PR,Aliel Machado,02012862000160,Emissão Bilhete Aéreo,,Cia Aérea - TAM,Bilhete: 957-2123.403784,Aliel Machado,BSB/FLN,592,0,592,
56,2020-01-21 00:00:00,1724485,178927,0,441,2915,2019,2020,0,0,1,0,0,999,PSB,PR,Aliel Machado,02012862000160,Emissão Bilhete Aéreo,,Cia Aérea - TAM,Bilhete: 957-2123.539212,LISANDRO SR VIEIRA,CWB/BSB,1689.47,0,1689.47,
56,2020-01-21 00:00:00,1724486,178927,0,441,2915,2019,2020,0,0,1,0,0,999,PSB,PR,Aliel Machado,02012862000160,Emissão Bilhete Aéreo,,Cia Aérea - TAM,Bilhete: 957-2123.539213,VALDENOR NASCIMENTO,CWB/BSB,1689.47,0,1689.47,
56,2020-02-04 00:00:00,0,178928,0,442,2983,2019,2020,0,0,1,0,0,10,PL,PR,Christiane de Souza Yared,00000000000001,TELEFONIA,,CELULAR FUNCIONAL,7022197,,,20.3,0,20.3,
56,2020-02-17 19:13:54,0,178928,1,442,2983,2019,2020,0,0,2,0,0,11,PL,PR,Christiane de Souza Yared,00000000000007,SERVIÇOS POSTAIS,,CORREIOS - ENCOMENDA PAC,RSP : 2300430,,,440.7,0,440.7,
56,2020-02-03 12:04:41,0,178929,1,447,3043,2019,2020,0,0,2,0,0,11,PODE,PR,Diego Garcia,00000000000007,SERVIÇOS POSTAIS,,CORREIOS - SEDEX CONVENCIONAL,RSP : 2299634,,,61.88,0,61.88,
56,2020-02-03 12:04:11,0,178929,1,447,3043,2019,2020,0,0,2,0,0,11,PODE,PR,Diego Garcia,00000000000007,SERVIÇOS POSTAIS,,CORREIOS - SEDEX CONVENCIONAL,RSP : 2299635,,,63.79,0,63.79,
56,2020-02-10 11:59:56,0,178929,1,447,3043,2019,2020,0,0,2,0,0,11,PODE,PR,Diego Garcia,00000000000007,SERVIÇOS POSTAIS,,CORREIOS - SEDEX CONVENCIONAL,RSP : 2300065,,,61.88,0,61.88,
56,2020-02-13 17:55:55,0,178929,1,447,3043,2019,2020,0,0,2,0,0,11,PODE,PR,Diego Garcia,00000000000007,SERVIÇOS POSTAIS,,CORREIOS - SEDEX CONVENCIONAL,RSP : 2300426,,,63.79,0,63.79,
56,2020-02-20 11:48:14,0,178929,1,447,3043,2019,2020,0,0,2,0,0,11,PODE,PR,Diego Garcia,00000000000007,SERVIÇOS POSTAIS,,CORREIOS - SEDEX CONVENCIONAL,RSP : 2301993,,,61.88,0,61.88,
56,2020-01-27 13:36:35,0,178931,1,457,2936,2019,2020,0,0,1,0,0,11,PSB,PR,Luciano Ducci,00000000000007,SERVIÇOS POSTAIS,,CORREIOS - ENCOMENDA PAC,RSP : 2299342,,,642.59,0,642.59,
56,2020-01-29 17:09:23,0,178931,1,457,2936,2019,2020,0,0,1,0,0,11,PSB,PR,Luciano Ducci,00000000000007,SERVIÇOS POSTAIS,,CORREIOS - ENCOMENDA PAC,RSP : 2299505,,,549.31,0,549.31,
56,2020-01-21 00:00:00,1724471,178931,0,457,2936,2019,2020,0,0,1,0,0,999,PSB,PR,Luciano Ducci,02012862000160,Emissão Bilhete Aéreo,,Cia Aérea - TAM,Bilhete: 957-2123.512468,Luciano Ducci,BSB/CGR,830.57,0,830.57,
56,2020-02-18 11:08:57,0,178933,1,467,3062,2019,2020,0,0,2,0,0,11,MDB,PR,Sergio Souza,00000000000007,SERVIÇOS POSTAIS,,CORREIOS - CARTA COMERCIAL,RSP : 2301739,,,6.55,0,6.55,
56,2020-03-05 17:13:57,0,178933,1,467,3062,2019,2020,0,0,3,0,0,11,MDB,PR,Sergio Souza,00000000000007,SERVIÇOS POSTAIS,,CORREIOS - CARTA COMERCIAL,RSP : 2303769,,,219.35,0,219.35,
56,2020-03-11 13:07:27,0,178933,1,467,3062,2019,2020,0,0,3,0,0,11,MDB,PR,Sergio Souza,00000000000007,SERVIÇOS POSTAIS,,CORREIOS - CARTA COMERCIAL,RSP : 2304082,,,10.25,0,10.25,
56,2020-03-10 16:13:07,0,178933,1,467,3062,2019,2020,0,0,3,0,0,11,MDB,PR,Sergio Souza,00000000000007,SERVIÇOS POSTAIS,,CORREIOS - CARTA REGISTRADA COM AR,RSP : 2303772,,,15.55,0,15.55,
56,2020-02-18 11:09:14,0,178933,1,467,3062,2019,2020,0,0,2,0,0,11,MDB,PR,Sergio Souza,00000000000007,SERVIÇOS POSTAIS,,CORREIOS - ENCOMENDA PAC,RSP : 2300688,,,78.86,0,78.86,
56,2020-01-24 15:58:15,0,178933,1,467,3062,2019,2020,0,0,1,0,0,11,MDB,PR,Sergio Souza,00000000000007,SERVIÇOS POSTAIS,,CORREIOS - SEDEX CONVENCIONAL,RSP : 2298286,,,35.46,0,35.46,
56,2020-01-17 12:30:49,0,178934,1,470,2940,2019,2020,0,0,1,0,0,11,PROS,PR,Toninho Wandscheer,00000000000007,SERVIÇOS POSTAIS,,CORREIOS - ENCOMENDA PAC,RSP : 2297981,,,612.1,0,612.1,
56,2020-02-05 18:03:51,0,178934,1,470,2940,2019,2020,0,0,2,0,0,11,PROS,PR,Toninho Wandscheer,00000000000007,SERVIÇOS POSTAIS,,CORREIOS - ENCOMENDA PAC,RSP : 2299886,,,54.04,0,54.04,
56,2020-02-05 18:03:16,0,178934,1,470,2940,2019,2020,0,0,2,0,0,11,PROS,PR,Toninho Wandscheer,00000000000007,SERVIÇOS POSTAIS,,CORREIOS - ENCOMENDA PAC,RSP : 2299889,,,25.89,0,25.89,
56,2020-02-19 14:46:43,0,178934,1,470,2940,2019,2020,0,0,2,0,0,11,PROS,PR,Toninho Wandscheer,00000000000007,SERVIÇOS POSTAIS,,CORREIOS - ENCOMENDA PAC,RSP : 2301787,,,26.89,0,26.89,
56,2020-01-20 12:11:47,0,178934,1,470,2940,2019,2020,0,0,1,0,0,11,PROS,PR,Toninho Wandscheer,00000000000007,SERVIÇOS POSTAIS,,CORREIOS - SEDEX CONVENCIONAL,RSP : 2298040,,,92.22,0,92.22,
56,2020-02-17 15:12:26,0,178934,1,470,2940,2019,2020,0,0,2,0,0,11,PROS,PR,Toninho Wandscheer,00000000000007,SERVIÇOS POSTAIS,,CORREIOS - SEDEX CONVENCIONAL,RSP : 2300657,,,136.77,0,136.77,
56,2020-01-03 00:00:00,1723742,178934,0,470,2940,2019,2020,0,0,1,0,0,999,PROS,PR,Toninho Wandscheer,02012862000160,Emissão Bilhete Aéreo,,Cia Aérea - TAM,Bilhete: 957-2121.600638,EDSON CEZAR COSTA,CWB/BSB,1144.85,0,1144.85,
56,2020-01-03 00:00:00,1723759,178934,0,470,2940,2019,2020,0,0,1,0,0,999,PROS,PR,Toninho Wandscheer,02012862000160,Emissão Bilhete Aéreo,,Cia Aérea - TAM,Bilhete: 957-2121.617339,Toninho Wandscheer,BSB/CWB,614.57,0,614.57,
56,2020-01-03 00:00:00,1723760,178934,0,470,2940,2019,2020,0,0,1,0,0,999,PROS,PR,Toninho Wandscheer,02012862000160,Emissão Bilhete Aéreo,,Cia Aérea - TAM,Bilhete: 957-2121.617822,Toninho Wandscheer,BSB/CWB,477.57,0,477.57,
56,2020-01-03 00:00:00,1723761,178934,0,470,2940,2019,2020,0,0,1,0,0,999,PROS,PR,Toninho Wandscheer,02012862000160,Emissão Bilhete Aéreo,,Cia Aérea - TAM,Bilhete: 957-2121.617863,Toninho Wandscheer,BSB/CWB,614.57,0,614.57,
56,2020-01-20 00:00:00,1724382,178934,0,470,2940,2019,2020,0,0,1,0,0,999,PROS,PR,Toninho Wandscheer,02012862000160,Emissão Bilhete Aéreo,,Cia Aérea - TAM,Bilhete: 957-2123.370179,Toninho Wandscheer,BSB/CWB,1327.57,0,1327.57,
56,2020-01-20 00:00:00,1724393,178934,0,470,2940,2019,2020,0,0,1,0,0,999,PROS,PR,Toninho Wandscheer,02012862000160,Emissão Bilhete Aéreo,,Cia Aérea - TAM,Bilhete: 957-2123.381417,EDSON COSTA,BSB/CWB,778.57,0,778.57,
56,2020-01-07 13:35:26,0,204387,1,464,3211,2019,2020,0,0,1,0,0,11,PSD,PR,Sargento Fahur,00000000000007,SERVIÇOS POSTAIS,,CORREIOS - CAIXA DE ENCOMENDAS BÁSICA/CONVENCIONAL,RSP : 2297532,,,6.2,0,6.2,
56,2020-02-10 17:24:09,0,204387,1,464,3211,2019,2020,0,0,2,0,0,11,PSD,PR,Sargento Fahur,00000000000007,SERVIÇOS POSTAIS,,CORREIOS - ENCOMENDA PAC COM AR,RSP : 2300128,,,141.14,0,141.14,
56,2020-01-07 13:31:44,0,204387,1,464,3211,2019,2020,0,0,1,0,0,11,PSD,PR,Sargento Fahur,00000000000007,SERVIÇOS POSTAIS,,CORREIOS - SEDEX CONVENCIONAL,RSP : 2297531,,,63.79,0,63.79,
56,2020-02-20 14:16:13,0,204387,1,464,3211,2019,2020,0,0,2,0,0,11,PSD,PR,Sargento Fahur,00000000000007,SERVIÇOS POSTAIS,,CORREIOS - SEDEX CONVENCIONAL,RSP : 2302023,,,53.19,0,53.19,
56,2020-03-12 15:25:01,0,204387,1,464,3211,2019,2020,0,0,3,0,0,11,PSD,PR,Sargento Fahur,00000000000007,SERVIÇOS POSTAIS,,CORREIOS - SEDEX CONVENCIONAL COM AR,RSP : 2304240,,,162.36,0,162.36,
56,2020-01-06 00:00:00,1723428,204387,0,464,3211,2019,2020,0,0,1,0,0,999,PSD,PR,Sargento Fahur,09296295000160,Emissão Bilhete Aéreo,,Cia Aérea - AZUL,Bilhete: AFK6NW,MAYCON ZANETTI,MGF/BSB,296.79,0,296.79,
56,2020-01-06 00:00:00,1723427,204387,0,464,3211,2019,2020,0,0,1,0,0,999,PSD,PR,Sargento Fahur,09296295000160,Emissão Bilhete Aéreo,,Cia Aérea - AZUL,Bilhete: AFK6NW,Sargento Fahur,MGF/BSB,296.79,0,296.79,
56,2020-01-06 00:00:00,1723426,204387,0,464,3211,2019,2020,0,0,1,0,0,999,PSD,PR,Sargento Fahur,09296295000160,Emissão Bilhete Aéreo,,Cia Aérea - AZUL,Bilhete: DHI6QD,MAYCON ZANETTI,MGF/BSB,296.79,0,296.79,
56,2020-01-06 00:00:00,1723425,204387,0,464,3211,2019,2020,0,0,1,0,0,999,PSD,PR,Sargento Fahur,09296295000160,Emissão Bilhete Aéreo,,Cia Aérea - AZUL,Bilhete: DHI6QD,Sargento Fahur,MGF/BSB,296.79,0,296.79,
56,2020-01-06 00:00:00,1723424,204387,0,464,3211,2019,2020,0,0,1,0,0,999,PSD,PR,Sargento Fahur,09296295000160,Emissão Bilhete Aéreo,,Cia Aérea - AZUL,Bilhete: EBH17S,MAYCON ZANETTI,MGF/BSB,570.79,0,570.79,
56,2020-01-06 00:00:00,1723423,204387,0,464,3211,2019,2020,0,0,1,0,0,999,PSD,PR,Sargento Fahur,09296295000160,Emissão Bilhete Aéreo,,Cia Aérea - AZUL,Bilhete: EBH17S,Sargento Fahur,MGF/BSB,570.79,0,570.79,
56,2020-01-06 00:00:00,1723434,204387,0,464,3211,2019,2020,0,0,1,0,0,999,PSD,PR,Sargento Fahur,09296295000160,Emissão Bilhete Aéreo,,Cia Aérea - AZUL,Bilhete: IJGB4K,MAYCON ZANETTI,MGF/BSB,396.79,0,396.79,
56,2020-01-06 00:00:00,1723433,204387,0,464,3211,2019,2020,0,0,1,0,0,999,PSD,PR,Sargento Fahur,09296295000160,Emissão Bilhete Aéreo,,Cia Aérea - AZUL,Bilhete: IJGB4K,Sargento Fahur,MGF/BSB,396.79,0,396.79,
56,2020-01-06 00:00:00,1723432,204387,0,464,3211,2019,2020,0,0,1,0,0,999,PSD,PR,Sargento Fahur,09296295000160,Emissão Bilhete Aéreo,,Cia Aérea - AZUL,Bilhete: IM4NKE,MAYCON ZANETTI,MGF/BSB,296.79,0,296.79,
56,2020-01-06 00:00:00,1723431,204387,0,464,3211,2019,2020,0,0,1,0,0,999,PSD,PR,Sargento Fahur,09296295000160,Emissão Bilhete Aéreo,,Cia Aérea - AZUL,Bilhete: IM4NKE,Sargento Fahur,MGF/BSB,296.79,0,296.79,
56,2020-01-06 00:00:00,1723430,204387,0,464,3211,2019,2020,0,0,1,0,0,999,PSD,PR,Sargento Fahur,09296295000160,Emissão Bilhete Aéreo,,Cia Aérea - AZUL,Bilhete: MK434X,MAYCON ZANETTI,MGF/BSB,296.79,0,296.79,
56,2020-01-06 00:00:00,1723429,204387,0,464,3211,2019,2020,0,0,1,0,0,999,PSD,PR,Sargento Fahur,09296295000160,Emissão Bilhete Aéreo,,Cia Aérea - AZUL,Bilhete: MK434X,Sargento Fahur,MGF/BSB,296.79,0,296.79,
56,2020-01-06 00:00:00,1723422,204387,0,464,3211,2019,2020,0,0,1,0,0,999,PSD,PR,Sargento Fahur,09296295000160,Emissão Bilhete Aéreo,,Cia Aérea - AZUL,Bilhete: PM2DYH,MAYCON ZANETTI,MGF/BSB,396.79,0,396.79,
56,2020-01-06 00:00:00,1723421,204387,0,464,3211,2019,2020,0,0,1,0,0,999,PSD,PR,Sargento Fahur,09296295000160,Emissão Bilhete Aéreo,,Cia Aérea - AZUL,Bilhete: PM2DYH,Sargento Fahur,MGF/BSB,396.79,0,396.79,
56,2020-01-06 00:00:00,1723436,204387,0,464,3211,2019,2020,0,0,1,0,0,999,PSD,PR,Sargento Fahur,09296295000160,Emissão Bilhete Aéreo,,Cia Aérea - AZUL,Bilhete: YYCG7L,MAYCON ZANETTI,MGF/BSB,396.79,0,396.79,
56,2020-01-06 00:00:00,1723435,204387,0,464,3211,2019,2020,0,0,1,0,0,999,PSD,PR,Sargento Fahur,09296295000160,Emissão Bilhete Aéreo,,Cia Aérea - AZUL,Bilhete: YYCG7L,Sargento Fahur,MGF/BSB,396.79,0,396.79,
56,2020-02-03 16:06:58,0,204395,1,461,3316,2019,2020,0,0,2,0,0,11,DEM,PR,Pedro Lupion,00000000000007,SERVIÇOS POSTAIS,,CORREIOS - SEDEX CONVENCIONAL,RSP : 2299645,,,1805.1,0,1805.1,
56,2020-01-20 00:00:00,1724419,204395,0,461,3316,2019,2020,0,0,1,0,0,999,DEM,PR,Pedro Lupion,02012862000160,Emissão Bilhete Aéreo,,Cia Aérea - TAM,Bilhete: 957-2123.405245,Pedro Lupion,LDB/GRU/BSB,655.16,0,655.16,
56,2020-02-10 18:04:37,0,204396,1,455,3330,2019,2020,0,0,2,0,0,11,PSD,PR,Vermelho,00000000000007,SERVIÇOS POSTAIS,,CORREIOS - CAIXA DE ENCOMENDAS BÁSICA/CONVENCIONAL,RSP : 2300101,,,22.75,0,22.75,
56,2020-02-21 15:13:46,0,204396,1,455,3330,2019,2020,0,0,2,0,0,11,PSD,PR,Vermelho,00000000000007,SERVIÇOS POSTAIS,,CORREIOS - CAIXA DE ENCOMENDAS BÁSICA/CONVENCIONAL,RSP : 2302148,,,22.15,0,22.15,
56,2020-03-10 15:15:51,0,204396,1,455,3330,2019,2020,0,0,3,0,0,11,PSD,PR,Vermelho,00000000000007,SERVIÇOS POSTAIS,,CORREIOS - CAIXA DE ENCOMENDAS BÁSICA/CONVENCIONAL,RSP : 2303993,,,6.3,0,6.3,
56,2020-03-11 14:23:29,0,204396,1,455,3330,2019,2020,0,0,3,0,0,11,PSD,PR,Vermelho,00000000000007,SERVIÇOS POSTAIS,,CORREIOS - CAIXA DE ENCOMENDAS BÁSICA/CONVENCIONAL,RSP : 2304096,,,22.15,0,22.15,
56,2020-01-06 17:43:53,0,204396,1,455,3330,2019,2020,0,0,1,0,0,11,PSD,PR,Vermelho,00000000000007,SERVIÇOS POSTAIS,,CORREIOS - SEDEX CONVENCIONAL,RSP : 2297519,,,61.88,0,61.88,
56,2020-01-24 17:57:26,0,204396,1,455,3330,2019,2020,0,0,1,0,0,11,PSD,PR,Vermelho,00000000000007,SERVIÇOS POSTAIS,,CORREIOS - SEDEX CONVENCIONAL,RSP : 2298288,,,70.97,0,70.97,
56,2020-02-06 13:09:50,0,204396,1,455,3330,2019,2020,0,0,2,0,0,11,PSD,PR,Vermelho,00000000000007,SERVIÇOS POSTAIS,,CORREIOS - SEDEX CONVENCIONAL,RSP : 2299938,,,45.59,0,45.59,
56,2020-02-10 15:56:58,0,204396,1,455,3330,2019,2020,0,0,2,0,0,11,PSD,PR,Vermelho,00000000000007,SERVIÇOS POSTAIS,,CORREIOS - SEDEX CONVENCIONAL,RSP : 2300063,,,9.1,0,9.1,
56,2020-02-10 12:43:38,0,204396,1,455,3330,2019,2020,0,0,2,0,0,11,PSD,PR,Vermelho,00000000000007,SERVIÇOS POSTAIS,,CORREIOS - SEDEX CONVENCIONAL,RSP : 2300064,,,123.27,0,123.27,
56,2020-02-19 11:13:48,0,204396,1,455,3330,2019,2020,0,0,2,0,0,11,PSD,PR,Vermelho,00000000000007,SERVIÇOS POSTAIS,,CORREIOS - SEDEX CONVENCIONAL,RSP : 2301863,,,61.88,0,61.88,
56,2020-03-10 15:15:31,0,204396,1,455,3330,2019,2020,0,0,3,0,0,11,PSD,PR,Vermelho,00000000000007,SERVIÇOS POSTAIS,,CORREIOS - SEDEX CONVENCIONAL,RSP : 2303996,,,11.45,0,11.45,
56,2020-02-17 19:14:27,0,204396,1,455,3330,2019,2020,0,0,2,0,0,11,PSD,PR,Vermelho,00000000000007,SERVIÇOS POSTAIS,,CORREIOS - SEDEX CONVENCIONAL COM AR,RSP : 2300696,,,68.23,0,68.23,
56,2020-01-08 00:00:00,1723934,204396,0,455,3330,2019,2020,0,0,1,0,0,999,PSD,PR,Vermelho,02012862000160,Emissão Bilhete Aéreo,,Cia Aérea - TAM,Bilhete: 957-2122.150078,Vermelho,BSB/CWB,722.57,0,722.57,
56,2020-01-08 00:00:00,1723935,204396,0,455,3330,2019,2020,0,0,1,0,0,999,PSD,PR,Vermelho,02012862000160,Emissão Bilhete Aéreo,,Cia Aérea - TAM,Bilhete: 957-2122.151006,Vermelho,BSB/CWB,526.57,0,526.57,
56,2020-01-08 00:00:00,1723936,204396,0,455,3330,2019,2020,0,0,1,0,0,999,PSD,PR,Vermelho,02012862000160,Emissão Bilhete Aéreo,,Cia Aérea - TAM,Bilhete: 957-2122.151042,Vermelho,BSB/CWB,619.57,0,619.57,
56,2020-02-17 14:30:23,0,204397,1,445,3321,2019,2020,0,0,2,0,0,11,PROS,PR,Boca Aberta,00000000000007,SERVIÇOS POSTAIS,,CORREIOS - CAIXA DE ENCOMENDAS BÁSICA/CONVENCIONAL,RSP : 2300674,,,8,0,8,
56,2020-01-02 18:29:59,0,204397,1,445,3321,2019,2020,0,0,1,0,0,11,PROS,PR,Boca Aberta,00000000000007,SERVIÇOS POSTAIS,,CORREIOS - ENCOMENDA PAC,RSP : 2297409,,,333.75,0,333.75,
56,2020-02-28 12:18:02,0,204397,1,445,3321,2019,2020,0,0,2,0,0,11,PROS,PR,Boca Aberta,00000000000007,SERVIÇOS POSTAIS,,CORREIOS - ENCOMENDA PAC,RSP : 2302302,,,54.04,0,54.04,
56,2020-02-17 14:30:59,0,204397,1,445,3321,2019,2020,0,0,2,0,0,11,PROS,PR,Boca Aberta,00000000000007,SERVIÇOS POSTAIS,,CORREIOS - ENVELOPE BÁSICO/CONVENCIONAL - PLÁSTICO/BOLHA,RSP : 2300672,,,49.1,0,49.1,
56,2020-03-11 17:07:08,0,204397,1,445,3321,2019,2020,0,0,3,0,0,11,PROS,PR,Boca Aberta,00000000000007,SERVIÇOS POSTAIS,,CORREIOS - ENVELOPE BÁSICO/CONVENCIONAL - PLÁSTICO/BOLHA,RSP : 2304163,,,3.95,0,3.95,
56,2020-01-17 17:11:25,0,204397,1,445,3321,2019,2020,0,0,1,0,0,11,PROS,PR,Boca Aberta,00000000000007,SERVIÇOS POSTAIS,,CORREIOS - SEDEX CONVENCIONAL,RSP : 2298008,,,61.88,0,61.88,
56,2020-02-17 14:31:20,0,204397,1,445,3321,2019,2020,0,0,2,0,0,11,PROS,PR,Boca Aberta,00000000000007,SERVIÇOS POSTAIS,,CORREIOS - SEDEX CONVENCIONAL,RSP : 2298047,,,66.68,0,66.68,
56,2020-02-17 14:30:00,0,204397,1,445,3321,2019,2020,0,0,2,0,0,11,PROS,PR,Boca Aberta,00000000000007,SERVIÇOS POSTAIS,,CORREIOS - SEDEX CONVENCIONAL,RSP : 2300669,,,291.02,0,291.02,
56,2020-03-11 17:06:46,0,204397,1,445,3321,2019,2020,0,0,3,0,0,11,PROS,PR,Boca Aberta,00000000000007,SERVIÇOS POSTAIS,,CORREIOS - SEDEX CONVENCIONAL,RSP : 2304162,,,17.42,0,17.42,
56,2020-01-28 16:17:19,0,204397,1,445,3321,2019,2020,0,0,1,0,0,11,PROS,PR,Boca Aberta,00000000000007,SERVIÇOS POSTAIS,,CORREIOS - SEDEX CONVENCIONAL COM AR,RSP : 2299385,,,67.63,0,67.63,
56,2020-01-21 00:00:00,1724438,204397,0,445,3321,2019,2020,0,0,1,0,0,999,PROS,PR,Boca Aberta,02012862000160,Emissão Bilhete Aéreo,,Cia Aérea - TAM,Bilhete: 957-2123.479958,Boca Aberta,LDB/CGH/BSB,1337.89,0,1337.89,
56,2020-01-23 00:00:00,1724535,204397,0,445,3321,2019,2020,0,0,1,0,0,999,PROS,PR,Boca Aberta,02012862000160,Emissão Bilhete Aéreo,,Cia Aérea - TAM,Bilhete: 957-2123.720724,Boca Aberta,LDB/GRU/BSB,453.16,0,453.16,
56,2020-01-10 16:43:19,0,204398,1,446,3292,2019,2020,0,0,1,0,0,11,PSL,PR,Felipe Francischini,00000000000007,SERVIÇOS POSTAIS,,CORREIOS - SEDEX CONVENCIONAL,RSP : 2297716,,,75.42,0,75.42,
56,2020-01-24 15:57:24,0,204398,1,446,3292,2019,2020,0,0,1,0,0,11,PSL,PR,Felipe Francischini,00000000000007,SERVIÇOS POSTAIS,,CORREIOS - SEDEX CONVENCIONAL,RSP : 2298249,,,83.44,0,83.44,
56,2020-01-29 16:15:47,0,204398,1,446,3292,2019,2020,0,0,1,0,0,11,PSL,PR,Felipe Francischini,00000000000007,SERVIÇOS POSTAIS,,CORREIOS - SEDEX CONVENCIONAL,RSP : 2299497,,,45.59,0,45.59,
56,2020-03-12 14:27:41,0,204399,1,469,3229,2019,2020,0,0,3,0,0,11,PP,PR,Schiavinato,00000000000007,SERVIÇOS POSTAIS,,CORREIOS - CAIXA DE ENCOMENDAS BÁSICA/CONVENCIONAL,RSP : 2304194,,,6.3,0,6.3,
56,2020-01-10 15:20:20,0,204399,1,469,3229,2019,2020,0,0,1,0,0,11,PP,PR,Schiavinato,00000000000007,SERVIÇOS POSTAIS,,CORREIOS - CARTA REGISTRADA,RSP : 2297657,,,669.9,0,669.9,
56,2020-01-10 15:19:07,0,204399,1,469,3229,2019,2020,0,0,1,0,0,11,PP,PR,Schiavinato,00000000000007,SERVIÇOS POSTAIS,,CORREIOS - CARTA REGISTRADA,RSP : 2297710,,,400.4,0,400.4,
56,2020-01-29 13:25:31,0,204399,1,469,3229,2019,2020,0,0,1,0,0,11,PP,PR,Schiavinato,00000000000007,SERVIÇOS POSTAIS,,CORREIOS - CARTA REGISTRADA,RSP : 2299444,,,19,0,19,
56,2020-02-10 15:48:19,0,204399,1,469,3229,2019,2020,0,0,2,0,0,11,PP,PR,Schiavinato,00000000000007,SERVIÇOS POSTAIS,,CORREIOS - CARTA REGISTRADA,RSP : 2300100,,,46,0,46,
56,2020-02-05 16:49:46,0,204399,1,469,3229,2019,2020,0,0,2,0,0,11,PP,PR,Schiavinato,00000000000007,SERVIÇOS POSTAIS,,CORREIOS - ENCOMENDA PAC,RSP : 2299841,,,144.23,0,144.23,
56,2020-02-21 10:12:32,0,204399,1,469,3229,2019,2020,0,0,2,0,0,11,PP,PR,Schiavinato,00000000000007,SERVIÇOS POSTAIS,,CORREIOS - ENCOMENDA PAC,RSP : 2301928,,,39.66,0,39.66,
56,2020-02-28 12:01:52,0,204399,1,469,3229,2019,2020,0,0,2,0,0,11,PP,PR,Schiavinato,00000000000007,SERVIÇOS POSTAIS,,CORREIOS - ENCOMENDA PAC,RSP : 2302054,,,110.88,0,110.88,
56,2020-03-12 14:28:00,0,204399,1,469,3229,2019,2020,0,0,3,0,0,11,PP,PR,Schiavinato,00000000000007,SERVIÇOS POSTAIS,,CORREIOS - ENCOMENDA PAC,RSP : 2304195,,,22.96,0,22.96,
56,2020-01-10 16:53:31,0,204399,1,469,3229,2019,2020,0,0,1,0,0,11,PP,PR,Schiavinato,00000000000007,SERVIÇOS POSTAIS,,CORREIOS - SEDEX CONVENCIONAL,RSP : 2297720,,,45.59,0,45.59,
56,2020-02-10 16:07:29,0,204399,1,469,3229,2019,2020,0,0,2,0,0,11,PP,PR,Schiavinato,00000000000007,SERVIÇOS POSTAIS,,CORREIOS - SEDEX CONVENCIONAL,RSP : 2300117,,,48.5,0,48.5,
56,2020-03-03 11:20:40,0,204399,1,469,3229,2019,2020,0,0,3,0,0,11,PP,PR,Schiavinato,00000000000007,SERVIÇOS POSTAIS,,CORREIOS - SEDEX CONVENCIONAL,RSP : 2302441,,,35.46,0,35.46,
56,2020-01-27 00:00:00,1724662,204399,0,469,3229,2019,2020,0,0,1,0,0,999,PP,PR,Schiavinato,02012862000160,Emissão Bilhete Aéreo,,Cia Aérea - TAM,Bilhete: 957-2124.074772,Schiavinato,BSB/GRU/LDB,1502.67,0,1502.67,
56,2020-02-17 14:03:14,0,204400,1,443,3290,2019,2020,0,0,2,0,0,11,PSL,PR,Aline Sleutjes,00000000000007,SERVIÇOS POSTAIS,,CORREIOS - SEDEX 10,RSP : 2300659,,,92.85,0,92.85,
56,2020-03-10 12:26:13,0,204400,1,443,3290,2019,2020,0,0,3,0,0,11,PSL,PR,Aline Sleutjes,00000000000007,SERVIÇOS POSTAIS,,CORREIOS - SEDEX 10,RSP : 2303986,,,117.6,0,117.6,
56,2020-02-05 12:50:41,0,204410,1,454,3205,2019,2020,0,0,2,0,0,11,PTB,PR,Luisa Canziani,00000000000007,SERVIÇOS POSTAIS,,CORREIOS - CAIXA DE ENCOMENDAS BÁSICA/CONVENCIONAL,RSP : 2299676,,,6.3,0,6.3,
56,2020-03-09 16:21:04,0,204410,1,454,3205,2019,2020,0,0,3,0,0,11,PTB,PR,Luisa Canziani,00000000000007,SERVIÇOS POSTAIS,,CORREIOS - ENCOMENDA PAC,RSP : 2303937,,,217.91,0,217.91,
56,2020-02-06 17:48:05,0,204410,1,454,3205,2019,2020,0,0,2,0,0,11,PTB,PR,Luisa Canziani,00000000000007,SERVIÇOS POSTAIS,,CORREIOS - ENVELOPE BÁSICO/CONVENCIONAL - PLÁSTICO/BOLHA,RSP : 2299971,,,4.9,0,4.9,
56,2020-02-10 16:07:06,0,204410,1,454,3205,2019,2020,0,0,2,0,0,11,PTB,PR,Luisa Canziani,00000000000007,SERVIÇOS POSTAIS,,CORREIOS - SEDEX 10,RSP : 2300099,,,30.2,0,30.2,
56,2020-02-18 16:47:37,0,204410,1,454,3205,2019,2020,0,0,2,0,0,11,PTB,PR,Luisa Canziani,00000000000007,SERVIÇOS POSTAIS,,CORREIOS - SEDEX 10,RSP : 2301831,,,30.2,0,30.2,
56,2020-01-07 16:56:51,0,204410,1,454,3205,2019,2020,0,0,1,0,0,11,PTB,PR,Luisa Canziani,00000000000007,SERVIÇOS POSTAIS,,CORREIOS - SEDEX CONVENCIONAL,RSP : 2297582,,,61.88,0,61.88,
56,2020-01-16 14:21:09,0,204410,1,454,3205,2019,2020,0,0,1,0,0,11,PTB,PR,Luisa Canziani,00000000000007,SERVIÇOS POSTAIS,,CORREIOS - SEDEX CONVENCIONAL,RSP : 2297959,,,61.88,0,61.88,
56,2020-01-16 16:46:54,0,204410,1,454,3205,2019,2020,0,0,1,0,0,11,PTB,PR,Luisa Canziani,00000000000007,SERVIÇOS POSTAIS,,CORREIOS - SEDEX CONVENCIONAL,RSP : 2297983,,,61.88,0,61.88,
56,2020-01-21 16:46:54,0,204410,1,454,3205,2019,2020,0,0,1,0,0,11,PTB,PR,Luisa Canziani,00000000000007,SERVIÇOS POSTAIS,,CORREIOS - SEDEX CONVENCIONAL,RSP : 2298141,,,61.88,0,61.88,
56,2020-01-21 16:46:16,0,204410,1,454,3205,2019,2020,0,0,1,0,0,11,PTB,PR,Luisa Canziani,00000000000007,SERVIÇOS POSTAIS,,CORREIOS - SEDEX CONVENCIONAL,RSP : 2298142,,,61.88,0,61.88,
56,2020-01-27 15:26:11,0,204410,1,454,3205,2019,2020,0,0,1,0,0,11,PTB,PR,Luisa Canziani,00000000000007,SERVIÇOS POSTAIS,,CORREIOS - SEDEX CONVENCIONAL,RSP : 2299365,,,57.65,0,57.65,
56,2020-02-05 14:18:42,0,204410,1,454,3205,2019,2020,0,0,2,0,0,11,PTB,PR,Luisa Canziani,00000000000007,SERVIÇOS POSTAIS,,CORREIOS - SEDEX CONVENCIONAL,RSP : 2299677,,,61.88,0,61.88,
56,2020-02-06 17:47:43,0,204410,1,454,3205,2019,2020,0,0,2,0,0,11,PTB,PR,Luisa Canziani,00000000000007,SERVIÇOS POSTAIS,,CORREIOS - SEDEX CONVENCIONAL,RSP : 2299972,,,80.81,0,80.81,
56,2020-02-27 16:01:16,0,204410,1,454,3205,2019,2020,0,0,2,0,0,11,PTB,PR,Luisa Canziani,00000000000007,SERVIÇOS POSTAIS,,CORREIOS - SEDEX CONVENCIONAL,RSP : 2302251,,,61.88,0,61.88,
56,2020-02-28 15:45:50,0,204410,1,454,3205,2019,2020,0,0,2,0,0,11,PTB,PR,Luisa Canziani,00000000000007,SERVIÇOS POSTAIS,,CORREIOS - SEDEX CONVENCIONAL,RSP : 2302318,,,92.22,0,92.22,
56,2020-03-02 12:45:47,0,204410,1,454,3205,2019,2020,0,0,3,0,0,11,PTB,PR,Luisa Canziani,00000000000007,SERVIÇOS POSTAIS,,CORREIOS - SEDEX CONVENCIONAL,RSP : 2302354,,,85.48,0,85.48,
56,2020-03-04 14:31:25,0,204410,1,454,3205,2019,2020,0,0,3,0,0,11,PTB,PR,Luisa Canziani,00000000000007,SERVIÇOS POSTAIS,,CORREIOS - SEDEX CONVENCIONAL,RSP : 2302622,,,35.46,0,35.46,
56,2020-01-17 00:00:00,1723541,204410,0,454,3205,2019,2020,0,0,1,0,0,999,PTB,PR,Luisa Canziani,09296295000160,Emissão Bilhete Aéreo,,Cia Aérea - AZUL,Bilhete: JGFD8T,LETICIA CARVALHO,BSB/LDB/BSB,898.36,0,898.36,
56,2020-01-06 00:00:00,1723418,204410,0,454,3205,2019,2020,0,0,1,0,0,999,PTB,PR,Luisa Canziani,09296295000160,Emissão Bilhete Aéreo,,Cia Aérea - AZUL,Bilhete: RLLKJH,Luisa Canziani,LDB/IGU/LDB,1297.64,0,1297.64,
56,2020-01-06 00:00:00,1723419,204410,0,454,3205,2019,2020,0,0,1,0,0,999,PTB,PR,Luisa Canziani,09296295000160,Emissão Bilhete Aéreo,,Cia Aérea - AZUL,Bilhete: UDK36P,MOHANA VELOSO,CWB/IGU/CWB,1267.85,0,1267.85,
56,2020-01-13 00:00:00,1723510,204410,0,454,3205,2019,2020,0,0,1,0,0,999,PTB,PR,Luisa Canziani,09296295000160,Emissão Bilhete Aéreo,,Cia Aérea - AZUL,Bilhete: XH1WNW,Luisa Canziani,CWB/LDB,494.85,0,494.85,
56,2020-01-21 00:00:00,1724481,204410,0,454,3205,2019,2020,0,0,1,0,0,999,PTB,PR,Luisa Canziani,02012862000160,Emissão Bilhete Aéreo,,Cia Aérea - TAM,Bilhete: 957-2123.521056,Luisa Canziani,BSB/CGH/CWB,1200.57,0,1200.57,
56,2020-01-21 00:00:00,1724482,204410,0,454,3205,2019,2020,0,0,1,0,0,999,PTB,PR,Luisa Canziani,02012862000160,Emissão Bilhete Aéreo,,Cia Aérea - TAM,Bilhete: 957-2123.521089,Luisa Canziani,LDB/CGH/BSB,653.89,0,653.89,
56,2020-03-11 12:09:50,0,204411,1,450,3228,2019,2020,0,0,3,0,0,11,PSL,PR,Filipe Barros,00000000000007,SERVIÇOS POSTAIS,,CORREIOS - CARTA COMERCIAL,RSP : 2304079,,,27.75,0,27.75,
56,2020-02-17 12:19:01,0,204411,1,450,3228,2019,2020,0,0,2,0,0,11,PSL,PR,Filipe Barros,00000000000007,SERVIÇOS POSTAIS,,CORREIOS - ENCOMENDA PAC,RSP : 2300602,,,48.98,0,48.98,
56,2020-01-17 00:00:00,1724347,204411,0,450,3228,2019,2020,0,0,1,0,0,999,PSL,PR,Filipe Barros,02012862000160,Emissão Bilhete Aéreo,,Cia Aérea - TAM,Bilhete: 957-2123.135972,Filipe Barros,LDB/CGH/BSB,1023.89,0,1023.89,
56,2020-01-20 00:00:00,1724392,204411,0,450,3228,2019,2020,0,0,1,0,0,999,PSL,PR,Filipe Barros,02012862000160,Emissão Bilhete Aéreo,,Cia Aérea - TAM,Bilhete: 957-2123.380650,Filipe Barros,LDB/CGH/BSB,474,0,474,
56,2020-01-23 00:00:00,1724534,204411,0,450,3228,2019,2020,0,0,1,0,0,999,PSL,PR,Filipe Barros,02012862000160,Emissão Bilhete Aéreo,,Cia Aérea - TAM,Bilhete: 957-2123.719676,Filipe Barros,BSB/GRU/LDB,923.67,0,923.67,
56,2020-01-27 00:00:00,1724664,204411,0,450,3228,2019,2020,0,0,1,0,0,999,PSL,PR,Filipe Barros,02012862000160,Emissão Bilhete Aéreo,,Cia Aérea - TAM,Bilhete: 957-2124.080420,BRUNNO CALADO,BSB/GRU/LDB,1342.67,0,1342.67,
56,2020-01-14 16:47:39,0,204414,1,444,3361,2019,2020,0,0,1,0,0,11,REPUBLICANOS,PR,Aroldo Martins,00000000000007,SERVIÇOS POSTAIS,,CORREIOS - SEDEX CONVENCIONAL,RSP : 2297842,,,603.5,0,603.5,
56,2020-01-22 00:00:00,1724498,204414,0,444,3361,2019,2020,0,0,1,0,0,999,REPUBLICANOS,PR,Aroldo Martins,02012862000160,Emissão Bilhete Aéreo,,Cia Aérea - TAM,Bilhete: 957-2123.616684,Aroldo Martins,BSB/CGH/CWB,828.57,0,828.57,
56,2020-01-22 00:00:00,1724499,204414,0,444,3361,2019,2020,0,0,1,0,0,999,REPUBLICANOS,PR,Aroldo Martins,02012862000160,Emissão Bilhete Aéreo,,Cia Aérea - TAM,Bilhete: 957-2123.617378,Aroldo Martins,BSB/CGH/CWB,828.57,0,828.57,
56,2020-02-13 12:29:18,0,204418,1,463,3425,2019,2020,0,0,2,0,0,11,REPUBLICANOS,PR,Luizão Goulart,00000000000007,SERVIÇOS POSTAIS,,CORREIOS - SEDEX CONVENCIONAL,RSP : 2300370,,,235.49,0,235.49,
56,2020-02-19 11:07:52,0,204418,1,463,3425,2019,2020,0,0,2,0,0,11,REPUBLICANOS,PR,Luizão Goulart,00000000000007,SERVIÇOS POSTAIS,,CORREIOS - SEDEX CONVENCIONAL,RSP : 2301862,,,59.58,0,59.58,
