56,2020-02-11 17:49:11,0,73586,1,250,1480,2019,2020,0,0,2,0,0,11,PSB,MG,Júlio Delgado,00000000000007,SERVIÇOS POSTAIS,,CORREIOS - DOCUMENTO INTERN. STANDARD (PRIORITÁRIO REGISTRADO),RSP : 2300214,,,67.9,0,67.9,
56,2020-01-06 16:34:25,0,73586,1,250,1480,2019,2020,0,0,1,0,0,11,PSB,MG,Júlio Delgado,00000000000007,SERVIÇOS POSTAIS,,CORREIOS - ENCOMENDA PAC,RSP : 2297447,,,63.07,0,63.07,
56,2020-03-09 15:53:18,0,73586,1,250,1480,2019,2020,0,0,3,0,0,11,PSB,MG,Júlio Delgado,00000000000007,SERVIÇOS POSTAIS,,CORREIOS - ENCOMENDA PAC,RSP : 2300177,,,74.93,0,74.93,
56,2020-01-07 16:06:32,0,73586,1,250,1480,2019,2020,0,0,1,0,0,11,PSB,MG,Júlio Delgado,00000000000007,SERVIÇOS POSTAIS,,CORREIOS - SEDEX CONVENCIONAL,RSP : 2297567,,,55.4,0,55.4,
56,2020-01-08 14:22:57,0,73586,1,250,1480,2019,2020,0,0,1,0,0,11,PSB,MG,Júlio Delgado,00000000000007,SERVIÇOS POSTAIS,,CORREIOS - SEDEX CONVENCIONAL,RSP : 2297617,,,38.43,0,38.43,
56,2020-02-18 15:27:55,0,73586,1,250,1480,2019,2020,0,0,2,0,0,11,PSB,MG,Júlio Delgado,00000000000007,SERVIÇOS POSTAIS,,CORREIOS - SEDEX CONVENCIONAL,RSP : 2301776,,,42.26,0,42.26,
56,2020-03-06 14:21:05,0,73586,1,250,1480,2019,2020,0,0,3,0,0,11,PSB,MG,Júlio Delgado,00000000000007,SERVIÇOS POSTAIS,,CORREIOS - SEDEX CONVENCIONAL,RSP : 2303816,,,135.73,0,135.73,
56,2020-01-03 00:00:00,1723749,73586,0,250,1480,2019,2020,0,0,1,0,0,999,PSB,MG,Júlio Delgado,02012862000160,Emissão Bilhete Aéreo,,Cia Aérea - TAM,Bilhete: 957-2121.612295,KEITH ABRANCHES,CNF/BSB/CNF,379.16,0,379.16,
56,2020-01-03 00:00:00,1723750,73586,0,250,1480,2019,2020,0,0,1,0,0,999,PSB,MG,Júlio Delgado,02012862000160,Emissão Bilhete Aéreo,,Cia Aérea - TAM,Bilhete: 957-2121.612905,KEITH ABRANCHES,CNF/BSB/CNF,240.36,0,240.36,
56,2020-01-03 00:00:00,1723751,73586,0,250,1480,2019,2020,0,0,1,0,0,999,PSB,MG,Júlio Delgado,02012862000160,Emissão Bilhete Aéreo,,Cia Aérea - TAM,Bilhete: 957-2121.614757,KEITH ABRANCHES,BSB/CNF/BSB,220.36,0,220.36,
56,2020-01-03 00:00:00,1723752,73586,0,250,1480,2019,2020,0,0,1,0,0,999,PSB,MG,Júlio Delgado,02012862000160,Emissão Bilhete Aéreo,,Cia Aérea - TAM,Bilhete: 957-2121.614967,KEITH ABRANCHES,CNF/BSB/CNF,220.36,0,220.36,
56,2020-01-03 00:00:00,1723753,73586,0,250,1480,2019,2020,0,0,1,0,0,999,PSB,MG,Júlio Delgado,02012862000160,Emissão Bilhete Aéreo,,Cia Aérea - TAM,Bilhete: 957-2121.615511,KEITH ABRANCHES,CNF/BSB/CNF,240.36,0,240.36,
56,2020-01-03 00:00:00,1723754,73586,0,250,1480,2019,2020,0,0,1,0,0,999,PSB,MG,Júlio Delgado,02012862000160,Emissão Bilhete Aéreo,,Cia Aérea - TAM,Bilhete: 957-2121.615609,KEITH ABRANCHES,BSB/CNF/BSB,220.36,0,220.36,
56,2020-01-03 00:00:00,1723755,73586,0,250,1480,2019,2020,0,0,1,0,0,999,PSB,MG,Júlio Delgado,02012862000160,Emissão Bilhete Aéreo,,Cia Aérea - TAM,Bilhete: 957-2121.615642,KEITH ABRANCHES,BSB/CNF/BSB,358.26,0,358.26,
56,2020-01-23 00:00:00,1724578,73586,0,250,1480,2019,2020,0,0,1,0,0,999,PSB,MG,Júlio Delgado,02012862000160,Emissão Bilhete Aéreo,,Cia Aérea - TAM,Bilhete: 957-2123.758089,KEITH ABRANCHES,CNF/BSB/CNF,332.8,0,332.8,
56,2020-02-04 00:00:00,0,74156,0,253,1582,2019,2020,0,0,1,0,0,10,PT,MG,Leonardo Monteiro,00000000000001,TELEFONIA,,CELULAR FUNCIONAL,7022197,,,15.8,0,15.8,
56,2020-01-23 15:51:38,0,74156,1,253,1582,2019,2020,0,0,1,0,0,11,PT,MG,Leonardo Monteiro,00000000000007,SERVIÇOS POSTAIS,,CORREIOS - CARTA REGISTRADA COM AR,RSP : 2298170,,,30.5,0,30.5,
56,2020-02-05 17:08:22,0,74156,1,253,1582,2019,2020,0,0,2,0,0,11,PT,MG,Leonardo Monteiro,00000000000007,SERVIÇOS POSTAIS,,CORREIOS - CARTA REGISTRADA COM AR,RSP : 2299820,,,44.25,0,44.25,
56,2020-02-19 16:43:44,0,74156,1,253,1582,2019,2020,0,0,2,0,0,11,PT,MG,Leonardo Monteiro,00000000000007,SERVIÇOS POSTAIS,,CORREIOS - CARTA REGISTRADA COM AR,RSP : 2301943,,,14.75,0,14.75,
56,2020-02-21 10:17:07,0,74156,1,253,1582,2019,2020,0,0,2,0,0,11,PT,MG,Leonardo Monteiro,00000000000007,SERVIÇOS POSTAIS,,CORREIOS - CARTA REGISTRADA COM AR,RSP : 2302088,,,14.75,0,14.75,
56,2020-02-05 17:05:57,0,74156,1,253,1582,2019,2020,0,0,2,0,0,11,PT,MG,Leonardo Monteiro,00000000000007,SERVIÇOS POSTAIS,,CORREIOS - ENCOMENDA PAC,RSP : 2299821,,,1454.52,0,1454.52,
56,2020-02-12 14:10:24,0,74156,1,253,1582,2019,2020,0,0,2,0,0,11,PT,MG,Leonardo Monteiro,00000000000007,SERVIÇOS POSTAIS,,CORREIOS - ENCOMENDA PAC,RSP : 2300263,,,202.96,0,202.96,
56,2020-02-27 17:12:08,0,74156,1,253,1582,2019,2020,0,0,2,0,0,11,PT,MG,Leonardo Monteiro,00000000000007,SERVIÇOS POSTAIS,,CORREIOS - ENCOMENDA PAC,RSP : 2302255,,,135.02,0,135.02,
56,2020-03-02 16:04:11,0,74156,1,253,1582,2019,2020,0,0,3,0,0,11,PT,MG,Leonardo Monteiro,00000000000007,SERVIÇOS POSTAIS,,CORREIOS - ENCOMENDA PAC,RSP : 2302394,,,21.06,0,21.06,
56,2020-02-06 17:12:13,0,74156,1,253,1582,2019,2020,0,0,2,0,0,11,PT,MG,Leonardo Monteiro,00000000000007,SERVIÇOS POSTAIS,,CORREIOS - SEDEX CONVENCIONAL,RSP : 2299956,,,78.51,0,78.51,
56,2020-02-17 19:10:03,0,74156,1,253,1582,2019,2020,0,0,2,0,0,11,PT,MG,Leonardo Monteiro,00000000000007,SERVIÇOS POSTAIS,,CORREIOS - SEDEX CONVENCIONAL,RSP : 2300692,,,40.14,0,40.14,
56,2020-03-03 12:17:35,0,74156,1,253,1582,2019,2020,0,0,3,0,0,11,PT,MG,Leonardo Monteiro,00000000000007,SERVIÇOS POSTAIS,,CORREIOS - SEDEX CONVENCIONAL,RSP : 2302448,,,40.14,0,40.14,
56,2020-01-16 00:00:00,1723531,74156,0,253,1582,2019,2020,0,0,1,0,0,999,PT,MG,Leonardo Monteiro,09296295000160,Emissão Bilhete Aéreo,,Cia Aérea - AZUL,Bilhete: QMYC9E,Leonardo Monteiro,CNF/IPN,681.59,0,681.59,
56,2020-01-16 00:00:00,1723530,74156,0,253,1582,2019,2020,0,0,1,0,0,999,PT,MG,Leonardo Monteiro,09296295000160,Emissão Bilhete Aéreo,,Cia Aérea - AZUL,Bilhete: TGVPNW,Leonardo Monteiro,IPN/CNF,619.9,0,619.9,
56,2020-02-19 11:33:40,0,74158,1,239,1609,2019,2020,0,0,2,0,0,11,PDT,MG,Mário Heringer,00000000000007,SERVIÇOS POSTAIS,,CORREIOS - CARTA COMERCIAL,RSP : 2301851,,,28.7,0,28.7,
56,2020-02-27 13:28:23,0,74158,1,239,1609,2019,2020,0,0,2,0,0,11,PDT,MG,Mário Heringer,00000000000007,SERVIÇOS POSTAIS,,CORREIOS - CARTA COMERCIAL,RSP : 2302233,,,1271,0,1271,
56,2020-03-02 16:08:09,0,74158,1,239,1609,2019,2020,0,0,3,0,0,11,PDT,MG,Mário Heringer,00000000000007,SERVIÇOS POSTAIS,,CORREIOS - CARTA COMERCIAL,RSP : 2302327,,,594.5,0,594.5,
56,2020-03-04 16:46:55,0,74158,1,239,1609,2019,2020,0,0,3,0,0,11,PDT,MG,Mário Heringer,00000000000007,SERVIÇOS POSTAIS,,CORREIOS - CARTA COMERCIAL,RSP : 2302553,,,26.65,0,26.65,
56,2020-01-31 13:15:16,0,74158,1,239,1609,2019,2020,0,0,1,0,0,11,PDT,MG,Mário Heringer,00000000000007,SERVIÇOS POSTAIS,,CORREIOS - ENCOMENDA PAC,RSP : 2299347,,,204.56,0,204.56,
56,2020-02-21 15:14:26,0,74158,1,239,1609,2019,2020,0,0,2,0,0,11,PDT,MG,Mário Heringer,00000000000007,SERVIÇOS POSTAIS,,CORREIOS - SEDEX CONVENCIONAL,RSP : 2302146,,,40.14,0,40.14,
56,2020-03-03 14:05:39,0,74158,1,239,1609,2019,2020,0,0,3,0,0,11,PDT,MG,Mário Heringer,00000000000007,SERVIÇOS POSTAIS,,CORREIOS - SEDEX CONVENCIONAL,RSP : 2302456,,,51.26,0,51.26,
56,2020-03-05 11:47:07,0,74158,1,239,1609,2019,2020,0,0,3,0,0,11,PDT,MG,Mário Heringer,00000000000007,SERVIÇOS POSTAIS,,CORREIOS - SEDEX CONVENCIONAL,RSP : 2303702,,,25.32,0,25.32,
56,2020-02-19 13:14:37,0,74158,1,239,1609,2019,2020,0,0,2,0,0,11,PDT,MG,Mário Heringer,00000000000007,SERVIÇOS POSTAIS,,CORREIOS - TELEGRAMA,RSP : 2301870,,,12.36,0,12.36,
56,2020-01-20 00:00:00,1724378,74158,0,239,1609,2019,2020,0,0,1,0,0,999,PDT,MG,Mário Heringer,02012862000160,Emissão Bilhete Aéreo,,Cia Aérea - TAM,Bilhete: 957-2123.368994,Mário Heringer,BSB/SDU,2030.57,0,2030.57,
56,2020-01-20 00:00:00,1724380,74158,0,239,1609,2019,2020,0,0,1,0,0,999,PDT,MG,Mário Heringer,02012862000160,Emissão Bilhete Aéreo,,Cia Aérea - TAM,Bilhete: 957-2123.369918,Mário Heringer,SDU/BSB,937.85,0,937.85,
56,2020-03-03 14:07:43,0,74159,1,269,1625,2019,2020,0,0,3,0,0,11,PT,MG,Odair Cunha,00000000000007,SERVIÇOS POSTAIS,,CORREIOS - CAIXA DE ENCOMENDAS BÁSICA/CONVENCIONAL,RSP : 2302461,,,6.3,0,6.3,
56,2020-02-05 14:27:19,0,74159,1,269,1625,2019,2020,0,0,2,0,0,11,PT,MG,Odair Cunha,00000000000007,SERVIÇOS POSTAIS,,CORREIOS - SEDEX CONVENCIONAL,RSP : 2299757,,,84.52,0,84.52,
56,2020-02-06 13:06:03,0,74159,1,269,1625,2019,2020,0,0,2,0,0,11,PT,MG,Odair Cunha,00000000000007,SERVIÇOS POSTAIS,,CORREIOS - SEDEX CONVENCIONAL,RSP : 2299913,,,27.45,0,27.45,
56,2020-03-03 14:08:27,0,74159,1,269,1625,2019,2020,0,0,3,0,0,11,PT,MG,Odair Cunha,00000000000007,SERVIÇOS POSTAIS,,CORREIOS - SEDEX CONVENCIONAL,RSP : 2302462,,,52.85,0,52.85,
56,2020-01-24 14:13:34,0,74160,1,249,1638,2019,2020,0,0,1,0,0,11,PT,MG,Patrus Ananias,00000000000007,SERVIÇOS POSTAIS,,CORREIOS - CARTA COMERCIAL,RSP : 2298266,,,3.9,0,3.9,
56,2020-02-04 15:31:53,0,74160,1,249,1638,2019,2020,0,0,2,0,0,11,PT,MG,Patrus Ananias,00000000000007,SERVIÇOS POSTAIS,,CORREIOS - CARTA COMERCIAL,RSP : 2299701,,,138.75,0,138.75,
56,2020-02-12 14:57:40,0,74160,1,249,1638,2019,2020,0,0,2,0,0,11,PT,MG,Patrus Ananias,00000000000007,SERVIÇOS POSTAIS,,CORREIOS - CARTA COMERCIAL,RSP : 2300227,,,27.75,0,27.75,
56,2020-02-12 14:58:20,0,74160,1,249,1638,2019,2020,0,0,2,0,0,11,PT,MG,Patrus Ananias,00000000000007,SERVIÇOS POSTAIS,,CORREIOS - CARTA COMERCIAL,RSP : 2300276,,,46.25,0,46.25,
56,2020-02-18 16:02:23,0,74160,1,249,1638,2019,2020,0,0,2,0,0,11,PT,MG,Patrus Ananias,00000000000007,SERVIÇOS POSTAIS,,CORREIOS - CARTA COMERCIAL,RSP : 2301795,,,40.4,0,40.4,
56,2020-03-05 15:29:58,0,74160,1,249,1638,2019,2020,0,0,3,0,0,11,PT,MG,Patrus Ananias,00000000000007,SERVIÇOS POSTAIS,,CORREIOS - CARTA COMERCIAL,RSP : 2303710,,,37,0,37,
56,2020-03-11 14:55:10,0,74160,1,249,1638,2019,2020,0,0,3,0,0,11,PT,MG,Patrus Ananias,00000000000007,SERVIÇOS POSTAIS,,CORREIOS - CARTA COMERCIAL,RSP : 2303991,,,37,0,37,
56,2020-01-07 15:24:20,0,74160,1,249,1638,2019,2020,0,0,1,0,0,11,PT,MG,Patrus Ananias,00000000000007,SERVIÇOS POSTAIS,,CORREIOS - CARTA REGISTRADA,RSP : 2297474,,,8.45,0,8.45,
56,2020-01-09 17:55:44,0,74160,1,249,1638,2019,2020,0,0,1,0,0,11,PT,MG,Patrus Ananias,00000000000007,SERVIÇOS POSTAIS,,CORREIOS - SEDEX 12 COM AR,RSP : 2297693,,,72.05,0,72.05,
56,2020-01-21 17:59:46,0,74160,1,249,1638,2019,2020,0,0,1,0,0,11,PT,MG,Patrus Ananias,00000000000007,SERVIÇOS POSTAIS,,CORREIOS - SEDEX 12 COM AR,RSP : 2298149,,,72.05,0,72.05,
56,2020-01-13 00:00:00,1723503,74160,0,249,1638,2019,2020,0,0,1,0,0,999,PT,MG,Patrus Ananias,09296295000160,Emissão Bilhete Aéreo,,Cia Aérea - AZUL,Bilhete: CK33WK,Patrus Ananias,BSB/CNF,247.57,0,247.57,
56,2020-01-13 00:00:00,1723502,74160,0,249,1638,2019,2020,0,0,1,0,0,999,PT,MG,Patrus Ananias,09296295000160,Emissão Bilhete Aéreo,,Cia Aérea - AZUL,Bilhete: FHBUUT,Patrus Ananias,CNF/BSB,248.59,0,248.59,
56,2020-01-13 00:00:00,1723504,74160,0,249,1638,2019,2020,0,0,1,0,0,999,PT,MG,Patrus Ananias,09296295000160,Emissão Bilhete Aéreo,,Cia Aérea - AZUL,Bilhete: UC59XI,Patrus Ananias,BSB/CNF,546.57,0,546.57,
56,2020-01-13 00:00:00,1723505,74160,0,249,1638,2019,2020,0,0,1,0,0,999,PT,MG,Patrus Ananias,09296295000160,Emissão Bilhete Aéreo,,Cia Aérea - AZUL,Bilhete: UF8KJM,Patrus Ananias,BSB/CNF,247.57,0,247.57,
56,2020-01-13 00:00:00,1724045,74160,0,249,1638,2019,2020,0,0,1,0,0,999,PT,MG,Patrus Ananias,02012862000160,Emissão Bilhete Aéreo,,Cia Aérea - TAM,Bilhete: 957-2122.641959,Patrus Ananias,CNF/BSB,275.59,0,275.59,
56,2020-01-13 00:00:00,1724046,74160,0,249,1638,2019,2020,0,0,1,0,0,999,PT,MG,Patrus Ananias,02012862000160,Emissão Bilhete Aéreo,,Cia Aérea - TAM,Bilhete: 957-2122.642654,Patrus Ananias,CNF/BSB,275.59,0,275.59,
56,2020-01-27 00:00:00,1724650,74160,0,249,1638,2019,2020,0,0,1,0,0,999,PT,MG,Patrus Ananias,02012862000160,Emissão Bilhete Aéreo,,Cia Aérea - TAM,Bilhete: 957-2124.064008,Patrus Ananias,CNF/BSB,207,0,207,
56,2020-02-10 17:22:57,0,74161,1,272,1677,2019,2020,0,0,2,0,0,11,PT,MG,Reginaldo Lopes,00000000000007,SERVIÇOS POSTAIS,,CORREIOS - SEDEX CONVENCIONAL COM AR,RSP : 2300135,,,111.55,0,111.55,
56,2020-01-03 00:00:00,1723392,74161,0,272,1677,2019,2020,0,0,1,0,0,999,PT,MG,Reginaldo Lopes,09296295000160,Emissão Bilhete Aéreo,,Cia Aérea - AZUL,Bilhete: AC798P,Reginaldo Lopes,CNF/BSB,109.59,0,109.59,
56,2020-01-03 00:00:00,1723391,74161,0,272,1677,2019,2020,0,0,1,0,0,999,PT,MG,Reginaldo Lopes,09296295000160,Emissão Bilhete Aéreo,,Cia Aérea - AZUL,Bilhete: AYTDKV,Reginaldo Lopes,BSB/CNF,171.57,0,171.57,
56,2020-01-03 00:00:00,1723390,74161,0,272,1677,2019,2020,0,0,1,0,0,999,PT,MG,Reginaldo Lopes,09296295000160,Emissão Bilhete Aéreo,,Cia Aérea - AZUL,Bilhete: BFIRKW,Reginaldo Lopes,CNF/BSB,109.59,0,109.59,
56,2020-01-03 00:00:00,1723389,74161,0,272,1677,2019,2020,0,0,1,0,0,999,PT,MG,Reginaldo Lopes,09296295000160,Emissão Bilhete Aéreo,,Cia Aérea - AZUL,Bilhete: CJBK2X,Reginaldo Lopes,BSB/CNF,444.57,0,444.57,
56,2020-01-03 00:00:00,1723393,74161,0,272,1677,2019,2020,0,0,1,0,0,999,PT,MG,Reginaldo Lopes,09296295000160,Emissão Bilhete Aéreo,,Cia Aérea - AZUL,Bilhete: ECVTGP,Reginaldo Lopes,BSB/CNF,370.57,0,370.57,
56,2020-01-03 00:00:00,1723394,74161,0,272,1677,2019,2020,0,0,1,0,0,999,PT,MG,Reginaldo Lopes,09296295000160,Emissão Bilhete Aéreo,,Cia Aérea - AZUL,Bilhete: GLE79E,Reginaldo Lopes,BSB/CNF,108.57,0,108.57,
56,2020-01-03 00:00:00,1723395,74161,0,272,1677,2019,2020,0,0,1,0,0,999,PT,MG,Reginaldo Lopes,09296295000160,Emissão Bilhete Aéreo,,Cia Aérea - AZUL,Bilhete: HCS7KC,Reginaldo Lopes,CNF/BSB,109.59,0,109.59,
56,2020-01-03 00:00:00,1723396,74161,0,272,1677,2019,2020,0,0,1,0,0,999,PT,MG,Reginaldo Lopes,09296295000160,Emissão Bilhete Aéreo,,Cia Aérea - AZUL,Bilhete: HCUJYS,Reginaldo Lopes,BSB/CNF,171.57,0,171.57,
56,2020-01-03 00:00:00,1723397,74161,0,272,1677,2019,2020,0,0,1,0,0,999,PT,MG,Reginaldo Lopes,09296295000160,Emissão Bilhete Aéreo,,Cia Aérea - AZUL,Bilhete: HGW92D,Reginaldo Lopes,BSB/CNF,108.67,0,108.67,
56,2020-01-03 00:00:00,1723399,74161,0,272,1677,2019,2020,0,0,1,0,0,999,PT,MG,Reginaldo Lopes,09296295000160,Emissão Bilhete Aéreo,,Cia Aérea - AZUL,Bilhete: HN7PSB,Reginaldo Lopes,CNF/BSB,109.59,0,109.59,
56,2020-01-04 00:00:00,1723412,74161,0,272,1677,2019,2020,0,0,1,0,0,999,PT,MG,Reginaldo Lopes,09296295000160,Emissão Bilhete Aéreo,,Cia Aérea - AZUL,Bilhete: IJELWN,GILSON MARTINS DA SILVA,BSB/CNF,734.57,0,734.57,
56,2020-01-04 00:00:00,1723413,74161,0,272,1677,2019,2020,0,0,1,0,0,999,PT,MG,Reginaldo Lopes,09296295000160,Emissão Bilhete Aéreo,,Cia Aérea - AZUL,Bilhete: KGMRQG,Reginaldo Lopes,BSB/CNF,699.57,0,699.57,
56,2020-01-03 00:00:00,1723398,74161,0,272,1677,2019,2020,0,0,1,0,0,999,PT,MG,Reginaldo Lopes,09296295000160,Emissão Bilhete Aéreo,,Cia Aérea - AZUL,Bilhete: MDWUJP,Reginaldo Lopes,BSB/CNF,370.57,0,370.57,
56,2020-01-03 00:00:00,1723407,74161,0,272,1677,2019,2020,0,0,1,0,0,999,PT,MG,Reginaldo Lopes,09296295000160,Emissão Bilhete Aéreo,,Cia Aérea - AZUL,Bilhete: NFTYMJ,Reginaldo Lopes,BSB/CNF,370.57,0,370.57,
56,2020-01-03 00:00:00,1723408,74161,0,272,1677,2019,2020,0,0,1,0,0,999,PT,MG,Reginaldo Lopes,09296295000160,Emissão Bilhete Aéreo,,Cia Aérea - AZUL,Bilhete: NIIGNQ,Reginaldo Lopes,BSB/CNF,370.57,0,370.57,
56,2020-01-03 00:00:00,1723404,74161,0,272,1677,2019,2020,0,0,1,0,0,999,PT,MG,Reginaldo Lopes,09296295000160,Emissão Bilhete Aéreo,,Cia Aérea - AZUL,Bilhete: OHQTJD,Reginaldo Lopes,BSB/CNF,444.57,0,444.57,
56,2020-01-03 00:00:00,1723405,74161,0,272,1677,2019,2020,0,0,1,0,0,999,PT,MG,Reginaldo Lopes,09296295000160,Emissão Bilhete Aéreo,,Cia Aérea - AZUL,Bilhete: OYL2VL,Reginaldo Lopes,BSB/CNF,171.57,0,171.57,
56,2020-01-03 00:00:00,1723406,74161,0,272,1677,2019,2020,0,0,1,0,0,999,PT,MG,Reginaldo Lopes,09296295000160,Emissão Bilhete Aéreo,,Cia Aérea - AZUL,Bilhete: QCBISV,Reginaldo Lopes,CNF/BSB,109.59,0,109.59,
56,2020-01-03 00:00:00,1723400,74161,0,272,1677,2019,2020,0,0,1,0,0,999,PT,MG,Reginaldo Lopes,09296295000160,Emissão Bilhete Aéreo,,Cia Aérea - AZUL,Bilhete: RHG32D,Reginaldo Lopes,BSB/CNF,108.67,0,108.67,
56,2020-01-03 00:00:00,1723409,74161,0,272,1677,2019,2020,0,0,1,0,0,999,PT,MG,Reginaldo Lopes,09296295000160,Emissão Bilhete Aéreo,,Cia Aérea - AZUL,Bilhete: VBPZ6V,Reginaldo Lopes,BSB/CNF,108.57,0,108.57,
56,2020-01-03 00:00:00,1723401,74161,0,272,1677,2019,2020,0,0,1,0,0,999,PT,MG,Reginaldo Lopes,09296295000160,Emissão Bilhete Aéreo,,Cia Aérea - AZUL,Bilhete: WFUEYM,Reginaldo Lopes,BSB/CNF,150.57,0,150.57,
56,2020-01-03 00:00:00,1723402,74161,0,272,1677,2019,2020,0,0,1,0,0,999,PT,MG,Reginaldo Lopes,09296295000160,Emissão Bilhete Aéreo,,Cia Aérea - AZUL,Bilhete: WGBLJJ,Reginaldo Lopes,CNF/BSB,109.59,0,109.59,
56,2020-01-03 00:00:00,1723403,74161,0,272,1677,2019,2020,0,0,1,0,0,999,PT,MG,Reginaldo Lopes,09296295000160,Emissão Bilhete Aéreo,,Cia Aérea - AZUL,Bilhete: WMB68E,Reginaldo Lopes,CNF/BSB,109.59,0,109.59,
56,2020-01-03 00:00:00,1723410,74161,0,272,1677,2019,2020,0,0,1,0,0,999,PT,MG,Reginaldo Lopes,09296295000160,Emissão Bilhete Aéreo,,Cia Aérea - AZUL,Bilhete: Y9BPTR,Reginaldo Lopes,CNF/BSB,109.59,0,109.59,
56,2020-01-16 00:00:00,1724100,74161,0,272,1677,2019,2020,0,0,1,0,0,999,PT,MG,Reginaldo Lopes,02012862000160,Emissão Bilhete Aéreo,,Cia Aérea - TAM,Bilhete: 957-1532.245946,Reginaldo Lopes,CNF/BSB,40,0,40,
56,2020-01-16 00:00:00,1724328,74161,0,272,1677,2019,2020,0,0,1,0,0,999,PT,MG,Reginaldo Lopes,02012862000160,Emissão Bilhete Aéreo,,Cia Aérea - TAM,Bilhete: 957-2123.009547,Reginaldo Lopes,CNF/BSB,325.59,0,325.59,
56,2020-03-05 16:16:01,0,74585,1,243,1355,2019,2020,0,0,3,0,0,11,PL,MG,Lincoln Portela,00000000000007,SERVIÇOS POSTAIS,,CORREIOS - ENCOMENDA PAC,RSP : 2303758,,,188.11,0,188.11,
56,2020-02-20 14:10:10,0,74585,1,243,1355,2019,2020,0,0,2,0,0,11,PL,MG,Lincoln Portela,00000000000007,SERVIÇOS POSTAIS,,CORREIOS - MALA DIRETA POSTAL BÁSICA,RSP : 2300689,,,672.81,0,672.81,
56,2020-01-13 11:50:15,0,74646,1,221,233,2019,2020,0,0,1,0,0,11,PSDB,MG,Aécio Neves,00000000000007,SERVIÇOS POSTAIS,,CORREIOS - CARTA COMERCIAL,RSP : 2297735,,,1558.05,0,1558.05,
56,2020-01-27 11:38:56,0,74646,1,221,233,2019,2020,0,0,1,0,0,11,PSDB,MG,Aécio Neves,00000000000007,SERVIÇOS POSTAIS,,CORREIOS - CARTA REGISTRADA,RSP : 2298301,,,8.45,0,8.45,
56,2020-02-19 14:47:50,0,74646,1,221,233,2019,2020,0,0,2,0,0,11,PSDB,MG,Aécio Neves,00000000000007,SERVIÇOS POSTAIS,,CORREIOS - SEDEX 12 COM AR,RSP : 2301918,,,72.65,0,72.65,
56,2020-03-12 16:50:12,0,74646,1,221,233,2019,2020,0,0,3,0,0,11,PSDB,MG,Aécio Neves,00000000000007,SERVIÇOS POSTAIS,,CORREIOS - SEDEX 12 COM AR,RSP : 2304210,,,100.25,0,100.25,
56,2020-01-31 13:17:00,0,74646,1,221,233,2019,2020,0,0,1,0,0,11,PSDB,MG,Aécio Neves,00000000000007,SERVIÇOS POSTAIS,,CORREIOS - SEDEX CONVENCIONAL,RSP : 2299568,,,25.32,0,25.32,
56,2020-01-27 11:37:09,0,74646,1,221,233,2019,2020,0,0,1,0,0,11,PSDB,MG,Aécio Neves,00000000000007,SERVIÇOS POSTAIS,,CORREIOS - SEDEX CONVENCIONAL COM AR,RSP : 2298300,,,41.21,0,41.21,
56,2020-01-28 17:35:49,0,74646,1,221,233,2019,2020,0,0,1,0,0,11,PSDB,MG,Aécio Neves,00000000000007,SERVIÇOS POSTAIS,,CORREIOS - TELEGRAMA,RSP : 2299433,,,11.85,0,11.85,
56,2020-02-19 16:37:18,0,74646,1,221,233,2019,2020,0,0,2,0,0,11,PSDB,MG,Aécio Neves,00000000000007,SERVIÇOS POSTAIS,,CORREIOS - TELEGRAMA,RSP : 2301833,,,12.36,0,12.36,
56,2020-01-31 17:04:28,0,74655,1,230,1010,2019,2020,0,0,1,0,0,11,PSDB,MG,Eduardo Barbosa,00000000000007,SERVIÇOS POSTAIS,,CORREIOS - CARTA COMERCIAL,RSP : 2299612,,,50.5,0,50.5,
56,2020-02-10 17:35:17,0,74655,1,230,1010,2019,2020,0,0,2,0,0,11,PSDB,MG,Eduardo Barbosa,00000000000007,SERVIÇOS POSTAIS,,CORREIOS - CARTA COMERCIAL,RSP : 2300119,,,2.05,0,2.05,
56,2020-02-12 16:13:43,0,74655,1,230,1010,2019,2020,0,0,2,0,0,11,PSDB,MG,Eduardo Barbosa,00000000000007,SERVIÇOS POSTAIS,,CORREIOS - CARTA COMERCIAL,RSP : 2300285,,,139.65,0,139.65,
56,2020-02-19 17:26:22,0,74655,1,230,1010,2019,2020,0,0,2,0,0,11,PSDB,MG,Eduardo Barbosa,00000000000007,SERVIÇOS POSTAIS,,CORREIOS - CARTA COMERCIAL,RSP : 2301967,,,26.9,0,26.9,
56,2020-02-21 13:28:15,0,74655,1,230,1010,2019,2020,0,0,2,0,0,11,PSDB,MG,Eduardo Barbosa,00000000000007,SERVIÇOS POSTAIS,,CORREIOS - CARTA COMERCIAL,RSP : 2302118,,,41,0,41,
56,2020-03-05 13:41:41,0,74655,1,230,1010,2019,2020,0,0,3,0,0,11,PSDB,MG,Eduardo Barbosa,00000000000007,SERVIÇOS POSTAIS,,CORREIOS - CARTA COMERCIAL,RSP : 2303699,,,47.15,0,47.15,
56,2020-03-10 09:50:56,0,74655,1,230,1010,2019,2020,0,0,3,0,0,11,PSDB,MG,Eduardo Barbosa,00000000000007,SERVIÇOS POSTAIS,,CORREIOS - CARTA COMERCIAL,RSP : 2303906,,,8.2,0,8.2,
56,2020-03-12 17:05:00,0,74655,1,230,1010,2019,2020,0,0,3,0,0,11,PSDB,MG,Eduardo Barbosa,00000000000007,SERVIÇOS POSTAIS,,CORREIOS - CARTA COMERCIAL,RSP : 2304261,,,6.15,0,6.15,
56,2020-01-31 17:05:10,0,74655,1,230,1010,2019,2020,0,0,1,0,0,11,PSDB,MG,Eduardo Barbosa,00000000000007,SERVIÇOS POSTAIS,,CORREIOS - ENCOMENDA PAC,RSP : 2299613,,,93.41,0,93.41,
56,2020-02-10 17:22:27,0,74655,1,230,1010,2019,2020,0,0,2,0,0,11,PSDB,MG,Eduardo Barbosa,00000000000007,SERVIÇOS POSTAIS,,CORREIOS - ENCOMENDA PAC,RSP : 2300118,,,51.24,0,51.24,
56,2020-03-05 13:42:28,0,74655,1,230,1010,2019,2020,0,0,3,0,0,11,PSDB,MG,Eduardo Barbosa,00000000000007,SERVIÇOS POSTAIS,,CORREIOS - ENCOMENDA PAC,RSP : 2303700,,,30.53,0,30.53,
56,2020-03-09 11:59:21,0,74655,1,230,1010,2019,2020,0,0,3,0,0,11,PSDB,MG,Eduardo Barbosa,00000000000007,SERVIÇOS POSTAIS,,CORREIOS - ENCOMENDA PAC,RSP : 2303825,,,116.95,0,116.95,
56,2020-02-04 12:45:50,0,74655,1,230,1010,2019,2020,0,0,2,0,0,11,PSDB,MG,Eduardo Barbosa,00000000000007,SERVIÇOS POSTAIS,,CORREIOS - SEDEX 10,RSP : 2299699,,,87.1,0,87.1,
56,2020-02-19 14:04:04,0,74655,1,230,1010,2019,2020,0,0,2,0,0,11,PSDB,MG,Eduardo Barbosa,00000000000007,SERVIÇOS POSTAIS,,CORREIOS - SEDEX 10,RSP : 2301917,,,170.2,0,170.2,
56,2020-03-10 16:51:21,0,74655,1,230,1010,2019,2020,0,0,3,0,0,11,PSDB,MG,Eduardo Barbosa,00000000000007,SERVIÇOS POSTAIS,,CORREIOS - SEDEX 10,RSP : 2304034,,,76.2,0,76.2,
56,2020-03-05 11:01:35,0,74655,1,230,1010,2019,2020,0,0,3,0,0,11,PSDB,MG,Eduardo Barbosa,00000000000007,SERVIÇOS POSTAIS,,CORREIOS - SEDEX 12,RSP : 2302663,,,87.1,0,87.1,
56,2020-01-02 16:17:49,0,74749,1,252,1125,2019,2020,0,0,1,0,0,11,MDB,MG,Mauro Lopes,00000000000007,SERVIÇOS POSTAIS,,CORREIOS - CARTA COMERCIAL,RSP : 2297392,,,148.2,0,148.2,
56,2020-01-23 13:23:27,0,74749,1,252,1125,2019,2020,0,0,1,0,0,11,MDB,MG,Mauro Lopes,00000000000007,SERVIÇOS POSTAIS,,CORREIOS - CARTA COMERCIAL,RSP : 2298225,,,2.7,0,2.7,
56,2020-02-12 17:24:11,0,74749,1,252,1125,2019,2020,0,0,2,0,0,11,MDB,MG,Mauro Lopes,00000000000007,SERVIÇOS POSTAIS,,CORREIOS - CARTA COMERCIAL,RSP : 2300299,,,2.05,0,2.05,
56,2020-02-19 17:26:47,0,74749,1,252,1125,2019,2020,0,0,2,0,0,11,MDB,MG,Mauro Lopes,00000000000007,SERVIÇOS POSTAIS,,CORREIOS - CARTA COMERCIAL,RSP : 2301961,,,6.95,0,6.95,
56,2020-02-26 14:15:46,0,74749,1,252,1125,2019,2020,0,0,2,0,0,11,MDB,MG,Mauro Lopes,00000000000007,SERVIÇOS POSTAIS,,CORREIOS - CARTA COMERCIAL,RSP : 2302116,,,86.1,0,86.1,
56,2020-03-12 16:50:51,0,74749,1,252,1125,2019,2020,0,0,3,0,0,11,MDB,MG,Mauro Lopes,00000000000007,SERVIÇOS POSTAIS,,CORREIOS - CARTA COMERCIAL,RSP : 2304265,,,6.15,0,6.15,
56,2020-02-11 17:31:13,0,74749,1,252,1125,2019,2020,0,0,2,0,0,11,MDB,MG,Mauro Lopes,00000000000007,SERVIÇOS POSTAIS,,CORREIOS - CARTA REGISTRADA,RSP : 2300199,,,10.3,0,10.3,
56,2020-02-14 16:32:34,0,74749,1,252,1125,2019,2020,0,0,2,0,0,11,MDB,MG,Mauro Lopes,00000000000007,SERVIÇOS POSTAIS,,CORREIOS - ENCOMENDA PAC,RSP : 2300545,,,190.19,0,190.19,
56,2020-02-21 16:09:27,0,74749,1,252,1125,2019,2020,0,0,2,0,0,11,MDB,MG,Mauro Lopes,00000000000007,SERVIÇOS POSTAIS,,CORREIOS - TELEGRAMA,RSP : 2302095,,,12.36,0,12.36,
56,2020-01-02 00:00:00,1723385,74749,0,252,1125,2019,2020,0,0,1,0,0,999,MDB,MG,Mauro Lopes,09296295000160,Emissão Bilhete Aéreo,,Cia Aérea - AZUL,Bilhete: WM65TH,Mauro Lopes,CNF/CGH/CNF,1348.44,0,1348.44,
56,2020-02-07 12:25:58,0,92776,1,267,2430,2019,2020,0,0,2,0,0,11,PSD,MG,Stefano Aguiar,00000000000007,SERVIÇOS POSTAIS,,CORREIOS - CAIXA DE ENCOMENDAS BÁSICA/CONVENCIONAL,RSP : 2299994,,,29.05,0,29.05,
56,2020-03-12 17:07:43,0,92776,1,267,2430,2019,2020,0,0,3,0,0,11,PSD,MG,Stefano Aguiar,00000000000007,SERVIÇOS POSTAIS,,CORREIOS - SEDEX 12,RSP : 2304269,,,49.8,0,49.8,
56,2020-01-29 12:46:33,0,92776,1,267,2430,2019,2020,0,0,1,0,0,11,PSD,MG,Stefano Aguiar,00000000000007,SERVIÇOS POSTAIS,,CORREIOS - SEDEX CONVENCIONAL,RSP : 2299466,,,93.71,0,93.71,
56,2020-02-05 17:44:38,0,92776,1,267,2430,2019,2020,0,0,2,0,0,11,PSD,MG,Stefano Aguiar,00000000000007,SERVIÇOS POSTAIS,,CORREIOS - SEDEX CONVENCIONAL,RSP : 2299878,,,40.14,0,40.14,
56,2020-02-07 12:23:21,0,92776,1,267,2430,2019,2020,0,0,2,0,0,11,PSD,MG,Stefano Aguiar,00000000000007,SERVIÇOS POSTAIS,,CORREIOS - SEDEX CONVENCIONAL,RSP : 2299992,,,109.94,0,109.94,
56,2020-02-14 12:01:20,0,92776,1,267,2430,2019,2020,0,0,2,0,0,11,PSD,MG,Stefano Aguiar,00000000000007,SERVIÇOS POSTAIS,,CORREIOS - SEDEX CONVENCIONAL,RSP : 2300498,,,42.26,0,42.26,
56,2020-02-18 15:26:37,0,92776,1,267,2430,2019,2020,0,0,2,0,0,11,PSD,MG,Stefano Aguiar,00000000000007,SERVIÇOS POSTAIS,,CORREIOS - SEDEX CONVENCIONAL,RSP : 2301769,,,53.19,0,53.19,
56,2020-03-03 16:10:28,0,92776,1,267,2430,2019,2020,0,0,3,0,0,11,PSD,MG,Stefano Aguiar,00000000000007,SERVIÇOS POSTAIS,,CORREIOS - SEDEX CONVENCIONAL,RSP : 2302488,,,40.14,0,40.14,
56,2020-03-11 14:56:54,0,92776,1,267,2430,2019,2020,0,0,3,0,0,11,PSD,MG,Stefano Aguiar,00000000000007,SERVIÇOS POSTAIS,,CORREIOS - SEDEX CONVENCIONAL,RSP : 2304114,,,55,0,55,
56,2020-03-12 12:05:52,0,92776,1,267,2430,2019,2020,0,0,3,0,0,11,PSD,MG,Stefano Aguiar,00000000000007,SERVIÇOS POSTAIS,,CORREIOS - SEDEX CONVENCIONAL,RSP : 2304199,,,18.25,0,18.25,
56,2020-02-20 12:59:17,0,92776,1,267,2430,2019,2020,0,0,2,0,0,11,PSD,MG,Stefano Aguiar,00000000000007,SERVIÇOS POSTAIS,,CORREIOS - SEDEX CONVENCIONAL COM AR,RSP : 2301974,,,1276.77,0,1276.77,
56,2020-02-20 14:06:51,0,92776,1,267,2430,2019,2020,0,0,2,0,0,11,PSD,MG,Stefano Aguiar,00000000000007,SERVIÇOS POSTAIS,,CORREIOS - SEDEX CONVENCIONAL COM AR,RSP : 2301998,,,46.49,0,46.49,
56,2020-03-12 12:06:18,0,92776,1,267,2430,2019,2020,0,0,3,0,0,11,PSD,MG,Stefano Aguiar,00000000000007,SERVIÇOS POSTAIS,,CORREIOS - SEDEX CONVENCIONAL COM AR,RSP : 2304201,,,48.41,0,48.41,
56,2020-01-07 00:00:00,1723438,92776,0,267,2430,2019,2020,0,0,1,0,0,999,PSD,MG,Stefano Aguiar,09296295000160,Emissão Bilhete Aéreo,,Cia Aérea - AZUL,Bilhete: EYZRUL,Stefano Aguiar,BSB/CNF,324.57,0,324.57,
56,2020-01-07 00:00:00,1723861,92776,0,267,2430,2019,2020,0,0,1,0,0,999,PSD,MG,Stefano Aguiar,02012862000160,Emissão Bilhete Aéreo,,Cia Aérea - TAM,Bilhete: 957-2121.990141,Stefano Aguiar,CNF/BSB,290.32,0,290.32,
56,2020-01-21 00:00:00,0,98057,0,256,3420,2019,2020,0,0,1,0,0,10,REPUBLICANOS,MG,Lafayette de Andrada,00000000000001,TELEFONIA,,CELULAR FUNCIONAL,7022193,,,0.1,0,0.1,
56,2020-02-05 13:54:00,0,98057,1,256,3420,2019,2020,0,0,2,0,0,11,REPUBLICANOS,MG,Lafayette de Andrada,00000000000007,SERVIÇOS POSTAIS,,CORREIOS - CARTA COMERCIAL,RSP : 2299794,,,4.1,0,4.1,
56,2020-02-20 11:58:51,0,98057,1,256,3420,2019,2020,0,0,2,0,0,11,REPUBLICANOS,MG,Lafayette de Andrada,00000000000007,SERVIÇOS POSTAIS,,CORREIOS - CARTA COMERCIAL,RSP : 2301999,,,10.1,0,10.1,
56,2020-03-02 13:21:37,0,98057,1,256,3420,2019,2020,0,0,3,0,0,11,REPUBLICANOS,MG,Lafayette de Andrada,00000000000007,SERVIÇOS POSTAIS,,CORREIOS - CARTA COMERCIAL,RSP : 2302361,,,16.4,0,16.4,
56,2020-03-10 16:11:07,0,98057,1,256,3420,2019,2020,0,0,3,0,0,11,REPUBLICANOS,MG,Lafayette de Andrada,00000000000007,SERVIÇOS POSTAIS,,CORREIOS - CARTA COMERCIAL,RSP : 2304010,,,6.15,0,6.15,
56,2020-02-18 13:27:13,0,98057,1,256,3420,2019,2020,0,0,2,0,0,11,REPUBLICANOS,MG,Lafayette de Andrada,00000000000007,SERVIÇOS POSTAIS,,CORREIOS - ENCOMENDA PAC,RSP : 2301774,,,24.75,0,24.75,
56,2020-03-04 16:49:09,0,98057,1,256,3420,2019,2020,0,0,3,0,0,11,REPUBLICANOS,MG,Lafayette de Andrada,00000000000007,SERVIÇOS POSTAIS,,CORREIOS - ENCOMENDA PAC,RSP : 2302574,,,20.71,0,20.71,
56,2020-03-05 12:10:06,0,98057,1,256,3420,2019,2020,0,0,3,0,0,11,REPUBLICANOS,MG,Lafayette de Andrada,00000000000007,SERVIÇOS POSTAIS,,CORREIOS - ENCOMENDA PAC,RSP : 2303675,,,22.31,0,22.31,
56,2020-03-10 16:10:42,0,98057,1,256,3420,2019,2020,0,0,3,0,0,11,REPUBLICANOS,MG,Lafayette de Andrada,00000000000007,SERVIÇOS POSTAIS,,CORREIOS - ENCOMENDA PAC,RSP : 2304020,,,117.93,0,117.93,
56,2020-02-27 11:28:11,0,98057,1,256,3420,2019,2020,0,0,2,0,0,11,REPUBLICANOS,MG,Lafayette de Andrada,00000000000007,SERVIÇOS POSTAIS,,CORREIOS - SEDEX 12,RSP : 2302209,,,66.3,0,66.3,
56,2020-01-21 14:36:42,0,98057,1,256,3420,2019,2020,0,0,1,0,0,11,REPUBLICANOS,MG,Lafayette de Andrada,00000000000007,SERVIÇOS POSTAIS,,CORREIOS - SEDEX CONVENCIONAL,RSP : 2298102,,,41.2,0,41.2,
56,2020-02-10 17:29:17,0,98057,1,256,3420,2019,2020,0,0,2,0,0,11,REPUBLICANOS,MG,Lafayette de Andrada,00000000000007,SERVIÇOS POSTAIS,,CORREIOS - TELEGRAMA,RSP : 2300050,,,12.36,0,12.36,
56,2020-01-23 00:00:00,1724603,98057,0,256,3420,2019,2020,0,0,1,0,0,999,REPUBLICANOS,MG,Lafayette de Andrada,02012862000160,Emissão Bilhete Aéreo,,Cia Aérea - TAM,Bilhete: 957-2123.795874,Lafayette de Andrada,BSB/CGH,842.57,0,842.57,
56,2020-01-23 00:00:00,1724604,98057,0,256,3420,2019,2020,0,0,1,0,0,999,REPUBLICANOS,MG,Lafayette de Andrada,02012862000160,Emissão Bilhete Aéreo,,Cia Aérea - TAM,Bilhete: 957-2123.796742,Lafayette de Andrada,CGH/CNF,294.47,0,294.47,
56,2020-01-24 00:00:00,1724615,98057,0,256,3420,2019,2020,0,0,1,0,0,999,REPUBLICANOS,MG,Lafayette de Andrada,02012862000160,Emissão Bilhete Aéreo,,Cia Aérea - TAM,Bilhete: 957-2123.841415,Lafayette de Andrada,CGH/BSB,647,0,647,
56,2020-02-04 00:00:00,0,141427,0,238,1830,2019,2020,0,0,1,0,0,10,MDB,MG,Fábio Ramalho,00000000000001,TELEFONIA,,CELULAR FUNCIONAL,7022197,,,40.06,0,40.06,
56,2020-03-11 12:08:53,0,141427,1,238,1830,2019,2020,0,0,3,0,0,11,MDB,MG,Fábio Ramalho,00000000000007,SERVIÇOS POSTAIS,,CORREIOS - CARTA REGISTRADA COM AR,RSP : 2304081,,,15.55,0,15.55,
56,2020-03-12 16:41:21,0,141427,1,238,1830,2019,2020,0,0,3,0,0,11,MDB,MG,Fábio Ramalho,00000000000007,SERVIÇOS POSTAIS,,CORREIOS - CARTA REGISTRADA COM AR,RSP : 2304247,,,14.75,0,14.75,
56,2020-02-10 16:59:59,0,141427,1,238,1830,2019,2020,0,0,2,0,0,11,MDB,MG,Fábio Ramalho,00000000000007,SERVIÇOS POSTAIS,,CORREIOS - SEDEX CONVENCIONAL COM AR,RSP : 2300122,,,31.67,0,31.67,
56,2020-02-13 18:20:43,0,141427,1,238,1830,2019,2020,0,0,2,0,0,11,MDB,MG,Fábio Ramalho,00000000000007,SERVIÇOS POSTAIS,,CORREIOS - TELEGRAMA,RSP : 2300377,,,12.36,0,12.36,
56,2020-02-28 15:44:06,0,141427,1,238,1830,2019,2020,0,0,2,0,0,11,MDB,MG,Fábio Ramalho,00000000000007,SERVIÇOS POSTAIS,,CORREIOS - TELEGRAMA,RSP : 2302269,,,160.68,0,160.68,
56,2020-03-02 17:12:42,0,141427,1,238,1830,2019,2020,0,0,3,0,0,11,MDB,MG,Fábio Ramalho,00000000000007,SERVIÇOS POSTAIS,,CORREIOS - TELEGRAMA,RSP : 2302329,,,148.32,0,148.32,
56,2020-03-04 16:42:00,0,141427,1,238,1830,2019,2020,0,0,3,0,0,11,MDB,MG,Fábio Ramalho,00000000000007,SERVIÇOS POSTAIS,,CORREIOS - TELEGRAMA,RSP : 2302413,,,135.96,0,135.96,
56,2020-03-05 15:32:13,0,141427,1,238,1830,2019,2020,0,0,3,0,0,11,MDB,MG,Fábio Ramalho,00000000000007,SERVIÇOS POSTAIS,,CORREIOS - TELEGRAMA,RSP : 2302466,,,160.68,0,160.68,
56,2020-03-11 12:11:13,0,141427,1,238,1830,2019,2020,0,0,3,0,0,11,MDB,MG,Fábio Ramalho,00000000000007,SERVIÇOS POSTAIS,,CORREIOS - TELEGRAMA,RSP : 2304014,,,12.36,0,12.36,
56,2020-03-11 16:16:02,0,141427,1,238,1830,2019,2020,0,0,3,0,0,11,MDB,MG,Fábio Ramalho,00000000000007,SERVIÇOS POSTAIS,,CORREIOS - TELEGRAMA,RSP : 2304077,,,24.72,0,24.72,
56,2020-02-17 20:05:16,0,141516,1,263,1904,2019,2020,0,0,2,0,0,11,PSDB,MG,Paulo Abi-Ackel,00000000000007,SERVIÇOS POSTAIS,,CORREIOS - MALOTE,RSP : 2301700,,,506.7,0,506.7,
56,2020-03-09 10:03:33,0,141516,1,263,1904,2019,2020,0,0,3,0,0,11,PSDB,MG,Paulo Abi-Ackel,00000000000007,SERVIÇOS POSTAIS,,CORREIOS - MALOTE,RSP : 2302424,,,469.76,0,469.76,
56,2020-01-14 17:45:25,0,141516,1,263,1904,2019,2020,0,0,1,0,0,11,PSDB,MG,Paulo Abi-Ackel,00000000000007,SERVIÇOS POSTAIS,,CORREIOS - SEDEX CONVENCIONAL,RSP : 2297851,,,52.74,0,52.74,
56,2020-01-22 17:21:51,0,141516,1,263,1904,2019,2020,0,0,1,0,0,11,PSDB,MG,Paulo Abi-Ackel,00000000000007,SERVIÇOS POSTAIS,,CORREIOS - SEDEX CONVENCIONAL,RSP : 2298202,,,27.45,0,27.45,
56,2020-01-20 00:00:00,1723560,141516,0,263,1904,2019,2020,0,0,1,0,0,999,PSDB,MG,Paulo Abi-Ackel,09296295000160,Emissão Bilhete Aéreo,,Cia Aérea - AZUL,Bilhete: UFW3YM,Paulo Abi-Ackel,BSB/CNF,324.57,0,324.57,
56,2020-01-20 00:00:00,1723561,141516,0,263,1904,2019,2020,0,0,1,0,0,999,PSDB,MG,Paulo Abi-Ackel,09296295000160,Emissão Bilhete Aéreo,,Cia Aérea - AZUL,Bilhete: VKSQ3X,Paulo Abi-Ackel,CNF/BSB,931.59,0,931.59,
56,2020-01-21 00:00:00,1724484,141516,0,263,1904,2019,2020,0,0,1,0,0,999,PSDB,MG,Paulo Abi-Ackel,02012862000160,Emissão Bilhete Aéreo,,Cia Aérea - TAM,Bilhete: 957-2123.532482,Paulo Abi-Ackel,BSB/CNF,426.57,0,426.57,
56,2020-01-13 00:00:00,1723508,141531,0,268,1928,2019,2020,0,0,1,0,0,999,PSDB,MG,Rodrigo de Castro,09296295000160,Emissão Bilhete Aéreo,,Cia Aérea - AZUL,Bilhete: BEJ67J,Rodrigo de Castro,CNF/MOC,1018.59,0,1018.59,
56,2020-01-09 00:00:00,1723464,141531,0,268,1928,2019,2020,0,0,1,0,0,999,PSDB,MG,Rodrigo de Castro,09296295000160,Emissão Bilhete Aéreo,,Cia Aérea - AZUL,Bilhete: GBW35S,Rodrigo de Castro,SDU/CNF,232.85,0,232.85,
56,2020-01-13 00:00:00,1723507,141531,0,268,1928,2019,2020,0,0,1,0,0,999,PSDB,MG,Rodrigo de Castro,09296295000160,Emissão Bilhete Aéreo,,Cia Aérea - AZUL,Bilhete: KYKBJY,Rodrigo de Castro,MOC/CNF,1138.79,0,1138.79,
56,2020-01-09 00:00:00,1723465,141531,0,268,1928,2019,2020,0,0,1,0,0,999,PSDB,MG,Rodrigo de Castro,09296295000160,Emissão Bilhete Aéreo,,Cia Aérea - AZUL,Bilhete: R8RDFB,Rodrigo de Castro,CNF/SDU,350,0,350,
56,2020-01-17 00:00:00,1723538,141531,0,268,1928,2019,2020,0,0,1,0,0,999,PSDB,MG,Rodrigo de Castro,09296295000160,Emissão Bilhete Aéreo,,Cia Aérea - AZUL,Bilhete: VYTUNL,Rodrigo de Castro,BSB/SDU,924.57,0,924.57,
56,2020-01-07 00:00:00,1723858,141531,0,268,1928,2019,2020,0,0,1,0,0,999,PSDB,MG,Rodrigo de Castro,02012862000160,Emissão Bilhete Aéreo,,Cia Aérea - TAM,Bilhete: 957-2121.987334,Rodrigo de Castro,CNF/CGH,598.59,0,598.59,
56,2020-01-13 00:00:00,1724043,141531,0,268,1928,2019,2020,0,0,1,0,0,999,PSDB,MG,Rodrigo de Castro,02012862000160,Emissão Bilhete Aéreo,,Cia Aérea - TAM,Bilhete: 957-2122.639173,Rodrigo de Castro,CNF/BSB,450.59,0,450.59,
56,2020-01-13 00:00:00,1724044,141531,0,268,1928,2019,2020,0,0,1,0,0,999,PSDB,MG,Rodrigo de Castro,02012862000160,Emissão Bilhete Aéreo,,Cia Aérea - TAM,Bilhete: 957-2122.641464,Rodrigo de Castro,BSB/CNF,449.57,0,449.57,
56,2020-01-07 00:00:00,1723859,141531,0,268,1928,2019,2020,0,0,1,0,0,999,PSDB,MG,Rodrigo de Castro,02012862000160,Emissão Bilhete Aéreo,,Cia Aérea - TAM,Comp-957-2121.987334,Rodrigo de Castro,CNF/CGH,-598.59,0,-598.59,
56,2020-01-27 15:34:51,0,146788,1,236,3015,2019,2020,0,0,1,0,0,11,PP,MG,Marcelo Aro,00000000000007,SERVIÇOS POSTAIS,,CORREIOS - SEDEX 10,RSP : 2299362,,,66.3,0,66.3,
56,2020-01-30 16:33:58,0,146788,1,236,3015,2019,2020,0,0,1,0,0,11,PP,MG,Marcelo Aro,00000000000007,SERVIÇOS POSTAIS,,CORREIOS - SEDEX CONVENCIONAL,RSP : 2299558,,,33.1,0,33.1,
56,2020-02-04 11:46:54,0,146788,1,236,3015,2019,2020,0,0,2,0,0,11,PP,MG,Marcelo Aro,00000000000007,SERVIÇOS POSTAIS,,CORREIOS - SEDEX CONVENCIONAL,RSP : 2299693,,,25.32,0,25.32,
56,2020-02-07 18:00:06,0,146788,1,236,3015,2019,2020,0,0,2,0,0,11,PP,MG,Marcelo Aro,00000000000007,SERVIÇOS POSTAIS,,CORREIOS - SEDEX CONVENCIONAL,RSP : 2300043,,,26.39,0,26.39,
56,2020-02-14 13:55:09,0,146788,1,236,3015,2019,2020,0,0,2,0,0,11,PP,MG,Marcelo Aro,00000000000007,SERVIÇOS POSTAIS,,CORREIOS - SEDEX CONVENCIONAL,RSP : 2300432,,,25.32,0,25.32,
56,2020-02-17 15:51:34,0,146788,1,236,3015,2019,2020,0,0,2,0,0,11,PP,MG,Marcelo Aro,00000000000007,SERVIÇOS POSTAIS,,CORREIOS - SEDEX CONVENCIONAL,RSP : 2300686,,,25.32,0,25.32,
56,2020-02-28 11:58:52,0,146788,1,236,3015,2019,2020,0,0,2,0,0,11,PP,MG,Marcelo Aro,00000000000007,SERVIÇOS POSTAIS,,CORREIOS - SEDEX CONVENCIONAL,RSP : 2302291,,,25.32,0,25.32,
56,2020-03-03 11:30:16,0,146788,1,236,3015,2019,2020,0,0,3,0,0,11,PP,MG,Marcelo Aro,00000000000007,SERVIÇOS POSTAIS,,CORREIOS - SEDEX CONVENCIONAL,RSP : 2302453,,,24.11,0,24.11,
56,2020-03-06 14:20:51,0,146788,1,236,3015,2019,2020,0,0,3,0,0,11,PP,MG,Marcelo Aro,00000000000007,SERVIÇOS POSTAIS,,CORREIOS - SEDEX CONVENCIONAL,RSP : 2303819,,,26.54,0,26.54,
56,2020-03-12 13:50:13,0,146788,1,236,3015,2019,2020,0,0,3,0,0,11,PP,MG,Marcelo Aro,00000000000007,SERVIÇOS POSTAIS,,CORREIOS - SEDEX CONVENCIONAL,RSP : 2304219,,,24.11,0,24.11,
56,2020-03-12 16:43:38,0,146788,1,236,3015,2019,2020,0,0,3,0,0,11,PP,MG,Marcelo Aro,00000000000007,SERVIÇOS POSTAIS,,CORREIOS - SEDEX CONVENCIONAL,RSP : 2304244,,,28.76,0,28.76,
56,2020-01-07 14:13:51,0,160510,1,251,2412,2019,2020,0,0,1,0,0,11,AVANTE,MG,Luis Tibé,00000000000007,SERVIÇOS POSTAIS,,CORREIOS - ENVELOPE BÁSICO/CONVENCIONAL - PLÁSTICO/BOLHA,RSP : 2297550,,,4.5,0,4.5,
56,2020-01-07 12:49:03,0,160510,1,251,2412,2019,2020,0,0,1,0,0,11,AVANTE,MG,Luis Tibé,00000000000007,SERVIÇOS POSTAIS,,CORREIOS - SEDEX 10,RSP : 2297542,,,66.3,0,66.3,
56,2020-01-07 13:45:46,0,160510,1,251,2412,2019,2020,0,0,1,0,0,11,AVANTE,MG,Luis Tibé,00000000000007,SERVIÇOS POSTAIS,,CORREIOS - SEDEX 10,RSP : 2297546,,,66.3,0,66.3,
56,2020-01-02 16:49:23,0,160510,1,251,2412,2019,2020,0,0,1,0,0,11,AVANTE,MG,Luis Tibé,00000000000007,SERVIÇOS POSTAIS,,CORREIOS - SEDEX CONVENCIONAL COM AR,RSP : 2297403,,,31.07,0,31.07,
56,2020-01-06 16:51:01,0,160510,1,251,2412,2019,2020,0,0,1,0,0,11,AVANTE,MG,Luis Tibé,00000000000007,SERVIÇOS POSTAIS,,CORREIOS - SEDEX CONVENCIONAL COM AR,RSP : 2297518,,,32.14,0,32.14,
56,2020-01-17 00:00:00,1723536,160510,0,251,2412,2019,2020,0,0,1,0,0,999,AVANTE,MG,Luis Tibé,09296295000160,Emissão Bilhete Aéreo,,Cia Aérea - AZUL,Bilhete: AH8LFQ,Luis Tibé,CNF/BSB,669.59,0,669.59,
56,2020-01-13 00:00:00,1723506,160510,0,251,2412,2019,2020,0,0,1,0,0,999,AVANTE,MG,Luis Tibé,09296295000160,Emissão Bilhete Aéreo,,Cia Aérea - AZUL,Bilhete: QLP2NH,Luis Tibé,BSB/CNF,350,0,350,
56,2020-01-16 00:00:00,1724335,160510,0,251,2412,2019,2020,0,0,1,0,0,999,AVANTE,MG,Luis Tibé,02012862000160,Emissão Bilhete Aéreo,,Cia Aérea - TAM,Bilhete: 957-2123.034669,Luis Tibé,CNF/BSB,298.59,0,298.59,
56,2020-01-16 00:00:00,1724338,160510,0,251,2412,2019,2020,0,0,1,0,0,999,AVANTE,MG,Luis Tibé,02012862000160,Emissão Bilhete Aéreo,,Cia Aérea - TAM,Bilhete: 957-2123.040240,Luis Tibé,CNF/BSB,275.59,0,275.59,
56,2020-01-14 14:17:48,0,160518,1,270,2233,2019,2020,0,0,1,0,0,11,PROS,MG,Weliton Prado,00000000000007,SERVIÇOS POSTAIS,,CORREIOS - ENVELOPE BÁSICO/CONVENCIONAL - PLÁSTICO/BOLHA,RSP : 2297786,,,4.8,0,4.8,
56,2020-03-11 16:01:42,0,160518,1,270,2233,2019,2020,0,0,3,0,0,11,PROS,MG,Weliton Prado,00000000000007,SERVIÇOS POSTAIS,,CORREIOS - ENVELOPE BÁSICO/CONVENCIONAL - PLÁSTICO/BOLHA,RSP : 2304133,,,4.4,0,4.4,
56,2020-03-11 16:02:02,0,160518,1,270,2233,2019,2020,0,0,3,0,0,11,PROS,MG,Weliton Prado,00000000000007,SERVIÇOS POSTAIS,,CORREIOS - SEDEX 10 COM AR,RSP : 2304132,,,56.15,0,56.15,
56,2020-01-14 14:18:21,0,160518,1,270,2233,2019,2020,0,0,1,0,0,11,PROS,MG,Weliton Prado,00000000000007,SERVIÇOS POSTAIS,,CORREIOS - SEDEX CONVENCIONAL COM AR,RSP : 2297787,,,45.89,0,45.89,
56,2020-01-16 00:00:00,1722421,160518,0,270,2233,2019,2020,0,0,1,0,0,999,PROS,MG,Weliton Prado,00512777000135,Emissão Bilhete Aéreo,,Cia Aérea - PASSAREDO,Bilhete: 1009-404321,Weliton Prado,BSB/UDI,809.67,0,809.67,
56,2020-01-21 00:00:00,1723586,160518,0,270,2233,2019,2020,0,0,1,0,0,999,PROS,MG,Weliton Prado,00512777000135,Emissão Bilhete Aéreo,,Cia Aérea - PASSAREDO,Bilhete: 1009-408073,Weliton Prado,UDI/BSB,624.89,0,624.89,
56,2020-02-06 00:00:00,1724858,160518,0,270,2233,2019,2020,0,0,2,0,0,999,PROS,MG,Weliton Prado,00512777000135,Emissão Bilhete Aéreo,,Cia Aérea - PASSAREDO,Bilhete: 1009-424201,Weliton Prado,BSB/UDI,1049.67,0,1049.67,
56,2020-02-07 00:00:00,1724859,160518,0,270,2233,2019,2020,0,0,2,0,0,999,PROS,MG,Weliton Prado,00512777000135,Emissão Bilhete Aéreo,,Cia Aérea - PASSAREDO,Bilhete: 1009-424765,Weliton Prado,BSB/UDI,356.65,0,356.65,
56,2020-01-07 00:00:00,1724861,160518,0,270,2233,2019,2020,0,0,1,0,0,999,PROS,MG,Weliton Prado,00512777000135,Emissão Bilhete Aéreo,,Cia Aérea - PASSAREDO,Bilhete: 1009-425090,TIAGO BATISTA DE SOUZA,UDI/BSB,744.89,0,744.89,
56,2020-02-10 00:00:00,1724862,160518,0,270,2233,2019,2020,0,0,2,0,0,999,PROS,MG,Weliton Prado,00512777000135,Emissão Bilhete Aéreo,,Cia Aérea - PASSAREDO,Bilhete: 1009-426890,Weliton Prado,UDI/BSB,1044.89,0,1044.89,
56,2020-02-14 00:00:00,1724910,160518,0,270,2233,2019,2020,0,0,2,0,0,999,PROS,MG,Weliton Prado,00512777000135,Emissão Bilhete Aéreo,,Cia Aérea - PASSAREDO,Bilhete: 1009-432769,Weliton Prado,UDI/BSB,614.89,0,614.89,
56,2020-02-20 00:00:00,1724921,160518,0,270,2233,2019,2020,0,0,2,0,0,999,PROS,MG,Weliton Prado,00512777000135,Emissão Bilhete Aéreo,,Cia Aérea - PASSAREDO,Bilhete: 1009-438929,Weliton Prado,BSB/UDI,629.67,0,629.67,
56,2020-02-20 00:00:00,1724922,160518,0,270,2233,2019,2020,0,0,2,0,0,999,PROS,MG,Weliton Prado,00512777000135,Emissão Bilhete Aéreo,,Cia Aérea - PASSAREDO,Bilhete: 1009-438930,Weliton Prado,UDI/BSB,1044.89,0,1044.89,
56,2020-02-11 17:43:28,0,160556,1,259,2305,2019,2020,0,0,2,0,0,11,PT,MG,Padre João,00000000000007,SERVIÇOS POSTAIS,,CORREIOS - ENCOMENDA PAC,RSP : 2300181,,,589.19,0,589.19,
56,2020-02-21 16:12:26,0,160556,1,259,2305,2019,2020,0,0,2,0,0,11,PT,MG,Padre João,00000000000007,SERVIÇOS POSTAIS,,CORREIOS - SEDEX CONVENCIONAL,RSP : 2302139,,,40.14,0,40.14,
56,2020-03-10 13:06:33,0,160556,1,259,2305,2019,2020,0,0,3,0,0,11,PT,MG,Padre João,00000000000007,SERVIÇOS POSTAIS,,CORREIOS - SEDEX CONVENCIONAL,RSP : 2303964,,,28.76,0,28.76,
56,2020-01-07 16:37:28,0,160556,1,259,2305,2019,2020,0,0,1,0,0,11,PT,MG,Padre João,00000000000007,SERVIÇOS POSTAIS,,CORREIOS - SEDEX CONVENCIONAL COM AR,RSP : 2297548,,,31.07,0,31.07,
56,2020-01-22 14:47:49,0,160588,1,228,2289,2019,2020,0,0,1,0,0,11,PSD,MG,Diego Andrade,00000000000007,SERVIÇOS POSTAIS,,CORREIOS - SEDEX CONVENCIONAL,RSP : 2298177,,,53.19,0,53.19,
56,2020-02-13 15:34:56,0,160588,1,228,2289,2019,2020,0,0,2,0,0,11,PSD,MG,Diego Andrade,00000000000007,SERVIÇOS POSTAIS,,CORREIOS - SEDEX CONVENCIONAL,RSP : 2300389,,,40.14,0,40.14,
56,2020-03-05 16:19:30,0,160588,1,228,2289,2019,2020,0,0,3,0,0,11,PSD,MG,Diego Andrade,00000000000007,SERVIÇOS POSTAIS,,CORREIOS - SEDEX CONVENCIONAL,RSP : 2303742,,,40.14,0,40.14,
56,2020-03-10 11:45:01,0,160588,1,228,2289,2019,2020,0,0,3,0,0,11,PSD,MG,Diego Andrade,00000000000007,SERVIÇOS POSTAIS,,CORREIOS - SEDEX CONVENCIONAL,RSP : 2303972,,,55.72,0,55.72,
56,2020-01-15 13:14:48,0,160599,1,231,2356,2019,2020,0,0,1,0,0,11,PP,MG,Dimas Fabiano,00000000000007,SERVIÇOS POSTAIS,,CORREIOS - CARTA COMERCIAL,RSP : 2297594,,,1.95,0,1.95,
56,2020-02-17 15:53:32,0,160599,1,231,2356,2019,2020,0,0,2,0,0,11,PP,MG,Dimas Fabiano,00000000000007,SERVIÇOS POSTAIS,,CORREIOS - CARTA COMERCIAL,RSP : 2300677,,,58.95,0,58.95,
56,2020-01-06 17:26:28,0,160599,1,231,2356,2019,2020,0,0,1,0,0,11,PP,MG,Dimas Fabiano,00000000000007,SERVIÇOS POSTAIS,,CORREIOS - CARTA REGISTRADA,RSP : 2297512,,,8.45,0,8.45,
56,2020-01-15 13:14:10,0,160599,1,231,2356,2019,2020,0,0,1,0,0,11,PP,MG,Dimas Fabiano,00000000000007,SERVIÇOS POSTAIS,,CORREIOS - CARTA REGISTRADA,RSP : 2297884,,,7.7,0,7.7,
56,2020-02-28 12:10:06,0,160599,1,231,2356,2019,2020,0,0,2,0,0,11,PP,MG,Dimas Fabiano,00000000000007,SERVIÇOS POSTAIS,,CORREIOS - CARTA REGISTRADA,RSP : 2302306,,,109.2,0,109.2,
56,2020-03-04 10:37:57,0,160599,1,231,2356,2019,2020,0,0,3,0,0,11,PP,MG,Dimas Fabiano,00000000000007,SERVIÇOS POSTAIS,,CORREIOS - CARTA REGISTRADA,RSP : 2302493,,,8.4,0,8.4,
56,2020-02-11 13:19:11,0,160599,1,231,2356,2019,2020,0,0,2,0,0,11,PP,MG,Dimas Fabiano,00000000000007,SERVIÇOS POSTAIS,,CORREIOS - SEDEX CONVENCIONAL,RSP : 2300168,,,25.32,0,25.32,
56,2020-02-18 11:09:29,0,160599,1,231,2356,2019,2020,0,0,2,0,0,11,PP,MG,Dimas Fabiano,00000000000007,SERVIÇOS POSTAIS,,CORREIOS - SEDEX CONVENCIONAL,RSP : 2301724,,,40.14,0,40.14,
56,2020-01-15 17:46:47,0,160632,1,271,2231,2019,2020,0,0,1,0,0,11,SOLIDARIEDADE,MG,Zé Silva,00000000000007,SERVIÇOS POSTAIS,,CORREIOS - CARTA COMERCIAL,RSP : 2297922,,,11.75,0,11.75,
56,2020-01-23 13:25:21,0,160632,1,271,2231,2019,2020,0,0,1,0,0,11,SOLIDARIEDADE,MG,Zé Silva,00000000000007,SERVIÇOS POSTAIS,,CORREIOS - CARTA COMERCIAL,RSP : 2298223,,,8.85,0,8.85,
56,2020-02-21 12:25:33,0,160632,1,271,2231,2019,2020,0,0,2,0,0,11,SOLIDARIEDADE,MG,Zé Silva,00000000000007,SERVIÇOS POSTAIS,,CORREIOS - CARTA COMERCIAL,RSP : 2302121,,,2.85,0,2.85,
56,2020-03-11 16:14:29,0,160632,1,271,2231,2019,2020,0,0,3,0,0,11,SOLIDARIEDADE,MG,Zé Silva,00000000000007,SERVIÇOS POSTAIS,,CORREIOS - CARTA COMERCIAL,RSP : 2304031,,,33,0,33,
56,2020-03-12 16:37:56,0,160632,1,271,2231,2019,2020,0,0,3,0,0,11,SOLIDARIEDADE,MG,Zé Silva,00000000000007,SERVIÇOS POSTAIS,,CORREIOS - CARTA COMERCIAL,RSP : 2304246,,,2.85,0,2.85,
56,2020-01-15 17:47:15,0,160632,1,271,2231,2019,2020,0,0,1,0,0,11,SOLIDARIEDADE,MG,Zé Silva,00000000000007,SERVIÇOS POSTAIS,,CORREIOS - SEDEX CONVENCIONAL,RSP : 2297923,,,42.26,0,42.26,
56,2020-01-24 17:50:32,0,160632,1,271,2231,2019,2020,0,0,1,0,0,11,SOLIDARIEDADE,MG,Zé Silva,00000000000007,SERVIÇOS POSTAIS,,CORREIOS - SEDEX CONVENCIONAL,RSP : 2298160,,,109.94,0,109.94,
56,2020-01-20 00:00:00,1723563,160632,0,271,2231,2019,2020,0,0,1,0,0,999,SOLIDARIEDADE,MG,Zé Silva,09296295000160,Emissão Bilhete Aéreo,,Cia Aérea - AZUL,Bilhete: JM8RGE,Zé Silva,SSA/CNF,819.03,0,819.03,
56,2020-01-20 00:00:00,1723562,160632,0,271,2231,2019,2020,0,0,1,0,0,999,SOLIDARIEDADE,MG,Zé Silva,09296295000160,Emissão Bilhete Aéreo,,Cia Aérea - AZUL,Bilhete: TYMN6Y,Zé Silva,CNF/SSA,389.59,0,389.59,
56,2020-01-20 00:00:00,1724423,160632,0,271,2231,2019,2020,0,0,1,0,0,999,SOLIDARIEDADE,MG,Zé Silva,02012862000160,Emissão Bilhete Aéreo,,Cia Aérea - TAM,Bilhete: 957-2123.408369,Zé Silva,CNF/BSB,226.59,0,226.59,
56,2020-01-22 00:00:00,1724496,160632,0,271,2231,2019,2020,0,0,1,0,0,999,SOLIDARIEDADE,MG,Zé Silva,02012862000160,Emissão Bilhete Aéreo,,Cia Aérea - TAM,Bilhete: 957-2123.616032,Zé Silva,CNF/CGH/CNF,892.44,0,892.44,
56,2020-01-03 16:14:09,0,160640,1,242,2385,2019,2020,0,0,1,0,0,11,PROS,MG,Eros Biondini,00000000000007,SERVIÇOS POSTAIS,,CORREIOS - SEDEX 12,RSP : 2297427,,,73.1,0,73.1,
56,2020-01-31 13:55:43,0,160640,1,242,2385,2019,2020,0,0,1,0,0,11,PROS,MG,Eros Biondini,00000000000007,SERVIÇOS POSTAIS,,CORREIOS - SEDEX 12,RSP : 2299595,,,88,0,88,
56,2020-02-06 14:58:42,0,160640,1,242,2385,2019,2020,0,0,2,0,0,11,PROS,MG,Eros Biondini,00000000000007,SERVIÇOS POSTAIS,,CORREIOS - SEDEX 12,RSP : 2299948,,,147.3,0,147.3,
56,2020-03-04 10:17:16,0,160640,1,242,2385,2019,2020,0,0,3,0,0,11,PROS,MG,Eros Biondini,00000000000007,SERVIÇOS POSTAIS,,CORREIOS - SEDEX 12,RSP : 2302529,,,66.3,0,66.3,
56,2020-01-08 00:00:00,1723445,160640,0,242,2385,2019,2020,0,0,1,0,0,999,PROS,MG,Eros Biondini,09296295000160,Emissão Bilhete Aéreo,,Cia Aérea - AZUL,Bilhete: GHCLVT,Eros Biondini,CNF/GRU,231.59,0,231.59,
56,2020-01-24 12:57:21,0,160758,1,233,2235,2019,2020,0,0,1,0,0,11,PSDB,MG,Domingos Sávio,00000000000007,SERVIÇOS POSTAIS,,CORREIOS - CARTA COMERCIAL,RSP : 2298252,,,11.7,0,11.7,
56,2020-01-28 17:06:20,0,160758,1,233,2235,2019,2020,0,0,1,0,0,11,PSDB,MG,Domingos Sávio,00000000000007,SERVIÇOS POSTAIS,,CORREIOS - CARTA COMERCIAL,RSP : 2299432,,,10.8,0,10.8,
56,2020-02-05 16:50:17,0,160758,1,233,2235,2019,2020,0,0,2,0,0,11,PSDB,MG,Domingos Sávio,00000000000007,SERVIÇOS POSTAIS,,CORREIOS - CARTA COMERCIAL,RSP : 2299852,,,17.45,0,17.45,
56,2020-02-18 11:01:57,0,160758,1,233,2235,2019,2020,0,0,2,0,0,11,PSDB,MG,Domingos Sávio,00000000000007,SERVIÇOS POSTAIS,,CORREIOS - CARTA COMERCIAL,RSP : 2301728,,,29.9,0,29.9,
56,2020-03-04 16:34:37,0,160758,1,233,2235,2019,2020,0,0,3,0,0,11,PSDB,MG,Domingos Sávio,00000000000007,SERVIÇOS POSTAIS,,CORREIOS - CARTA COMERCIAL,RSP : 2302648,,,11.85,0,11.85,
56,2020-01-24 12:57:50,0,160758,1,233,2235,2019,2020,0,0,1,0,0,11,PSDB,MG,Domingos Sávio,00000000000007,SERVIÇOS POSTAIS,,CORREIOS - CARTA REGISTRADA,RSP : 2298253,,,13.45,0,13.45,
56,2020-01-21 16:13:12,0,160758,1,233,2235,2019,2020,0,0,1,0,0,11,PSDB,MG,Domingos Sávio,00000000000007,SERVIÇOS POSTAIS,,CORREIOS - SEDEX 10,RSP : 2298104,,,66.3,0,66.3,
56,2020-02-03 16:01:13,0,160758,1,233,2235,2019,2020,0,0,2,0,0,11,PSDB,MG,Domingos Sávio,00000000000007,SERVIÇOS POSTAIS,,CORREIOS - SEDEX CONVENCIONAL,RSP : 2299658,,,17.42,0,17.42,
56,2020-03-10 11:45:29,0,160758,1,233,2235,2019,2020,0,0,3,0,0,11,PSDB,MG,Domingos Sávio,00000000000007,SERVIÇOS POSTAIS,,CORREIOS - SEDEX CONVENCIONAL,RSP : 2303942,,,84.12,0,84.12,
56,2020-01-14 00:00:00,1723516,160758,0,233,2235,2019,2020,0,0,1,0,0,999,PSDB,MG,Domingos Sávio,09296295000160,Emissão Bilhete Aéreo,,Cia Aérea - AZUL,Bilhete: GMYEQE,Domingos Sávio,CNF/IPN/CNF,1691.49,0,1691.49,
56,2020-01-08 00:00:00,1723440,160758,0,233,2235,2019,2020,0,0,1,0,0,999,PSDB,MG,Domingos Sávio,09296295000160,Emissão Bilhete Aéreo,,Cia Aérea - AZUL,Bilhete: IM9ITE,CARLENE CARLONI,BSB/CNF/BSB,338.16,0,338.16,
56,2020-01-08 00:00:00,1723441,160758,0,233,2235,2019,2020,0,0,1,0,0,999,PSDB,MG,Domingos Sávio,09296295000160,Emissão Bilhete Aéreo,,Cia Aérea - AZUL,Bilhete: IM9ITE,ELAYNE FERRAZ,BSB/CNF/BSB,338.16,0,338.16,
56,2020-01-08 00:00:00,1723442,160758,0,233,2235,2019,2020,0,0,1,0,0,999,PSDB,MG,Domingos Sávio,09296295000160,Emissão Bilhete Aéreo,,Cia Aérea - AZUL,Bilhete: IM9ITE,ROGÉRIO RODRIGUES,BSB/CNF/BSB,338.16,0,338.16,
56,2020-01-08 00:00:00,1723443,160758,0,233,2235,2019,2020,0,0,1,0,0,999,PSDB,MG,Domingos Sávio,09296295000160,Emissão Bilhete Aéreo,,Cia Aérea - AZUL,Bilhete: IM9ITE,VANDA MACEDO,BSB/CNF/BSB,338.16,0,338.16,
56,2020-01-08 00:00:00,1723444,160758,0,233,2235,2019,2020,0,0,1,0,0,999,PSDB,MG,Domingos Sávio,09296295000160,Emissão Bilhete Aéreo,,Cia Aérea - AZUL,Bilhete: YGZBGZ,ANSELMO BATISTA,BSB/CNF/BSB,338.16,0,338.16,
56,2020-01-16 00:00:00,1723529,161550,0,234,3298,2019,2020,0,0,1,0,0,999,PSB,MG,Emidinho Madeira,09296295000160,Emissão Bilhete Aéreo,,Cia Aérea - AZUL,Bilhete: QCYJQV,Emidinho Madeira,CNF/BSB,148.59,0,148.59,
56,2020-01-02 15:26:34,0,171619,1,237,2815,2019,2020,0,0,1,0,0,11,PT,MG,Margarida Salomão,00000000000007,SERVIÇOS POSTAIS,,CORREIOS - CARTA COMERCIAL,RSP : 2297382,,,54.6,0,54.6,
56,2020-01-13 15:38:37,0,171619,1,237,2815,2019,2020,0,0,1,0,0,11,PT,MG,Margarida Salomão,00000000000007,SERVIÇOS POSTAIS,,CORREIOS - CARTA COMERCIAL,RSP : 2297746,,,35.1,0,35.1,
56,2020-01-16 15:59:24,0,171619,1,237,2815,2019,2020,0,0,1,0,0,11,PT,MG,Margarida Salomão,00000000000007,SERVIÇOS POSTAIS,,CORREIOS - CARTA COMERCIAL,RSP : 2297973,,,44.85,0,44.85,
56,2020-01-23 11:08:25,0,171619,1,237,2815,2019,2020,0,0,1,0,0,11,PT,MG,Margarida Salomão,00000000000007,SERVIÇOS POSTAIS,,CORREIOS - CARTA COMERCIAL,RSP : 2298213,,,29.25,0,29.25,
56,2020-01-30 16:05:37,0,171619,1,237,2815,2019,2020,0,0,1,0,0,11,PT,MG,Margarida Salomão,00000000000007,SERVIÇOS POSTAIS,,CORREIOS - CARTA COMERCIAL,RSP : 2299556,,,70.2,0,70.2,
56,2020-02-03 14:38:07,0,171619,1,237,2815,2019,2020,0,0,2,0,0,11,PT,MG,Margarida Salomão,00000000000007,SERVIÇOS POSTAIS,,CORREIOS - CARTA COMERCIAL,RSP : 2299648,,,67.65,0,67.65,
56,2020-02-10 15:27:47,0,171619,1,237,2815,2019,2020,0,0,2,0,0,11,PT,MG,Margarida Salomão,00000000000007,SERVIÇOS POSTAIS,,CORREIOS - CARTA COMERCIAL,RSP : 2300102,,,86.1,0,86.1,
56,2020-02-18 09:36:30,0,171619,1,237,2815,2019,2020,0,0,2,0,0,11,PT,MG,Margarida Salomão,00000000000007,SERVIÇOS POSTAIS,,CORREIOS - CARTA COMERCIAL,RSP : 2301712,,,55.35,0,55.35,
56,2020-02-20 14:10:39,0,171619,1,237,2815,2019,2020,0,0,2,0,0,11,PT,MG,Margarida Salomão,00000000000007,SERVIÇOS POSTAIS,,CORREIOS - CARTA COMERCIAL,RSP : 2302019,,,84.05,0,84.05,
56,2020-03-02 11:41:43,0,171619,1,237,2815,2019,2020,0,0,3,0,0,11,PT,MG,Margarida Salomão,00000000000007,SERVIÇOS POSTAIS,,CORREIOS - CARTA COMERCIAL,RSP : 2302359,,,69.7,0,69.7,
56,2020-03-09 13:58:10,0,171619,1,237,2815,2019,2020,0,0,3,0,0,11,PT,MG,Margarida Salomão,00000000000007,SERVIÇOS POSTAIS,,CORREIOS - CARTA COMERCIAL,RSP : 2303896,,,57.4,0,57.4,
56,2020-01-27 14:25:41,0,171619,1,237,2815,2019,2020,0,0,1,0,0,11,PT,MG,Margarida Salomão,00000000000007,SERVIÇOS POSTAIS,,CORREIOS - ENCOMENDA PAC,RSP : 2299348,,,696.66,0,696.66,
56,2020-01-30 14:11:04,0,171619,1,237,2815,2019,2020,0,0,1,0,0,11,PT,MG,Margarida Salomão,00000000000007,SERVIÇOS POSTAIS,,CORREIOS - ENCOMENDA PAC,RSP : 2299527,,,422.76,0,422.76,
56,2020-03-05 17:11:48,0,171619,1,237,2815,2019,2020,0,0,3,0,0,11,PT,MG,Margarida Salomão,00000000000007,SERVIÇOS POSTAIS,,CORREIOS - ENCOMENDA PAC,RSP : 2302633,,,30.53,0,30.53,
56,2020-02-11 17:50:15,0,171619,1,237,2815,2019,2020,0,0,2,0,0,11,PT,MG,Margarida Salomão,00000000000007,SERVIÇOS POSTAIS,,CORREIOS - ENVELOPE BÁSICO/CONVENCIONAL - PLÁSTICO/BOLHA,RSP : 2300220,,,4.9,0,4.9,
56,2020-01-23 15:33:25,0,171619,1,237,2815,2019,2020,0,0,1,0,0,11,PT,MG,Margarida Salomão,00000000000007,SERVIÇOS POSTAIS,,CORREIOS - SEDEX CONVENCIONAL,RSP : 2298237,,,40.14,0,40.14,
56,2020-01-27 16:26:40,0,171619,1,237,2815,2019,2020,0,0,1,0,0,11,PT,MG,Margarida Salomão,00000000000007,SERVIÇOS POSTAIS,,CORREIOS - SEDEX CONVENCIONAL,RSP : 2299374,,,40.14,0,40.14,
56,2020-02-11 18:09:58,0,171619,1,237,2815,2019,2020,0,0,2,0,0,11,PT,MG,Margarida Salomão,00000000000007,SERVIÇOS POSTAIS,,CORREIOS - SEDEX CONVENCIONAL,RSP : 2300223,,,35.46,0,35.46,
56,2020-02-17 12:59:45,0,171619,1,237,2815,2019,2020,0,0,2,0,0,11,PT,MG,Margarida Salomão,00000000000007,SERVIÇOS POSTAIS,,CORREIOS - SEDEX CONVENCIONAL,RSP : 2300649,,,40.14,0,40.14,
56,2020-02-20 14:11:34,0,171619,1,237,2815,2019,2020,0,0,2,0,0,11,PT,MG,Margarida Salomão,00000000000007,SERVIÇOS POSTAIS,,CORREIOS - SEDEX CONVENCIONAL,RSP : 2302026,,,40.14,0,40.14,
56,2020-03-10 13:23:45,0,171619,1,237,2815,2019,2020,0,0,3,0,0,11,PT,MG,Margarida Salomão,00000000000007,SERVIÇOS POSTAIS,,CORREIOS - SEDEX CONVENCIONAL,RSP : 2303997,,,40.14,0,40.14,
56,2020-01-29 13:22:00,0,177282,1,273,2871,2019,2020,0,0,1,0,0,11,PDT,MG,Subtenente Gonzaga,00000000000007,SERVIÇOS POSTAIS,,CORREIOS - ENCOMENDA PAC,RSP : 2299477,,,65.38,0,65.38,
56,2020-02-17 14:02:01,0,177282,1,273,2871,2019,2020,0,0,2,0,0,11,PDT,MG,Subtenente Gonzaga,00000000000007,SERVIÇOS POSTAIS,,CORREIOS - MALA DIRETA POSTAL DOMICILIÁRIA,RSP : 2300658,,,6661.8,0,6661.8,
56,2020-01-14 14:48:42,0,178895,1,245,3045,2019,2020,0,0,1,0,0,11,PSD,MG,Misael Varella,00000000000007,SERVIÇOS POSTAIS,,CORREIOS - SEDEX CONVENCIONAL,RSP : 2297831,,,41.2,0,41.2,
56,2020-02-04 16:18:36,0,178895,1,245,3045,2019,2020,0,0,2,0,0,11,PSD,MG,Misael Varella,00000000000007,SERVIÇOS POSTAIS,,CORREIOS - SEDEX CONVENCIONAL,RSP : 2299721,,,103.93,0,103.93,
56,2020-03-02 12:47:37,0,178895,1,245,3045,2019,2020,0,0,3,0,0,11,PSD,MG,Misael Varella,00000000000007,SERVIÇOS POSTAIS,,CORREIOS - SEDEX CONVENCIONAL,RSP : 2302297,,,40.14,0,40.14,
56,2020-03-03 10:59:58,0,178895,1,245,3045,2019,2020,0,0,3,0,0,11,PSD,MG,Misael Varella,00000000000007,SERVIÇOS POSTAIS,,CORREIOS - SEDEX CONVENCIONAL,RSP : 2302427,,,61.88,0,61.88,
56,2020-03-03 16:20:56,0,178895,1,245,3045,2019,2020,0,0,3,0,0,11,PSD,MG,Misael Varella,00000000000007,SERVIÇOS POSTAIS,,CORREIOS - SEDEX CONVENCIONAL,RSP : 2302464,,,40.14,0,40.14,
56,2020-02-11 17:49:45,0,178896,1,247,2925,2019,2020,0,0,2,0,0,11,MDB,MG,Newton Cardoso Jr,00000000000007,SERVIÇOS POSTAIS,,CORREIOS - CARTA COMERCIAL,RSP : 2300200,,,471.5,0,471.5,
56,2020-02-21 17:19:01,0,178896,1,247,2925,2019,2020,0,0,2,0,0,11,MDB,MG,Newton Cardoso Jr,00000000000007,SERVIÇOS POSTAIS,,CORREIOS - CARTA COMERCIAL,RSP : 2302150,,,123,0,123,
56,2020-02-27 15:54:37,0,178896,1,247,2925,2019,2020,0,0,2,0,0,11,MDB,MG,Newton Cardoso Jr,00000000000007,SERVIÇOS POSTAIS,,CORREIOS - CARTA COMERCIAL,RSP : 2302249,,,149.65,0,149.65,
56,2020-01-15 18:02:16,0,178896,1,247,2925,2019,2020,0,0,1,0,0,11,MDB,MG,Newton Cardoso Jr,00000000000007,SERVIÇOS POSTAIS,,CORREIOS - SEDEX CONVENCIONAL,RSP : 2297924,,,92.22,0,92.22,
56,2020-02-28 13:18:33,0,178896,1,247,2925,2019,2020,0,0,2,0,0,11,MDB,MG,Newton Cardoso Jr,00000000000007,SERVIÇOS POSTAIS,,CORREIOS - SEDEX CONVENCIONAL,RSP : 2302311,,,156.34,0,156.34,
56,2020-02-28 13:17:56,0,178896,1,247,2925,2019,2020,0,0,2,0,0,11,MDB,MG,Newton Cardoso Jr,00000000000007,SERVIÇOS POSTAIS,,CORREIOS - SEDEX CONVENCIONAL,RSP : 2302313,,,57.65,0,57.65,
56,2020-03-02 17:01:57,0,178896,1,247,2925,2019,2020,0,0,3,0,0,11,MDB,MG,Newton Cardoso Jr,00000000000007,SERVIÇOS POSTAIS,,CORREIOS - SEDEX CONVENCIONAL,RSP : 2302416,,,70.92,0,70.92,
56,2020-03-05 13:42:04,0,178896,1,247,2925,2019,2020,0,0,3,0,0,11,MDB,MG,Newton Cardoso Jr,00000000000007,SERVIÇOS POSTAIS,,CORREIOS - SEDEX CONVENCIONAL,RSP : 2303691,,,35.46,0,35.46,
56,2020-03-10 15:14:45,0,178896,1,247,2925,2019,2020,0,0,3,0,0,11,MDB,MG,Newton Cardoso Jr,00000000000007,SERVIÇOS POSTAIS,,CORREIOS - SEDEX CONVENCIONAL,RSP : 2303992,,,72.82,0,72.82,
56,2020-01-28 15:08:30,0,204480,1,262,3380,2019,2020,0,0,1,0,0,11,PT,MG,Rogério Correia,00000000000007,SERVIÇOS POSTAIS,,CORREIOS - SEDEX 10,RSP : 2299383,,,25.32,0,25.32,
56,2020-01-30 12:41:35,0,204480,1,262,3380,2019,2020,0,0,1,0,0,11,PT,MG,Rogério Correia,00000000000007,SERVIÇOS POSTAIS,,CORREIOS - SEDEX 10,RSP : 2299540,,,66.3,0,66.3,
56,2020-01-31 10:36:55,0,204480,1,262,3380,2019,2020,0,0,1,0,0,11,PT,MG,Rogério Correia,00000000000007,SERVIÇOS POSTAIS,,CORREIOS - SEDEX 10,RSP : 2299572,,,66.3,0,66.3,
56,2020-02-18 10:27:41,0,204480,1,262,3380,2019,2020,0,0,2,0,0,11,PT,MG,Rogério Correia,00000000000007,SERVIÇOS POSTAIS,,CORREIOS - SEDEX 10,RSP : 2301736,,,66.3,0,66.3,
56,2020-02-06 13:48:16,0,204483,1,265,3395,2019,2020,0,0,2,0,0,11,PSB,MG,Vilson da Fetaemg,00000000000007,SERVIÇOS POSTAIS,,CORREIOS - CARTA COMERCIAL,RSP : 2299903,,,43.05,0,43.05,
56,2020-02-28 17:00:17,0,204483,1,265,3395,2019,2020,0,0,2,0,0,11,PSB,MG,Vilson da Fetaemg,00000000000007,SERVIÇOS POSTAIS,,CORREIOS - CARTA COMERCIAL,RSP : 2302074,,,12.3,0,12.3,
56,2020-02-05 15:34:50,0,204483,1,265,3395,2019,2020,0,0,2,0,0,11,PSB,MG,Vilson da Fetaemg,00000000000007,SERVIÇOS POSTAIS,,CORREIOS - SEDEX 12,RSP : 2299825,,,66.3,0,66.3,
56,2020-01-17 17:46:35,0,204483,1,265,3395,2019,2020,0,0,1,0,0,11,PSB,MG,Vilson da Fetaemg,00000000000007,SERVIÇOS POSTAIS,,CORREIOS - SEDEX CONVENCIONAL,RSP : 2298026,,,75.96,0,75.96,
56,2020-02-11 12:16:27,0,204483,1,265,3395,2019,2020,0,0,2,0,0,11,PSB,MG,Vilson da Fetaemg,00000000000007,SERVIÇOS POSTAIS,,CORREIOS - SEDEX CONVENCIONAL,RSP : 2300151,,,40.14,0,40.14,
56,2020-02-28 16:59:47,0,204483,1,265,3395,2019,2020,0,0,2,0,0,11,PSB,MG,Vilson da Fetaemg,00000000000007,SERVIÇOS POSTAIS,,CORREIOS - SEDEX CONVENCIONAL,RSP : 2302083,,,25.32,0,25.32,
56,2020-01-17 15:43:43,0,204483,1,265,3395,2019,2020,0,0,1,0,0,11,PSB,MG,Vilson da Fetaemg,00000000000007,SERVIÇOS POSTAIS,,CORREIOS - SEDEX CONVENCIONAL COM AR,RSP : 2298006,,,65.33,0,65.33,
56,2020-01-17 00:00:00,1723537,204483,0,265,3395,2019,2020,0,0,1,0,0,999,PSB,MG,Vilson da Fetaemg,09296295000160,Emissão Bilhete Aéreo,,Cia Aérea - AZUL,Bilhete: AIRT3K,Vilson da Fetaemg,CNF/BSB,334.59,0,334.59,
56,2020-01-24 14:36:24,0,204490,1,226,3272,2019,2020,0,0,1,0,0,11,PSL,MG,Charlles Evangelista,00000000000007,SERVIÇOS POSTAIS,,CORREIOS - CARTA COMERCIAL,RSP : 2298256,,,1.95,0,1.95,
56,2020-02-05 17:45:10,0,204490,1,226,3272,2019,2020,0,0,2,0,0,11,PSL,MG,Charlles Evangelista,00000000000007,SERVIÇOS POSTAIS,,CORREIOS - CARTA COMERCIAL,RSP : 2299888,,,161.8,0,161.8,
56,2020-02-17 19:09:31,0,204490,1,226,3272,2019,2020,0,0,2,0,0,11,PSL,MG,Charlles Evangelista,00000000000007,SERVIÇOS POSTAIS,,CORREIOS - CARTA COMERCIAL,RSP : 2300697,,,2.05,0,2.05,
56,2020-02-20 11:56:19,0,204490,1,226,3272,2019,2020,0,0,2,0,0,11,PSL,MG,Charlles Evangelista,00000000000007,SERVIÇOS POSTAIS,,CORREIOS - CARTA COMERCIAL,RSP : 2301984,,,2.05,0,2.05,
56,2020-03-06 16:40:20,0,204490,1,226,3272,2019,2020,0,0,3,0,0,11,PSL,MG,Charlles Evangelista,00000000000007,SERVIÇOS POSTAIS,,CORREIOS - CARTA COMERCIAL,RSP : 2302666,,,4.1,0,4.1,
56,2020-03-11 15:04:57,0,204490,1,226,3272,2019,2020,0,0,3,0,0,11,PSL,MG,Charlles Evangelista,00000000000007,SERVIÇOS POSTAIS,,CORREIOS - CARTA COMERCIAL,RSP : 2304083,,,3.95,0,3.95,
56,2020-03-12 16:51:32,0,204490,1,226,3272,2019,2020,0,0,3,0,0,11,PSL,MG,Charlles Evangelista,00000000000007,SERVIÇOS POSTAIS,,CORREIOS - CARTA COMERCIAL,RSP : 2304200,,,6.85,0,6.85,
56,2020-01-24 15:22:49,0,204490,1,226,3272,2019,2020,0,0,1,0,0,11,PSL,MG,Charlles Evangelista,00000000000007,SERVIÇOS POSTAIS,,CORREIOS - SEDEX 10 COM AR,RSP : 2298255,,,72.05,0,72.05,
56,2020-01-09 13:28:01,0,204490,1,226,3272,2019,2020,0,0,1,0,0,11,PSL,MG,Charlles Evangelista,00000000000007,SERVIÇOS POSTAIS,,CORREIOS - SEDEX CONVENCIONAL,RSP : 2297653,,,40.14,0,40.14,
56,2020-02-12 12:13:43,0,204491,1,246,3373,2019,2020,0,0,2,0,0,11,REPUBLICANOS,MG,Gilberto Abramo,00000000000007,SERVIÇOS POSTAIS,,CORREIOS - ENCOMENDA PAC,RSP : 2300250,,,451.92,0,451.92,
56,2020-01-22 16:23:34,0,204491,1,246,3373,2019,2020,0,0,1,0,0,11,REPUBLICANOS,MG,Gilberto Abramo,00000000000007,SERVIÇOS POSTAIS,,CORREIOS - SEDEX 12 COM AR,RSP : 2298194,,,72.05,0,72.05,
56,2020-02-05 14:21:02,0,204491,1,246,3373,2019,2020,0,0,2,0,0,11,REPUBLICANOS,MG,Gilberto Abramo,00000000000007,SERVIÇOS POSTAIS,,CORREIOS - SEDEX CONVENCIONAL,RSP : 2299752,,,25.32,0,25.32,
56,2020-02-19 13:55:57,0,204491,1,246,3373,2019,2020,0,0,2,0,0,11,REPUBLICANOS,MG,Gilberto Abramo,00000000000007,SERVIÇOS POSTAIS,,CORREIOS - SEDEX CONVENCIONAL,RSP : 2301894,,,25.32,0,25.32,
56,2020-03-04 10:17:39,0,204491,1,246,3373,2019,2020,0,0,3,0,0,11,REPUBLICANOS,MG,Gilberto Abramo,00000000000007,SERVIÇOS POSTAIS,,CORREIOS - SEDEX CONVENCIONAL,RSP : 2302526,,,42.26,0,42.26,
56,2020-01-20 17:31:54,0,204491,1,246,3373,2019,2020,0,0,1,0,0,11,REPUBLICANOS,MG,Gilberto Abramo,00000000000007,SERVIÇOS POSTAIS,,CORREIOS - SEDEX CONVENCIONAL COM AR,RSP : 2297951,,,31.07,0,31.07,
56,2020-02-07 15:36:56,0,204491,1,246,3373,2019,2020,0,0,2,0,0,11,REPUBLICANOS,MG,Gilberto Abramo,00000000000007,SERVIÇOS POSTAIS,,CORREIOS - SEDEX CONVENCIONAL COM AR,RSP : 2300008,,,1681.76,0,1681.76,
56,2020-03-04 16:43:01,0,204491,1,246,3373,2019,2020,0,0,3,0,0,11,REPUBLICANOS,MG,Gilberto Abramo,00000000000007,SERVIÇOS POSTAIS,,CORREIOS - SEDEX CONVENCIONAL COM AR,RSP : 2302645,,,63.34,0,63.34,
56,2020-03-11 15:23:14,0,204491,1,246,3373,2019,2020,0,0,3,0,0,11,REPUBLICANOS,MG,Gilberto Abramo,00000000000007,SERVIÇOS POSTAIS,,CORREIOS - SEDEX CONVENCIONAL COM AR,RSP : 2304110,,,81.3,0,81.3,
56,2020-01-14 00:00:00,1724206,204491,0,246,3373,2019,2020,0,0,1,0,0,999,REPUBLICANOS,MG,Gilberto Abramo,02012862000160,Emissão Bilhete Aéreo,,Cia Aérea - TAM,Bilhete: 957-2122.784088,Gilberto Abramo,CNF/BSB/CNF,781.16,0,781.16,
56,2020-01-22 00:00:00,1724492,204491,0,246,3373,2019,2020,0,0,1,0,0,999,REPUBLICANOS,MG,Gilberto Abramo,02012862000160,Emissão Bilhete Aéreo,,Cia Aérea - TAM,Bilhete: 957-2123.606198,Gilberto Abramo,CNF/BSB/CNF,825.16,0,825.16,
56,2020-03-10 11:44:46,0,204492,1,260,3204,2019,2020,0,0,3,0,0,11,PT,MG,Paulo Guedes,00000000000007,SERVIÇOS POSTAIS,,CORREIOS - ENCOMENDA PAC,RSP : 2303971,,,672.87,0,672.87,
56,2020-01-19 00:00:00,1723557,204492,0,260,3204,2019,2020,0,0,1,0,0,999,PT,MG,Paulo Guedes,09296295000160,Emissão Bilhete Aéreo,,Cia Aérea - AZUL,Bilhete: RG68JJ,Paulo Guedes,BSB/CNF,365.57,0,365.57,
56,2020-01-09 16:14:56,0,204494,1,244,3387,2019,2020,0,0,1,0,0,11,PATRIOTA,MG,Fred Costa,00000000000007,SERVIÇOS POSTAIS,,CORREIOS - CAIXA DE ENCOMENDAS BÁSICA/CONVENCIONAL,RSP : 2297679,,,4.9,0,4.9,
56,2020-01-20 17:09:49,0,204494,1,244,3387,2019,2020,0,0,1,0,0,11,PATRIOTA,MG,Fred Costa,00000000000007,SERVIÇOS POSTAIS,,CORREIOS - MALA DIRETA POSTAL BÁSICA,RSP : 2298083,,,290.19,0,290.19,
56,2020-01-31 14:56:58,0,204494,1,244,3387,2019,2020,0,0,1,0,0,11,PATRIOTA,MG,Fred Costa,00000000000007,SERVIÇOS POSTAIS,,CORREIOS - MALA DIRETA POSTAL BÁSICA,RSP : 2299600,,,310.39,0,310.39,
56,2020-02-13 15:48:01,0,204494,1,244,3387,2019,2020,0,0,2,0,0,11,PATRIOTA,MG,Fred Costa,00000000000007,SERVIÇOS POSTAIS,,CORREIOS - MALA DIRETA POSTAL BÁSICA,RSP : 2300368,,,400.97,0,400.97,
56,2020-01-09 17:14:11,0,204494,1,244,3387,2019,2020,0,0,1,0,0,11,PATRIOTA,MG,Fred Costa,00000000000007,SERVIÇOS POSTAIS,,CORREIOS - SEDEX CONVENCIONAL,RSP : 2297685,,,36.94,0,36.94,
56,2020-01-14 00:00:00,1723517,204494,0,244,3387,2019,2020,0,0,1,0,0,999,PATRIOTA,MG,Fred Costa,09296295000160,Emissão Bilhete Aéreo,,Cia Aérea - AZUL,Bilhete: HHQNWD,Fred Costa,CNF/MOC,933.59,0,933.59,
56,2020-01-08 00:00:00,1723447,204494,0,244,3387,2019,2020,0,0,1,0,0,999,PATRIOTA,MG,Fred Costa,09296295000160,Emissão Bilhete Aéreo,,Cia Aérea - AZUL,Bilhete: ID147P,Fred Costa,UDI/CNF,815.79,0,815.79,
56,2020-01-14 00:00:00,1723518,204494,0,244,3387,2019,2020,0,0,1,0,0,999,PATRIOTA,MG,Fred Costa,09296295000160,Emissão Bilhete Aéreo,,Cia Aérea - AZUL,Bilhete: KBBE5F,Fred Costa,MOC/CNF,1053.79,0,1053.79,
56,2020-01-08 00:00:00,1723446,204494,0,244,3387,2019,2020,0,0,1,0,0,999,PATRIOTA,MG,Fred Costa,09296295000160,Emissão Bilhete Aéreo,,Cia Aérea - AZUL,Bilhete: KYJNNY,Fred Costa,CNF/UDI,821.59,0,821.59,
56,2020-01-06 00:00:00,1723787,204494,0,244,3387,2019,2020,0,0,1,0,0,999,PATRIOTA,MG,Fred Costa,02012862000160,Emissão Bilhete Aéreo,,Cia Aérea - TAM,Bilhete: 957-2121.866148,WILLY ALVES DIEGUEZ,CNF/BSB,325.59,0,325.59,
56,2020-01-21 14:10:00,0,204508,1,255,3223,2019,2020,0,0,1,0,0,11,PODE,MG,Igor Timo,00000000000007,SERVIÇOS POSTAIS,,CORREIOS - CAIXA DE ENCOMENDAS BÁSICA/CONVENCIONAL,RSP : 2298110,,,4.2,0,4.2,
56,2020-01-21 14:09:39,0,204508,1,255,3223,2019,2020,0,0,1,0,0,11,PODE,MG,Igor Timo,00000000000007,SERVIÇOS POSTAIS,,CORREIOS - ENCOMENDA PAC,RSP : 2298108,,,62.84,0,62.84,
56,2020-02-11 14:10:10,0,204508,1,255,3223,2019,2020,0,0,2,0,0,11,PODE,MG,Igor Timo,00000000000007,SERVIÇOS POSTAIS,,CORREIOS - ENCOMENDA PAC,RSP : 2300149,,,22.31,0,22.31,
56,2020-02-17 19:10:42,0,204508,1,255,3223,2019,2020,0,0,2,0,0,11,PODE,MG,Igor Timo,00000000000007,SERVIÇOS POSTAIS,,CORREIOS - ENCOMENDA PAC,RSP : 2300627,,,47.48,0,47.48,
56,2020-02-27 12:37:20,0,204508,1,255,3223,2019,2020,0,0,2,0,0,11,PODE,MG,Igor Timo,00000000000007,SERVIÇOS POSTAIS,,CORREIOS - ENCOMENDA PAC,RSP : 2302228,,,26.48,0,26.48,
56,2020-03-03 12:17:09,0,204508,1,255,3223,2019,2020,0,0,3,0,0,11,PODE,MG,Igor Timo,00000000000007,SERVIÇOS POSTAIS,,CORREIOS - ENCOMENDA PAC,RSP : 2302442,,,26.44,0,26.44,
56,2020-03-12 12:21:01,0,204508,1,255,3223,2019,2020,0,0,3,0,0,11,PODE,MG,Igor Timo,00000000000007,SERVIÇOS POSTAIS,,CORREIOS - ENCOMENDA PAC,RSP : 2304189,,,27.64,0,27.64,
56,2020-01-23 13:26:29,0,204508,1,255,3223,2019,2020,0,0,1,0,0,11,PODE,MG,Igor Timo,00000000000007,SERVIÇOS POSTAIS,,CORREIOS - SEDEX 10,RSP : 2298109,,,66.3,0,66.3,
56,2020-01-23 17:14:44,0,204508,1,255,3223,2019,2020,0,0,1,0,0,11,PODE,MG,Igor Timo,00000000000007,SERVIÇOS POSTAIS,,CORREIOS - SEDEX 10,RSP : 2298247,,,66.3,0,66.3,
56,2020-02-12 17:50:37,0,204508,1,255,3223,2019,2020,0,0,2,0,0,11,PODE,MG,Igor Timo,00000000000007,SERVIÇOS POSTAIS,,CORREIOS - SEDEX 10,RSP : 2300324,,,66.3,0,66.3,
56,2020-01-07 11:48:58,0,204508,1,255,3223,2019,2020,0,0,1,0,0,11,PODE,MG,Igor Timo,00000000000007,SERVIÇOS POSTAIS,,CORREIOS - SEDEX CONVENCIONAL,RSP : 2297525,,,44.29,0,44.29,
56,2020-02-27 12:37:29,0,204508,1,255,3223,2019,2020,0,0,2,0,0,11,PODE,MG,Igor Timo,00000000000007,SERVIÇOS POSTAIS,,CORREIOS - SEDEX CONVENCIONAL COM AR,RSP : 2302227,,,46.49,0,46.49,
56,2020-01-09 00:00:00,1723954,204508,0,255,3223,2019,2020,0,0,1,0,0,999,PODE,MG,Igor Timo,02012862000160,Emissão Bilhete Aéreo,,Cia Aérea - TAM,Bilhete: 957-2122.252396,Igor Timo,CNF/BSB,150.59,0,150.59,
56,2020-01-09 00:00:00,1723955,204508,0,255,3223,2019,2020,0,0,1,0,0,999,PODE,MG,Igor Timo,02012862000160,Emissão Bilhete Aéreo,,Cia Aérea - TAM,Bilhete: 957-2122.253427,Igor Timo,BSB/CNF,149.57,0,149.57,
56,2020-01-09 00:00:00,1723956,204508,0,255,3223,2019,2020,0,0,1,0,0,999,PODE,MG,Igor Timo,02012862000160,Emissão Bilhete Aéreo,,Cia Aérea - TAM,Bilhete: 957-2122.253455,Igor Timo,CNF/BSB,127.59,0,127.59,
56,2020-01-09 00:00:00,1723957,204508,0,255,3223,2019,2020,0,0,1,0,0,999,PODE,MG,Igor Timo,02012862000160,Emissão Bilhete Aéreo,,Cia Aérea - TAM,Bilhete: 957-2122.253485,Igor Timo,BSB/CNF,126.57,0,126.57,
56,2020-01-09 00:00:00,1723958,204508,0,255,3223,2019,2020,0,0,1,0,0,999,PODE,MG,Igor Timo,02012862000160,Emissão Bilhete Aéreo,,Cia Aérea - TAM,Bilhete: 957-2122.254126,Igor Timo,CNF/BSB,127.59,0,127.59,
56,2020-01-09 00:00:00,1723959,204508,0,255,3223,2019,2020,0,0,1,0,0,999,PODE,MG,Igor Timo,02012862000160,Emissão Bilhete Aéreo,,Cia Aérea - TAM,Bilhete: 957-2122.254626,Igor Timo,BSB/CNF,126.57,0,126.57,
56,2020-02-13 15:31:04,0,204509,1,224,3383,2019,2020,0,0,2,0,0,11,PSOL,MG,Áurea Carolina,00000000000007,SERVIÇOS POSTAIS,,CORREIOS - ENVELOPE BÁSICO/CONVENCIONAL - PLÁSTICO/BOLHA,RSP : 2300359,,,9.3,0,9.3,
56,2020-01-06 11:41:26,0,204509,1,224,3383,2019,2020,0,0,1,0,0,11,PSOL,MG,Áurea Carolina,00000000000007,SERVIÇOS POSTAIS,,CORREIOS - SEDEX 10,RSP : 2297469,,,66.3,0,66.3,
56,2020-01-07 12:22:57,0,204509,1,224,3383,2019,2020,0,0,1,0,0,11,PSOL,MG,Áurea Carolina,00000000000007,SERVIÇOS POSTAIS,,CORREIOS - SEDEX 10,RSP : 2297527,,,66.3,0,66.3,
56,2020-01-13 17:20:16,0,204509,1,224,3383,2019,2020,0,0,1,0,0,11,PSOL,MG,Áurea Carolina,00000000000007,SERVIÇOS POSTAIS,,CORREIOS - SEDEX 10,RSP : 2297755,,,66.3,0,66.3,
56,2020-02-03 12:31:14,0,204509,1,224,3383,2019,2020,0,0,2,0,0,11,PSOL,MG,Áurea Carolina,00000000000007,SERVIÇOS POSTAIS,,CORREIOS - SEDEX 10,RSP : 2299638,,,66.3,0,66.3,
56,2020-02-11 12:44:26,0,204509,1,224,3383,2019,2020,0,0,2,0,0,11,PSOL,MG,Áurea Carolina,00000000000007,SERVIÇOS POSTAIS,,CORREIOS - SEDEX 10,RSP : 2300156,,,66.3,0,66.3,
56,2020-02-13 13:34:27,0,204509,1,224,3383,2019,2020,0,0,2,0,0,11,PSOL,MG,Áurea Carolina,00000000000007,SERVIÇOS POSTAIS,,CORREIOS - SEDEX 10,RSP : 2300348,,,73.1,0,73.1,
56,2020-03-02 11:54:57,0,204509,1,224,3383,2019,2020,0,0,3,0,0,11,PSOL,MG,Áurea Carolina,00000000000007,SERVIÇOS POSTAIS,,CORREIOS - SEDEX 10,RSP : 2302334,,,33.1,0,33.1,
56,2020-03-06 12:50:30,0,204510,1,241,3307,2019,2020,0,0,3,0,0,11,PP,MG,Franco Cartafina,00000000000007,SERVIÇOS POSTAIS,,CORREIOS - ENCOMENDA PAC COM AR,RSP : 2303721,,,33.99,0,33.99,
56,2020-02-21 14:59:09,0,204510,1,241,3307,2019,2020,0,0,2,0,0,11,PP,MG,Franco Cartafina,00000000000007,SERVIÇOS POSTAIS,,CORREIOS - SEDEX CONVENCIONAL COM AR,RSP : 2302027,,,46.49,0,46.49,
56,2020-03-06 12:50:22,0,204510,1,241,3307,2019,2020,0,0,3,0,0,11,PP,MG,Franco Cartafina,00000000000007,SERVIÇOS POSTAIS,,CORREIOS - SEDEX CONVENCIONAL COM AR,RSP : 2303790,,,48.41,0,48.41,
56,2020-02-04 00:00:00,1724847,204510,0,241,3307,2019,2020,0,0,2,0,0,999,PP,MG,Franco Cartafina,00512777000135,Emissão Bilhete Aéreo,,Cia Aérea - PASSAREDO,Bilhete: 1009-421332,Franco Cartafina,UDI/BSB,1044.89,0,1044.89,
56,2020-02-17 00:00:00,1724912,204510,0,241,3307,2019,2020,0,0,2,0,0,999,PP,MG,Franco Cartafina,00512777000135,Emissão Bilhete Aéreo,,Cia Aérea - PASSAREDO,Bilhete: 1009-435062,Franco Cartafina,BSB/UDI,459.67,0,459.67,
56,2020-02-18 00:00:00,1724917,204510,0,241,3307,2019,2020,0,0,2,0,0,999,PP,MG,Franco Cartafina,00512777000135,Emissão Bilhete Aéreo,,Cia Aérea - PASSAREDO,Bilhete: 1009-436339,Franco Cartafina,BSB/UDI,459.67,0,459.67,
56,2020-01-10 17:44:08,0,204512,1,227,3289,2019,2020,0,0,1,0,0,11,PSL,MG,Delegado Marcelo Freitas,00000000000007,SERVIÇOS POSTAIS,,CORREIOS - CARTA COMERCIAL,RSP : 2297723,,,2.7,0,2.7,
56,2020-01-10 17:44:52,0,204512,1,227,3289,2019,2020,0,0,1,0,0,11,PSL,MG,Delegado Marcelo Freitas,00000000000007,SERVIÇOS POSTAIS,,CORREIOS - ENCOMENDA PAC,RSP : 2297724,,,154.45,0,154.45,
56,2020-01-20 17:21:02,0,204512,1,227,3289,2019,2020,0,0,1,0,0,11,PSL,MG,Delegado Marcelo Freitas,00000000000007,SERVIÇOS POSTAIS,,CORREIOS - ENCOMENDA PAC,RSP : 2298077,,,135.02,0,135.02,
56,2020-01-09 00:00:00,1723462,204512,0,227,3289,2019,2020,0,0,1,0,0,999,PSL,MG,Delegado Marcelo Freitas,09296295000160,Emissão Bilhete Aéreo,,Cia Aérea - AZUL,Bilhete: CM6UNR,TADEU GOMES,CNF/BSB/CNF,222.16,0,222.16,
56,2020-01-09 00:00:00,1723463,204512,0,227,3289,2019,2020,0,0,1,0,0,999,PSL,MG,Delegado Marcelo Freitas,09296295000160,Emissão Bilhete Aéreo,,Cia Aérea - AZUL,Bilhete: DGSMST,TADEU GOMES,CNF/BSB/CNF,222.16,0,222.16,
56,2020-01-09 00:00:00,1723460,204512,0,227,3289,2019,2020,0,0,1,0,0,999,PSL,MG,Delegado Marcelo Freitas,09296295000160,Emissão Bilhete Aéreo,,Cia Aérea - AZUL,Bilhete: MY3U4Y,TADEU GOMES,CNF/BSB/CNF,28,0,28,
56,2020-01-09 00:00:00,1723459,204512,0,227,3289,2019,2020,0,0,1,0,0,999,PSL,MG,Delegado Marcelo Freitas,09296295000160,Emissão Bilhete Aéreo,,Cia Aérea - AZUL,Bilhete: OGMV8T,Delegado Marcelo Freitas,MOC/BSB/MOC,656.36,0,656.36,
56,2020-01-09 00:00:00,1723461,204512,0,227,3289,2019,2020,0,0,1,0,0,999,PSL,MG,Delegado Marcelo Freitas,09296295000160,Emissão Bilhete Aéreo,,Cia Aérea - AZUL,Bilhete: TYIE2Y,TADEU GOMES,CNF/BSB/CNF,222.16,0,222.16,
56,2020-01-09 00:00:00,1723458,204512,0,227,3289,2019,2020,0,0,1,0,0,999,PSL,MG,Delegado Marcelo Freitas,09296295000160,Emissão Bilhete Aéreo,,Cia Aérea - AZUL,Bilhete: XJRGSA,Delegado Marcelo Freitas,MOC/BSB/MOC,656.36,0,656.36,
56,2020-01-28 15:14:00,0,204515,1,223,3257,2019,2020,0,0,1,0,0,11,AVANTE,MG,André Janones,00000000000007,SERVIÇOS POSTAIS,,CORREIOS - CAIXA DE ENCOMENDAS BÁSICA/CONVENCIONAL,RSP : 2299379,,,34.6,0,34.6,
56,2020-03-04 13:59:59,0,204515,1,223,3257,2019,2020,0,0,3,0,0,11,AVANTE,MG,André Janones,00000000000007,SERVIÇOS POSTAIS,,CORREIOS - ENCOMENDA PAC,RSP : 2302587,,,28.28,0,28.28,
56,2020-01-29 13:23:15,0,204515,1,223,3257,2019,2020,0,0,1,0,0,11,AVANTE,MG,André Janones,00000000000007,SERVIÇOS POSTAIS,,CORREIOS - SEDEX CONVENCIONAL,RSP : 2299470,,,42.26,0,42.26,
56,2020-02-06 15:55:18,0,204515,1,223,3257,2019,2020,0,0,2,0,0,11,AVANTE,MG,André Janones,00000000000007,SERVIÇOS POSTAIS,,CORREIOS - SEDEX CONVENCIONAL,RSP : 2299953,,,40.14,0,40.14,
56,2020-02-10 15:58:10,0,204517,1,266,3279,2019,2020,0,0,2,0,0,11,PL,MG,Zé Vitor,00000000000007,SERVIÇOS POSTAIS,,CORREIOS - CARTA COMERCIAL,RSP : 2300079,,,667.55,0,667.55,
56,2020-03-02 11:47:49,0,204517,1,266,3279,2019,2020,0,0,3,0,0,11,PL,MG,Zé Vitor,00000000000007,SERVIÇOS POSTAIS,,CORREIOS - CARTA COMERCIAL,RSP : 2302355,,,513.5,0,513.5,
56,2020-03-03 14:13:46,0,204517,1,266,3279,2019,2020,0,0,3,0,0,11,PL,MG,Zé Vitor,00000000000007,SERVIÇOS POSTAIS,,CORREIOS - CARTA COMERCIAL,RSP : 2302477,,,743.7,0,743.7,
56,2020-03-04 16:40:14,0,204517,1,266,3279,2019,2020,0,0,3,0,0,11,PL,MG,Zé Vitor,00000000000007,SERVIÇOS POSTAIS,,CORREIOS - CARTA COMERCIAL,RSP : 2302572,,,4.1,0,4.1,
56,2020-03-04 16:40:52,0,204517,1,266,3279,2019,2020,0,0,3,0,0,11,PL,MG,Zé Vitor,00000000000007,SERVIÇOS POSTAIS,,CORREIOS - CARTA COMERCIAL,RSP : 2302647,,,314.4,0,314.4,
56,2020-02-10 17:18:23,0,204517,1,266,3279,2019,2020,0,0,2,0,0,11,PL,MG,Zé Vitor,00000000000007,SERVIÇOS POSTAIS,,CORREIOS - CARTA REGISTRADA COM AR,RSP : 2300129,,,16.65,0,16.65,
56,2020-02-18 00:00:00,1724913,204517,0,266,3279,2019,2020,0,0,2,0,0,999,PL,MG,Zé Vitor,00512777000135,Emissão Bilhete Aéreo,,Cia Aérea - PASSAREDO,Bilhete: 1009-435943,Zé Vitor,BSB/UDI,809.67,0,809.67,
56,2020-02-13 15:20:12,0,204518,1,229,3249,2019,2020,0,0,2,0,0,11,PATRIOTA,MG,Dr. Frederico,00000000000007,SERVIÇOS POSTAIS,,CORREIOS - CARTA REGISTRADA COM AR,RSP : 2300382,,,295.45,0,295.45,
56,2020-02-14 18:03:12,0,204518,1,229,3249,2019,2020,0,0,2,0,0,11,PATRIOTA,MG,Dr. Frederico,00000000000007,SERVIÇOS POSTAIS,,CORREIOS - CARTA REGISTRADA COM AR,RSP : 2300586,,,186.6,0,186.6,
56,2020-02-18 16:49:43,0,204518,1,229,3249,2019,2020,0,0,2,0,0,11,PATRIOTA,MG,Dr. Frederico,00000000000007,SERVIÇOS POSTAIS,,CORREIOS - CARTA REGISTRADA COM AR,RSP : 2301814,,,1492.8,0,1492.8,
56,2020-02-19 16:49:02,0,204518,1,229,3249,2019,2020,0,0,2,0,0,11,PATRIOTA,MG,Dr. Frederico,00000000000007,SERVIÇOS POSTAIS,,CORREIOS - CARTA REGISTRADA COM AR,RSP : 2301942,,,678.5,0,678.5,
56,2020-02-21 10:14:21,0,204518,1,229,3249,2019,2020,0,0,2,0,0,11,PATRIOTA,MG,Dr. Frederico,00000000000007,SERVIÇOS POSTAIS,,CORREIOS - CARTA REGISTRADA COM AR,RSP : 2302089,,,653.1,0,653.1,
56,2020-02-26 14:14:55,0,204518,1,229,3249,2019,2020,0,0,2,0,0,11,PATRIOTA,MG,Dr. Frederico,00000000000007,SERVIÇOS POSTAIS,,CORREIOS - CARTA REGISTRADA COM AR,RSP : 2302149,,,622,0,622,
56,2020-02-27 13:32:08,0,204518,1,229,3249,2019,2020,0,0,2,0,0,11,PATRIOTA,MG,Dr. Frederico,00000000000007,SERVIÇOS POSTAIS,,CORREIOS - CARTA REGISTRADA COM AR,RSP : 2302217,,,14.75,0,14.75,
56,2020-03-06 16:17:10,0,204518,1,229,3249,2019,2020,0,0,3,0,0,11,PATRIOTA,MG,Dr. Frederico,00000000000007,SERVIÇOS POSTAIS,,CORREIOS - CARTA REGISTRADA COM AR,RSP : 2303814,,,15.55,0,15.55,
56,2020-03-10 09:51:22,0,204518,1,229,3249,2019,2020,0,0,3,0,0,11,PATRIOTA,MG,Dr. Frederico,00000000000007,SERVIÇOS POSTAIS,,CORREIOS - CARTA REGISTRADA COM AR,RSP : 2303916,,,62.2,0,62.2,
56,2020-03-12 10:34:34,0,204518,1,229,3249,2019,2020,0,0,3,0,0,11,PATRIOTA,MG,Dr. Frederico,00000000000007,SERVIÇOS POSTAIS,,CORREIOS - CARTA REGISTRADA COM AR,RSP : 2304115,,,46.65,0,46.65,
56,2020-01-14 17:59:24,0,204518,1,229,3249,2019,2020,0,0,1,0,0,11,PATRIOTA,MG,Dr. Frederico,00000000000007,SERVIÇOS POSTAIS,,CORREIOS - SEDEX CONVENCIONAL,RSP : 2297592,,,75.42,0,75.42,
56,2020-01-29 15:57:14,0,204520,1,225,3399,2019,2020,0,0,1,0,0,11,PSL,MG,Junio Amaral,00000000000007,SERVIÇOS POSTAIS,,CORREIOS - CARTA REGISTRADA COM AR,RSP : 2299474,,,14.2,0,14.2,
56,2020-02-06 17:49:43,0,204520,1,225,3399,2019,2020,0,0,2,0,0,11,PSL,MG,Junio Amaral,00000000000007,SERVIÇOS POSTAIS,,CORREIOS - ENCOMENDA PAC COM AR,RSP : 2299925,,,32.83,0,32.83,
56,2020-01-24 15:44:05,0,204520,1,225,3399,2019,2020,0,0,1,0,0,11,PSL,MG,Junio Amaral,00000000000007,SERVIÇOS POSTAIS,,CORREIOS - SEDEX 12,RSP : 2298274,,,176.6,0,176.6,
56,2020-01-20 00:00:00,1723559,204520,0,225,3399,2019,2020,0,0,1,0,0,999,PSL,MG,Junio Amaral,09296295000160,Emissão Bilhete Aéreo,,Cia Aérea - AZUL,Bilhete: V9NTUB,Junio Amaral,BSB/CNF,172.57,0,172.57,
56,2020-01-15 17:19:18,0,204523,1,258,3258,2019,2020,0,0,1,0,0,11,NOVO,MG,Lucas Gonzalez,00000000000007,SERVIÇOS POSTAIS,,CORREIOS - CARTA COMERCIAL,RSP : 2297918,,,23.4,0,23.4,
56,2020-02-04 17:13:21,0,204523,1,258,3258,2019,2020,0,0,2,0,0,11,NOVO,MG,Lucas Gonzalez,00000000000007,SERVIÇOS POSTAIS,,CORREIOS - CARTA COMERCIAL,RSP : 2298123,,,4.1,0,4.1,
56,2020-02-04 17:12:49,0,204523,1,258,3258,2019,2020,0,0,2,0,0,11,NOVO,MG,Lucas Gonzalez,00000000000007,SERVIÇOS POSTAIS,,CORREIOS - CARTA COMERCIAL,RSP : 2299745,,,8.2,0,8.2,
56,2020-01-07 00:00:00,1723843,204523,0,258,3258,2019,2020,0,0,1,0,0,999,NOVO,MG,Lucas Gonzalez,02012862000160,Emissão Bilhete Aéreo,,Cia Aérea - TAM,Bilhete: 957-2121.978537,Lucas Gonzalez,CNF/BSB,297.59,0,297.59,
56,2020-01-07 00:00:00,1723844,204523,0,258,3258,2019,2020,0,0,1,0,0,999,NOVO,MG,Lucas Gonzalez,02012862000160,Emissão Bilhete Aéreo,,Cia Aérea - TAM,Bilhete: 957-2121.979381,Lucas Gonzalez,BSB/CNF,296.57,0,296.57,
56,2020-01-07 00:00:00,1723845,204523,0,258,3258,2019,2020,0,0,1,0,0,999,NOVO,MG,Lucas Gonzalez,02012862000160,Emissão Bilhete Aéreo,,Cia Aérea - TAM,Bilhete: 957-2121.980087,Lucas Gonzalez,CNF/BSB,297.59,0,297.59,
56,2020-01-07 00:00:00,1723848,204523,0,258,3258,2019,2020,0,0,1,0,0,999,NOVO,MG,Lucas Gonzalez,02012862000160,Emissão Bilhete Aéreo,,Cia Aérea - TAM,Bilhete: 957-2121.981547,Lucas Gonzalez,BSB/CNF,377.57,0,377.57,
56,2020-01-07 00:00:00,1723849,204523,0,258,3258,2019,2020,0,0,1,0,0,999,NOVO,MG,Lucas Gonzalez,02012862000160,Emissão Bilhete Aéreo,,Cia Aérea - TAM,Bilhete: 957-2121.981598,Lucas Gonzalez,BSB/CNF,296.57,0,296.57,
56,2020-01-07 00:00:00,1723851,204523,0,258,3258,2019,2020,0,0,1,0,0,999,NOVO,MG,Lucas Gonzalez,02012862000160,Emissão Bilhete Aéreo,,Cia Aérea - TAM,Bilhete: 957-2121.983413,Lucas Gonzalez,BSB/CNF,251.57,0,251.57,
56,2020-01-07 00:00:00,1723852,204523,0,258,3258,2019,2020,0,0,1,0,0,999,NOVO,MG,Lucas Gonzalez,02012862000160,Emissão Bilhete Aéreo,,Cia Aérea - TAM,Bilhete: 957-2121.984225,Lucas Gonzalez,BSB/CNF,251.57,0,251.57,
56,2020-02-11 17:50:24,0,204524,1,261,3260,2019,2020,0,0,2,0,0,11,PP,MG,Pinheirinho,00000000000007,SERVIÇOS POSTAIS,,CORREIOS - CARTA COMERCIAL,RSP : 2300155,,,10.25,0,10.25,
56,2020-02-11 17:49:58,0,204524,1,261,3260,2019,2020,0,0,2,0,0,11,PP,MG,Pinheirinho,00000000000007,SERVIÇOS POSTAIS,,CORREIOS - CARTA COMERCIAL,RSP : 2300157,,,2.05,0,2.05,
56,2020-02-19 14:47:15,0,204524,1,261,3260,2019,2020,0,0,2,0,0,11,PP,MG,Pinheirinho,00000000000007,SERVIÇOS POSTAIS,,CORREIOS - CARTA COMERCIAL,RSP : 2301919,,,92.25,0,92.25,
56,2020-02-28 13:17:03,0,204524,1,261,3260,2019,2020,0,0,2,0,0,11,PP,MG,Pinheirinho,00000000000007,SERVIÇOS POSTAIS,,CORREIOS - CARTA COMERCIAL,RSP : 2302288,,,53.3,0,53.3,
56,2020-01-07 13:44:46,0,204524,1,261,3260,2019,2020,0,0,1,0,0,11,PP,MG,Pinheirinho,00000000000007,SERVIÇOS POSTAIS,,CORREIOS - CARTA REGISTRADA,RSP : 2297545,,,69.3,0,69.3,
56,2020-01-08 17:40:32,0,204524,1,261,3260,2019,2020,0,0,1,0,0,11,PP,MG,Pinheirinho,00000000000007,SERVIÇOS POSTAIS,,CORREIOS - CARTA REGISTRADA,RSP : 2297625,,,30.8,0,30.8,
56,2020-01-21 17:53:05,0,204524,1,261,3260,2019,2020,0,0,1,0,0,11,PP,MG,Pinheirinho,00000000000007,SERVIÇOS POSTAIS,,CORREIOS - CARTA REGISTRADA,RSP : 2298072,,,7.7,0,7.7,
56,2020-02-03 18:08:23,0,204524,1,261,3260,2019,2020,0,0,2,0,0,11,PP,MG,Pinheirinho,00000000000007,SERVIÇOS POSTAIS,,CORREIOS - CARTA REGISTRADA,RSP : 2299661,,,58.8,0,58.8,
56,2020-02-06 13:46:59,0,204524,1,261,3260,2019,2020,0,0,2,0,0,11,PP,MG,Pinheirinho,00000000000007,SERVIÇOS POSTAIS,,CORREIOS - CARTA REGISTRADA,RSP : 2299926,,,14.7,0,14.7,
56,2020-02-28 13:17:28,0,204524,1,261,3260,2019,2020,0,0,2,0,0,11,PP,MG,Pinheirinho,00000000000007,SERVIÇOS POSTAIS,,CORREIOS - CARTA REGISTRADA,RSP : 2302293,,,68,0,68,
56,2020-03-02 13:40:57,0,204524,1,261,3260,2019,2020,0,0,3,0,0,11,PP,MG,Pinheirinho,00000000000007,SERVIÇOS POSTAIS,,CORREIOS - CARTA REGISTRADA,RSP : 2302367,,,14.7,0,14.7,
56,2020-03-04 15:50:39,0,204524,1,261,3260,2019,2020,0,0,3,0,0,11,PP,MG,Pinheirinho,00000000000007,SERVIÇOS POSTAIS,,CORREIOS - CARTA REGISTRADA,RSP : 2302570,,,8.4,0,8.4,
56,2020-02-04 18:19:39,0,207309,1,533,3446,2019,2020,0,0,2,0,0,11,PSL,MG,Enéias Reis,00000000000007,SERVIÇOS POSTAIS,,CORREIOS - CAIXA DE ENCOMENDAS BÁSICA/CONVENCIONAL,RSP : 2299753,,,16.05,0,16.05,
56,2020-01-16 14:40:35,0,207309,1,533,3446,2019,2020,0,0,1,0,0,11,PSL,MG,Enéias Reis,00000000000007,SERVIÇOS POSTAIS,,CORREIOS - CARTA COMERCIAL,RSP : 2297828,,,9.7,0,9.7,
56,2020-02-07 15:29:36,0,207309,1,533,3446,2019,2020,0,0,2,0,0,11,PSL,MG,Enéias Reis,00000000000007,SERVIÇOS POSTAIS,,CORREIOS - CARTA COMERCIAL,RSP : 2299975,,,15.8,0,15.8,
56,2020-02-13 15:16:25,0,207309,1,533,3446,2019,2020,0,0,2,0,0,11,PSL,MG,Enéias Reis,00000000000007,SERVIÇOS POSTAIS,,CORREIOS - CARTA COMERCIAL,RSP : 2300372,,,12.3,0,12.3,
56,2020-02-17 13:09:31,0,207309,1,533,3446,2019,2020,0,0,2,0,0,11,PSL,MG,Enéias Reis,00000000000007,SERVIÇOS POSTAIS,,CORREIOS - CARTA COMERCIAL,RSP : 2300410,,,32.8,0,32.8,
56,2020-02-19 15:17:54,0,207309,1,533,3446,2019,2020,0,0,2,0,0,11,PSL,MG,Enéias Reis,00000000000007,SERVIÇOS POSTAIS,,CORREIOS - CARTA COMERCIAL,RSP : 2301935,,,133.25,0,133.25,
56,2020-03-10 09:50:45,0,207309,1,533,3446,2019,2020,0,0,3,0,0,11,PSL,MG,Enéias Reis,00000000000007,SERVIÇOS POSTAIS,,CORREIOS - CARTA COMERCIAL,RSP : 2303932,,,2.05,0,2.05,
56,2020-03-12 16:50:32,0,207309,1,533,3446,2019,2020,0,0,3,0,0,11,PSL,MG,Enéias Reis,00000000000007,SERVIÇOS POSTAIS,,CORREIOS - CARTA COMERCIAL,RSP : 2304227,,,25.65,0,25.65,
56,2020-01-15 16:27:34,0,207309,1,533,3446,2019,2020,0,0,1,0,0,11,PSL,MG,Enéias Reis,00000000000007,SERVIÇOS POSTAIS,,CORREIOS - ENCOMENDA PAC,RSP : 2297910,,,25.89,0,25.89,
56,2020-02-04 18:20:03,0,207309,1,533,3446,2019,2020,0,0,2,0,0,11,PSL,MG,Enéias Reis,00000000000007,SERVIÇOS POSTAIS,,CORREIOS - ENCOMENDA PAC,RSP : 2299754,,,26.89,0,26.89,
56,2020-02-13 15:15:50,0,207309,1,533,3446,2019,2020,0,0,2,0,0,11,PSL,MG,Enéias Reis,00000000000007,SERVIÇOS POSTAIS,,CORREIOS - ENCOMENDA PAC,RSP : 2300310,,,39.14,0,39.14,
56,2020-02-04 18:18:46,0,207309,1,533,3446,2019,2020,0,0,2,0,0,11,PSL,MG,Enéias Reis,00000000000007,SERVIÇOS POSTAIS,,CORREIOS - ENVELOPE BÁSICO/CONVENCIONAL - PLÁSTICO/BOLHA,RSP : 2299578,,,4.9,0,4.9,
56,2020-02-20 17:10:37,0,207309,1,533,3446,2019,2020,0,0,2,0,0,11,PSL,MG,Enéias Reis,00000000000007,SERVIÇOS POSTAIS,,CORREIOS - ENVELOPE BÁSICO/CONVENCIONAL - PLÁSTICO/BOLHA,RSP : 2302032,,,4.9,0,4.9,
56,2020-01-30 15:56:59,0,207309,1,533,3446,2019,2020,0,0,1,0,0,11,PSL,MG,Enéias Reis,00000000000007,SERVIÇOS POSTAIS,,CORREIOS - SEDEX CONVENCIONAL,RSP : 2299547,,,40.14,0,40.14,
56,2020-02-04 18:19:14,0,207309,1,533,3446,2019,2020,0,0,2,0,0,11,PSL,MG,Enéias Reis,00000000000007,SERVIÇOS POSTAIS,,CORREIOS - SEDEX CONVENCIONAL,RSP : 2299579,,,27.45,0,27.45,
56,2020-02-05 16:53:22,0,207309,1,533,3446,2019,2020,0,0,2,0,0,11,PSL,MG,Enéias Reis,00000000000007,SERVIÇOS POSTAIS,,CORREIOS - SEDEX CONVENCIONAL,RSP : 2299830,,,40.14,0,40.14,
56,2020-02-20 17:14:42,0,207309,1,533,3446,2019,2020,0,0,2,0,0,11,PSL,MG,Enéias Reis,00000000000007,SERVIÇOS POSTAIS,,CORREIOS - SEDEX CONVENCIONAL,RSP : 2302031,,,27.45,0,27.45,
56,2020-03-05 13:59:17,0,207309,1,533,3446,2019,2020,0,0,3,0,0,11,PSL,MG,Enéias Reis,00000000000007,SERVIÇOS POSTAIS,,CORREIOS - SEDEX CONVENCIONAL,RSP : 2303717,,,25.32,0,25.32,
56,2020-01-17 00:00:00,1723544,207309,0,533,3446,2019,2020,0,0,1,0,0,999,PSL,MG,Enéias Reis,09296295000160,Emissão Bilhete Aéreo,,Cia Aérea - AZUL,Bilhete: CGCGWG,Enéias Reis,BSB/IPN,495.57,0,495.57,
56,2020-01-17 00:00:00,1723555,207309,0,533,3446,2019,2020,0,0,1,0,0,999,PSL,MG,Enéias Reis,09296295000160,Emissão Bilhete Aéreo,,Cia Aérea - AZUL,Bilhete: EMZ1NE,Enéias Reis,BSB/IPN,518.57,0,518.57,
56,2020-01-13 00:00:00,1723514,207309,0,533,3446,2019,2020,0,0,1,0,0,999,PSL,MG,Enéias Reis,09296295000160,Emissão Bilhete Aéreo,,Cia Aérea - AZUL,Bilhete: JM2NFE,AGUINALDO DINIZ,CNF/BSB/CNF,1505.16,0,1505.16,
56,2020-01-17 00:00:00,1723547,207309,0,533,3446,2019,2020,0,0,1,0,0,999,PSL,MG,Enéias Reis,09296295000160,Emissão Bilhete Aéreo,,Cia Aérea - AZUL,Bilhete: K9GJ7L,Enéias Reis,IPN/BSB,396.9,0,396.9,
56,2020-01-17 00:00:00,1723554,207309,0,533,3446,2019,2020,0,0,1,0,0,999,PSL,MG,Enéias Reis,09296295000160,Emissão Bilhete Aéreo,,Cia Aérea - AZUL,Bilhete: MLSZ8E,Enéias Reis,IPN/BSB,500.9,0,500.9,
56,2020-01-17 00:00:00,1723549,207309,0,533,3446,2019,2020,0,0,1,0,0,999,PSL,MG,Enéias Reis,09296295000160,Emissão Bilhete Aéreo,,Cia Aérea - AZUL,Bilhete: QFPMUZ,Enéias Reis,IPN/BSB,500.9,0,500.9,
56,2020-01-10 00:00:00,1723476,207309,0,533,3446,2019,2020,0,0,1,0,0,999,PSL,MG,Enéias Reis,09296295000160,Emissão Bilhete Aéreo,,Cia Aérea - AZUL,Bilhete: RJ49HA,Enéias Reis,GRU/IPN,1050.59,0,1050.59,
56,2020-01-17 00:00:00,1723548,207309,0,533,3446,2019,2020,0,0,1,0,0,999,PSL,MG,Enéias Reis,09296295000160,Emissão Bilhete Aéreo,,Cia Aérea - AZUL,Bilhete: TMVLPE,Enéias Reis,BSB/IPN,391.57,0,391.57,
56,2020-01-10 00:00:00,1723477,207309,0,533,3446,2019,2020,0,0,1,0,0,999,PSL,MG,Enéias Reis,09296295000160,Emissão Bilhete Aéreo,,Cia Aérea - AZUL,Bilhete: UJ5JWQ,Enéias Reis,IPN/GRU,1105.9,0,1105.9,
56,2020-01-17 00:00:00,1723545,207309,0,533,3446,2019,2020,0,0,1,0,0,999,PSL,MG,Enéias Reis,09296295000160,Emissão Bilhete Aéreo,,Cia Aérea - AZUL,Bilhete: VBLYPY,Enéias Reis,BSB/IPN,219.57,0,219.57,
56,2020-01-17 00:00:00,1723546,207309,0,533,3446,2019,2020,0,0,1,0,0,999,PSL,MG,Enéias Reis,09296295000160,Emissão Bilhete Aéreo,,Cia Aérea - AZUL,Bilhete: WESQRP,Enéias Reis,IPN/BSB,396.9,0,396.9,
56,2020-01-17 00:00:00,1723551,207309,0,533,3446,2019,2020,0,0,1,0,0,999,PSL,MG,Enéias Reis,09296295000160,Emissão Bilhete Aéreo,,Cia Aérea - AZUL,Bilhete: WGZTYM,Enéias Reis,BSB/IPN,495.57,0,495.57,
56,2020-01-17 00:00:00,1723550,207309,0,533,3446,2019,2020,0,0,1,0,0,999,PSL,MG,Enéias Reis,09296295000160,Emissão Bilhete Aéreo,,Cia Aérea - AZUL,Bilhete: XBT85V,Enéias Reis,BSB/IPN,391.57,0,391.57,
56,2020-01-17 00:00:00,1723552,207309,0,533,3446,2019,2020,0,0,1,0,0,999,PSL,MG,Enéias Reis,09296295000160,Emissão Bilhete Aéreo,,Cia Aérea - AZUL,Bilhete: YGTBRJ,Enéias Reis,IPN/BSB,396.9,0,396.9,
56,2020-01-17 00:00:00,1723553,207309,0,533,3446,2019,2020,0,0,1,0,0,999,PSL,MG,Enéias Reis,09296295000160,Emissão Bilhete Aéreo,,Cia Aérea - AZUL,Bilhete: ZB4W3Y,Enéias Reis,BSB/IPN,391.57,0,391.57,
56,2020-01-17 00:00:00,1723543,207309,0,533,3446,2019,2020,0,0,1,0,0,999,PSL,MG,Enéias Reis,09296295000160,Emissão Bilhete Aéreo,,Cia Aérea - AZUL,Bilhete: ZBGDXL,Enéias Reis,IPN/BSB,224.9,0,224.9,
56,2020-02-12 17:57:28,0,211866,1,545,3456,2019,2020,0,0,2,0,0,11,CIDADANIA,MG,Fabiano Tolentino,00000000000007,SERVIÇOS POSTAIS,,CORREIOS - ENCOMENDA PAC,RSP : 2300317,,,26.48,0,26.48,
56,2020-02-13 16:56:27,0,211866,1,545,3456,2019,2020,0,0,2,0,0,11,CIDADANIA,MG,Fabiano Tolentino,00000000000007,SERVIÇOS POSTAIS,,CORREIOS - MALA DIRETA POSTAL DOMICILIÁRIA,RSP : 2300401,,,1881.81,0,1881.81,
56,2020-02-27 11:51:57,0,212504,1,547,3462,2019,2020,0,0,2,0,0,11,AVANTE,MG,Fernando Borja,00000000000007,SERVIÇOS POSTAIS,,CORREIOS - SEDEX CONVENCIONAL,RSP : 2302211,,,536,0,536,
