56,2020-02-05 13:52:53,0,160575,1,407,2403,2019,2020,0,0,2,0,0,11,PT,DF,Erika Kokay,00000000000007,SERVIÇOS POSTAIS,,CORREIOS - CAIXA DE ENCOMENDAS BÁSICA/CONVENCIONAL,RSP : 2299823,,,6.3,0,6.3,
56,2020-02-04 13:30:28,0,160575,1,407,2403,2019,2020,0,0,2,0,0,11,PT,DF,Erika Kokay,00000000000007,SERVIÇOS POSTAIS,,CORREIOS - CARTA REGISTRADA COM AR,RSP : 2299709,,,14.75,0,14.75,
56,2020-02-05 14:27:46,0,160575,1,407,2403,2019,2020,0,0,2,0,0,11,PT,DF,Erika Kokay,00000000000007,SERVIÇOS POSTAIS,,CORREIOS - SEDEX CONVENCIONAL,RSP : 2299822,,,10.92,0,10.92,
56,2020-03-11 12:09:37,0,160575,1,407,2403,2019,2020,0,0,3,0,0,11,PT,DF,Erika Kokay,00000000000007,SERVIÇOS POSTAIS,,CORREIOS - SEDEX CONVENCIONAL,RSP : 2304017,,,183.19,0,183.19,
56,2020-03-11 15:45:20,0,204374,1,409,3402,2019,2020,0,0,3,0,0,11,PSL,DF,Bia Kicis,00000000000007,SERVIÇOS POSTAIS,,CORREIOS - IMPRESSO NORMAL,RSP : 2304137,,,5.9,0,5.9,
