56,2020-02-10 17:28:45,0,74366,1,418,1671,2019,2020,0,0,2,0,0,11,REPUBLICANOS,GO,João Campos,00000000000007,SERVIÇOS POSTAIS,,CORREIOS - ENCOMENDA PAC,RSP : 2300120,,,42.12,0,42.12,
56,2020-01-03 00:00:00,1723411,74366,0,418,1671,2019,2020,0,0,1,0,0,999,REPUBLICANOS,GO,João Campos,09296295000160,Emissão Bilhete Aéreo,,Cia Aérea - AZUL,Bilhete: EM2Q4B,João Campos,GYN/SDU/GYN,1899.7,0,1899.7,
56,2020-01-20 00:00:00,1724101,74366,0,418,1671,2019,2020,0,0,1,0,0,999,REPUBLICANOS,GO,João Campos,02012862000160,Emissão Bilhete Aéreo,,Cia Aérea - TAM,Bilhete: 957-1532.502739,João Campos,GYN/GRU,35,0,35,
56,2020-01-20 00:00:00,1724411,74366,0,418,1671,2019,2020,0,0,1,0,0,999,REPUBLICANOS,GO,João Campos,02012862000160,Emissão Bilhete Aéreo,,Cia Aérea - TAM,Bilhete: 957-2123.399897,João Campos,GYN/GRU,840.85,0,840.85,
56,2020-01-22 00:00:00,1724493,74366,0,418,1671,2019,2020,0,0,1,0,0,999,REPUBLICANOS,GO,João Campos,02012862000160,Emissão Bilhete Aéreo,,Cia Aérea - TAM,Bilhete: 957-2123.608141,João Campos,GYN/GRU,275,0,275,
56,2020-01-29 17:40:00,0,74371,1,425,1686,2019,2020,0,0,1,0,0,11,PT,GO,Rubens Otoni,00000000000007,SERVIÇOS POSTAIS,,CORREIOS - CAIXA DE ENCOMENDAS BÁSICA/CONVENCIONAL,RSP : 2299495,,,6.2,0,6.2,
56,2020-01-29 17:40:36,0,74371,1,425,1686,2019,2020,0,0,1,0,0,11,PT,GO,Rubens Otoni,00000000000007,SERVIÇOS POSTAIS,,CORREIOS - ENCOMENDA PAC COM AR,RSP : 2299510,,,32.23,0,32.23,
56,2020-03-11 16:54:22,0,74371,1,425,1686,2019,2020,0,0,3,0,0,11,PT,GO,Rubens Otoni,00000000000007,SERVIÇOS POSTAIS,,CORREIOS - ENCOMENDA PAC COM AR,RSP : 2304152,,,28.34,0,28.34,
56,2020-01-14 15:48:34,0,74371,1,425,1686,2019,2020,0,0,1,0,0,11,PT,GO,Rubens Otoni,00000000000007,SERVIÇOS POSTAIS,,CORREIOS - SEDEX 10,RSP : 2297840,,,30.2,0,30.2,
56,2020-01-16 16:25:40,0,74371,1,425,1686,2019,2020,0,0,1,0,0,11,PT,GO,Rubens Otoni,00000000000007,SERVIÇOS POSTAIS,,CORREIOS - SEDEX 10,RSP : 2297976,,,27.9,0,27.9,
56,2020-01-22 16:34:02,0,74371,1,425,1686,2019,2020,0,0,1,0,0,11,PT,GO,Rubens Otoni,00000000000007,SERVIÇOS POSTAIS,,CORREIOS - SEDEX 10,RSP : 2298190,,,30.2,0,30.2,
56,2020-01-27 13:47:31,0,74371,1,425,1686,2019,2020,0,0,1,0,0,11,PT,GO,Rubens Otoni,00000000000007,SERVIÇOS POSTAIS,,CORREIOS - SEDEX 10,RSP : 2299351,,,30.2,0,30.2,
56,2020-02-04 13:02:53,0,74371,1,425,1686,2019,2020,0,0,2,0,0,11,PT,GO,Rubens Otoni,00000000000007,SERVIÇOS POSTAIS,,CORREIOS - SEDEX 10,RSP : 2299705,,,30.2,0,30.2,
56,2020-02-07 16:33:10,0,74371,1,425,1686,2019,2020,0,0,2,0,0,11,PT,GO,Rubens Otoni,00000000000007,SERVIÇOS POSTAIS,,CORREIOS - SEDEX 10,RSP : 2300015,,,21.92,0,21.92,
56,2020-02-21 10:09:34,0,74371,1,425,1686,2019,2020,0,0,2,0,0,11,PT,GO,Rubens Otoni,00000000000007,SERVIÇOS POSTAIS,,CORREIOS - SEDEX 10,RSP : 2300639,,,30.2,0,30.2,
56,2020-02-21 14:56:02,0,74371,1,425,1686,2019,2020,0,0,2,0,0,11,PT,GO,Rubens Otoni,00000000000007,SERVIÇOS POSTAIS,,CORREIOS - SEDEX 10,RSP : 2302153,,,30.2,0,30.2,
56,2020-02-27 16:51:12,0,74371,1,425,1686,2019,2020,0,0,2,0,0,11,PT,GO,Rubens Otoni,00000000000007,SERVIÇOS POSTAIS,,CORREIOS - SEDEX 10,RSP : 2302271,,,24.89,0,24.89,
56,2020-03-03 16:17:51,0,74371,1,425,1686,2019,2020,0,0,3,0,0,11,PT,GO,Rubens Otoni,00000000000007,SERVIÇOS POSTAIS,,CORREIOS - SEDEX 10,RSP : 2302471,,,27.9,0,27.9,
56,2020-01-10 17:39:38,0,121948,1,416,3353,2019,2020,0,0,1,0,0,11,PP,GO,Adriano do Baldy,00000000000007,SERVIÇOS POSTAIS,,CORREIOS - CARTA COMERCIAL,RSP : 2297726,,,60.75,0,60.75,
56,2020-01-16 14:40:56,0,121948,1,416,3353,2019,2020,0,0,1,0,0,11,PP,GO,Adriano do Baldy,00000000000007,SERVIÇOS POSTAIS,,CORREIOS - CARTA COMERCIAL,RSP : 2297927,,,180.45,0,180.45,
56,2020-01-28 15:15:48,0,121948,1,416,3353,2019,2020,0,0,1,0,0,11,PP,GO,Adriano do Baldy,00000000000007,SERVIÇOS POSTAIS,,CORREIOS - CARTA COMERCIAL,RSP : 2299373,,,5.7,0,5.7,
56,2020-02-20 16:35:59,0,121948,1,416,3353,2019,2020,0,0,2,0,0,11,PP,GO,Adriano do Baldy,00000000000007,SERVIÇOS POSTAIS,,CORREIOS - CARTA COMERCIAL,RSP : 2302055,,,116.85,0,116.85,
56,2020-02-21 17:19:19,0,121948,1,416,3353,2019,2020,0,0,2,0,0,11,PP,GO,Adriano do Baldy,00000000000007,SERVIÇOS POSTAIS,,CORREIOS - CARTA COMERCIAL,RSP : 2302151,,,98.4,0,98.4,
56,2020-01-30 18:05:15,0,160598,1,422,2229,2019,2020,0,0,1,0,0,11,PDT,GO,Flávia Morais,00000000000007,SERVIÇOS POSTAIS,,CORREIOS - TELEGRAMA,RSP : 2299557,,,11.85,0,11.85,
56,2020-03-04 16:40:58,0,160598,1,422,2229,2019,2020,0,0,3,0,0,11,PDT,GO,Flávia Morais,00000000000007,SERVIÇOS POSTAIS,,CORREIOS - TELEGRAMA,RSP : 2302540,,,12.36,0,12.36,
56,2020-03-04 14:30:37,0,166402,1,431,2437,2019,2020,0,0,3,0,0,11,PL,GO,Magda Mofatto,00000000000007,SERVIÇOS POSTAIS,,CORREIOS - SEDEX CONVENCIONAL,RSP : 2302545,,,17.42,0,17.42,
56,2020-03-09 12:31:23,0,166402,1,431,2437,2019,2020,0,0,3,0,0,11,PL,GO,Magda Mofatto,00000000000007,SERVIÇOS POSTAIS,,CORREIOS - SEDEX CONVENCIONAL,RSP : 2303885,,,42.06,0,42.06,
56,2020-02-03 17:33:44,0,178876,1,417,3008,2019,2020,0,0,2,0,0,11,PSDB,GO,Célio Silveira,00000000000007,SERVIÇOS POSTAIS,,CORREIOS - CARTA COMERCIAL,RSP : 2299667,,,8.2,0,8.2,
56,2020-02-05 17:18:52,0,178876,1,417,3008,2019,2020,0,0,2,0,0,11,PSDB,GO,Célio Silveira,00000000000007,SERVIÇOS POSTAIS,,CORREIOS - CARTA COMERCIAL,RSP : 2299843,,,2.05,0,2.05,
56,2020-02-13 17:07:50,0,178876,1,417,3008,2019,2020,0,0,2,0,0,11,PSDB,GO,Célio Silveira,00000000000007,SERVIÇOS POSTAIS,,CORREIOS - CARTA COMERCIAL,RSP : 2300394,,,2.05,0,2.05,
56,2020-02-19 11:52:50,0,178876,1,417,3008,2019,2020,0,0,2,0,0,11,PSDB,GO,Célio Silveira,00000000000007,SERVIÇOS POSTAIS,,CORREIOS - CARTA COMERCIAL,RSP : 2301830,,,4.1,0,4.1,
56,2020-03-03 16:05:34,0,178876,1,417,3008,2019,2020,0,0,3,0,0,11,PSDB,GO,Célio Silveira,00000000000007,SERVIÇOS POSTAIS,,CORREIOS - CARTA COMERCIAL,RSP : 2302494,,,2.05,0,2.05,
56,2020-03-05 12:56:20,0,178876,1,417,3008,2019,2020,0,0,3,0,0,11,PSDB,GO,Célio Silveira,00000000000007,SERVIÇOS POSTAIS,,CORREIOS - CARTA COMERCIAL,RSP : 2303704,,,4.9,0,4.9,
56,2020-03-09 13:50:05,0,178876,1,417,3008,2019,2020,0,0,3,0,0,11,PSDB,GO,Célio Silveira,00000000000007,SERVIÇOS POSTAIS,,CORREIOS - CARTA COMERCIAL,RSP : 2303880,,,4.1,0,4.1,
56,2020-03-11 16:14:51,0,178876,1,417,3008,2019,2020,0,0,3,0,0,11,PSDB,GO,Célio Silveira,00000000000007,SERVIÇOS POSTAIS,,CORREIOS - CARTA COMERCIAL,RSP : 2304143,,,2.05,0,2.05,
56,2020-02-05 17:13:40,0,178876,1,417,3008,2019,2020,0,0,2,0,0,11,PSDB,GO,Célio Silveira,00000000000007,SERVIÇOS POSTAIS,,CORREIOS - ENCOMENDA PAC,RSP : 2299846,,,26.48,0,26.48,
56,2020-02-13 17:11:27,0,178876,1,417,3008,2019,2020,0,0,2,0,0,11,PSDB,GO,Célio Silveira,00000000000007,SERVIÇOS POSTAIS,,CORREIOS - ENCOMENDA PAC,RSP : 2300395,,,26.48,0,26.48,
56,2020-02-06 13:03:46,0,178876,1,417,3008,2019,2020,0,0,2,0,0,11,PSDB,GO,Célio Silveira,00000000000007,SERVIÇOS POSTAIS,,CORREIOS - SEDEX CONVENCIONAL,RSP : 2299899,,,40.14,0,40.14,
56,2020-01-07 16:01:29,0,179587,1,429,3196,2019,2020,0,0,1,0,0,11,PSL,GO,Vitor Hugo,00000000000007,SERVIÇOS POSTAIS,,CORREIOS - CARTA REGISTRADA COM AR,RSP : 2297561,,,99.4,0,99.4,
56,2020-01-17 12:31:40,0,179587,1,429,3196,2019,2020,0,0,1,0,0,11,PSL,GO,Vitor Hugo,00000000000007,SERVIÇOS POSTAIS,,CORREIOS - CARTA REGISTRADA COM AR,RSP : 2297978,,,269.8,0,269.8,
56,2020-01-22 18:11:27,0,179587,1,429,3196,2019,2020,0,0,1,0,0,11,PSL,GO,Vitor Hugo,00000000000007,SERVIÇOS POSTAIS,,CORREIOS - CARTA REGISTRADA COM AR,RSP : 2298197,,,726.3,0,726.3,
56,2020-02-12 17:43:04,0,179587,1,429,3196,2019,2020,0,0,2,0,0,11,PSL,GO,Vitor Hugo,00000000000007,SERVIÇOS POSTAIS,,CORREIOS - CARTA REGISTRADA COM AR,RSP : 2300319,,,15.55,0,15.55,
56,2020-02-07 15:31:26,0,179587,1,429,3196,2019,2020,0,0,2,0,0,11,PSL,GO,Vitor Hugo,00000000000007,SERVIÇOS POSTAIS,,CORREIOS - DOCUMENTO INTERN. STANDARD (PRIORITÁRIO REGISTRADO),RSP : 2299871,,,8.15,0,8.15,
56,2020-01-27 16:00:30,0,204386,1,427,3248,2019,2020,0,0,1,0,0,11,DEM,GO,Jose Mario Schreiner,00000000000007,SERVIÇOS POSTAIS,,CORREIOS - ENCOMENDA PAC,RSP : 2299366,,,163.49,0,163.49,
56,2020-02-04 13:35:20,0,204386,1,427,3248,2019,2020,0,0,2,0,0,11,DEM,GO,Jose Mario Schreiner,00000000000007,SERVIÇOS POSTAIS,,CORREIOS - ENCOMENDA PAC,RSP : 2299700,,,201.76,0,201.76,
56,2020-02-14 17:23:36,0,204386,1,427,3248,2019,2020,0,0,2,0,0,11,DEM,GO,Jose Mario Schreiner,00000000000007,SERVIÇOS POSTAIS,,CORREIOS - ENCOMENDA PAC,RSP : 2300523,,,211.13,0,211.13,
56,2020-03-05 17:00:03,0,204386,1,427,3248,2019,2020,0,0,3,0,0,11,DEM,GO,Jose Mario Schreiner,00000000000007,SERVIÇOS POSTAIS,,CORREIOS - ENCOMENDA PAC,RSP : 2303759,,,130.86,0,130.86,
56,2020-03-06 16:47:48,0,204386,1,427,3248,2019,2020,0,0,3,0,0,11,DEM,GO,Jose Mario Schreiner,00000000000007,SERVIÇOS POSTAIS,,CORREIOS - ENCOMENDA PAC,RSP : 2303824,,,31.87,0,31.87,
56,2020-01-15 16:02:18,0,204386,1,427,3248,2019,2020,0,0,1,0,0,11,DEM,GO,Jose Mario Schreiner,00000000000007,SERVIÇOS POSTAIS,,CORREIOS - SEDEX CONVENCIONAL,RSP : 2297911,,,18.54,0,18.54,
56,2020-02-21 16:13:03,0,204386,1,427,3248,2019,2020,0,0,2,0,0,11,DEM,GO,Jose Mario Schreiner,00000000000007,SERVIÇOS POSTAIS,,CORREIOS - SEDEX CONVENCIONAL,RSP : 2302137,,,17.42,0,17.42,
56,2020-01-13 15:20:51,0,204386,1,427,3248,2019,2020,0,0,1,0,0,11,DEM,GO,Jose Mario Schreiner,00000000000007,SERVIÇOS POSTAIS,,CORREIOS - SEDEX CONVENCIONAL COM AR,RSP : 2297734,,,23.17,0,23.17,
56,2020-01-16 10:54:54,0,204386,1,427,3248,2019,2020,0,0,1,0,0,11,DEM,GO,Jose Mario Schreiner,00000000000007,SERVIÇOS POSTAIS,,CORREIOS - SEDEX CONVENCIONAL COM AR,RSP : 2297929,,,69.08,0,69.08,
56,2020-02-18 16:50:34,0,204390,1,432,3363,2019,2020,0,0,2,0,0,11,PP,GO,Professor Alcides,00000000000007,SERVIÇOS POSTAIS,,CORREIOS - CARTA COMERCIAL,RSP : 2301797,,,4.1,0,4.1,
56,2020-02-10 17:29:51,0,204390,1,432,3363,2019,2020,0,0,2,0,0,11,PP,GO,Professor Alcides,00000000000007,SERVIÇOS POSTAIS,,CORREIOS - CARTA REGISTRADA COM AR,RSP : 2300126,,,33.05,0,33.05,
56,2020-02-12 16:38:15,0,204390,1,432,3363,2019,2020,0,0,2,0,0,11,PP,GO,Professor Alcides,00000000000007,SERVIÇOS POSTAIS,,CORREIOS - CARTA REGISTRADA COM AR,RSP : 2300300,,,47.75,0,47.75,
56,2020-02-28 13:18:58,0,204391,1,428,3214,2019,2020,0,0,2,0,0,11,PODE,GO,José Nelto,00000000000007,SERVIÇOS POSTAIS,,CORREIOS - SEDEX CONVENCIONAL,RSP : 2302287,,,61.88,0,61.88,
56,2020-03-06 14:24:34,0,204391,1,428,3214,2019,2020,0,0,3,0,0,11,PODE,GO,José Nelto,00000000000007,SERVIÇOS POSTAIS,,CORREIOS - SEDEX CONVENCIONAL,RSP : 2303797,,,120.91,0,120.91,
56,2020-01-03 11:05:58,0,204412,1,420,3381,2019,2020,0,0,1,0,0,11,DEM,GO,Dr. Zacharias Calil,00000000000007,SERVIÇOS POSTAIS,,CORREIOS - CARTA COMERCIAL,RSP : 2297384,,,664.2,0,664.2,
56,2020-01-02 16:17:12,0,204412,1,420,3381,2019,2020,0,0,1,0,0,11,DEM,GO,Dr. Zacharias Calil,00000000000007,SERVIÇOS POSTAIS,,CORREIOS - CARTA COMERCIAL,RSP : 2297389,,,664.2,0,664.2,
56,2020-01-16 12:58:46,0,204412,1,420,3381,2019,2020,0,0,1,0,0,11,DEM,GO,Dr. Zacharias Calil,00000000000007,SERVIÇOS POSTAIS,,CORREIOS - CARTA REGISTRADA COM AR,RSP : 2297905,,,14.2,0,14.2,
56,2020-03-12 12:00:15,0,204413,1,419,3409,2019,2020,0,0,3,0,0,11,PATRIOTA,GO,Alcides Rodrigues,00000000000007,SERVIÇOS POSTAIS,,CORREIOS - CARTA REGISTRADA,RSP : 2304177,,,8.4,0,8.4,
56,2020-03-05 14:48:13,0,204419,1,426,3238,2019,2020,0,0,3,0,0,11,PSC,GO,Glaustin Fokus,00000000000007,SERVIÇOS POSTAIS,,CORREIOS - CARTA COMERCIAL,RSP : 2303709,,,1754.8,0,1754.8,
56,2020-03-12 15:27:01,0,204419,1,426,3238,2019,2020,0,0,3,0,0,11,PSC,GO,Glaustin Fokus,00000000000007,SERVIÇOS POSTAIS,,CORREIOS - CARTA COMERCIAL,RSP : 2304251,,,1016.8,0,1016.8,
