56,2020-02-13 17:09:08,0,66179,1,282,3163,2019,2020,0,0,2,0,0,11,DEM,ES,Norma Ayub,00000000000007,SERVIÇOS POSTAIS,,CORREIOS - CAIXA DE ENCOMENDAS BÁSICA/CONVENCIONAL,RSP : 2300332,,,13,0,13,
56,2020-02-13 17:09:42,0,66179,1,282,3163,2019,2020,0,0,2,0,0,11,DEM,ES,Norma Ayub,00000000000007,SERVIÇOS POSTAIS,,CORREIOS - ENCOMENDA PAC,RSP : 2300331,,,54.04,0,54.04,
56,2020-03-11 13:53:45,0,66179,1,282,3163,2019,2020,0,0,3,0,0,11,DEM,ES,Norma Ayub,00000000000007,SERVIÇOS POSTAIS,,CORREIOS - ENCOMENDA PAC,RSP : 2302492,,,47.5,0,47.5,
56,2020-02-17 11:53:04,0,66179,1,282,3163,2019,2020,0,0,2,0,0,11,DEM,ES,Norma Ayub,00000000000007,SERVIÇOS POSTAIS,,CORREIOS - SEDEX 10 COM AR,RSP : 2300626,,,72.65,0,72.65,
56,2020-02-18 17:09:47,0,66179,1,282,3163,2019,2020,0,0,2,0,0,11,DEM,ES,Norma Ayub,00000000000007,SERVIÇOS POSTAIS,,CORREIOS - SEDEX 10 COM AR,RSP : 2301821,,,72.65,0,72.65,
56,2020-02-05 18:06:11,0,66179,1,282,3163,2019,2020,0,0,2,0,0,11,DEM,ES,Norma Ayub,00000000000007,SERVIÇOS POSTAIS,,CORREIOS - SEDEX CONVENCIONAL,RSP : 2299816,,,53.19,0,53.19,
56,2020-02-11 17:37:46,0,66179,1,282,3163,2019,2020,0,0,2,0,0,11,DEM,ES,Norma Ayub,00000000000007,SERVIÇOS POSTAIS,,CORREIOS - SEDEX CONVENCIONAL,RSP : 2300203,,,91.18,0,91.18,
56,2020-02-12 14:54:35,0,66179,1,282,3163,2019,2020,0,0,2,0,0,11,DEM,ES,Norma Ayub,00000000000007,SERVIÇOS POSTAIS,,CORREIOS - SEDEX CONVENCIONAL,RSP : 2300228,,,45.59,0,45.59,
56,2020-02-19 11:16:23,0,66179,1,282,3163,2019,2020,0,0,2,0,0,11,DEM,ES,Norma Ayub,00000000000007,SERVIÇOS POSTAIS,,CORREIOS - SEDEX CONVENCIONAL,RSP : 2301886,,,38.43,0,38.43,
56,2020-02-19 16:57:17,0,66179,1,282,3163,2019,2020,0,0,2,0,0,11,DEM,ES,Norma Ayub,00000000000007,SERVIÇOS POSTAIS,,CORREIOS - SEDEX CONVENCIONAL,RSP : 2301955,,,160.66,0,160.66,
56,2020-02-11 17:44:33,0,66179,1,282,3163,2019,2020,0,0,2,0,0,11,DEM,ES,Norma Ayub,00000000000007,SERVIÇOS POSTAIS,,CORREIOS - TELEGRAMA,RSP : 2300131,,,12.36,0,12.36,
56,2020-02-13 18:21:50,0,66179,1,282,3163,2019,2020,0,0,2,0,0,11,DEM,ES,Norma Ayub,00000000000007,SERVIÇOS POSTAIS,,CORREIOS - TELEGRAMA,RSP : 2300354,,,24.72,0,24.72,
56,2020-02-04 15:54:09,0,81297,1,277,3403,2019,2020,0,0,2,0,0,11,PSL,ES,Dra. Soraya Manato,00000000000007,SERVIÇOS POSTAIS,,CORREIOS - CARTA COMERCIAL,RSP : 2299714,,,10.1,0,10.1,
56,2020-02-11 15:38:56,0,81297,1,277,3403,2019,2020,0,0,2,0,0,11,PSL,ES,Dra. Soraya Manato,00000000000007,SERVIÇOS POSTAIS,,CORREIOS - CARTA COMERCIAL,RSP : 2300148,,,20.2,0,20.2,
56,2020-03-09 13:50:23,0,81297,1,277,3403,2019,2020,0,0,3,0,0,11,PSL,ES,Dra. Soraya Manato,00000000000007,SERVIÇOS POSTAIS,,CORREIOS - CARTA COMERCIAL,RSP : 2303868,,,10.1,0,10.1,
56,2020-02-10 13:21:48,0,81297,1,277,3403,2019,2020,0,0,2,0,0,11,PSL,ES,Dra. Soraya Manato,00000000000007,SERVIÇOS POSTAIS,,CORREIOS - SEDEX CONVENCIONAL,RSP : 2300072,,,59.8,0,59.8,
56,2020-03-03 11:40:47,0,81297,1,277,3403,2019,2020,0,0,3,0,0,11,PSL,ES,Dra. Soraya Manato,00000000000007,SERVIÇOS POSTAIS,,CORREIOS - SEDEX CONVENCIONAL,RSP : 2302452,,,52.16,0,52.16,
56,2020-01-20 00:00:00,1724363,81297,0,277,3403,2019,2020,0,0,1,0,0,999,PSL,ES,Dra. Soraya Manato,02012862000160,Emissão Bilhete Aéreo,,Cia Aérea - TAM,Bilhete: 957-2123.363482,Dra. Soraya Manato,VIX/CGH,1060.85,0,1060.85,
56,2020-01-20 00:00:00,1724366,81297,0,277,3403,2019,2020,0,0,1,0,0,999,PSL,ES,Dra. Soraya Manato,02012862000160,Emissão Bilhete Aéreo,,Cia Aérea - TAM,Bilhete: 957-2123.365350,Dra. Soraya Manato,VIX/CGH/BSB,709.85,0,709.85,
56,2020-01-20 00:00:00,1724368,81297,0,277,3403,2019,2020,0,0,1,0,0,999,PSL,ES,Dra. Soraya Manato,02012862000160,Emissão Bilhete Aéreo,,Cia Aérea - TAM,Bilhete: 957-2123.365778,Dra. Soraya Manato,BSB/CGH/VIX,540.57,0,540.57,
56,2020-01-20 00:00:00,1724371,81297,0,277,3403,2019,2020,0,0,1,0,0,999,PSL,ES,Dra. Soraya Manato,02012862000160,Emissão Bilhete Aéreo,,Cia Aérea - TAM,Bilhete: 957-2123.367307,Dra. Soraya Manato,VIX/CGH/BSB,447.85,0,447.85,
56,2020-01-20 00:00:00,1724372,81297,0,277,3403,2019,2020,0,0,1,0,0,999,PSL,ES,Dra. Soraya Manato,02012862000160,Emissão Bilhete Aéreo,,Cia Aérea - TAM,Bilhete: 957-2123.367544,Dra. Soraya Manato,BSB/CGH/VIX,540.57,0,540.57,
56,2020-01-20 00:00:00,1724436,81297,0,277,3403,2019,2020,0,0,1,0,0,999,PSL,ES,Dra. Soraya Manato,02012862000160,Emissão Bilhete Aéreo,,Cia Aérea - TAM,Bilhete: 957-2123.446911,Dra. Soraya Manato,VIX/CGH/BSB,447.85,0,447.85,
56,2020-02-10 18:04:14,0,160534,1,281,2355,2019,2020,0,0,2,0,0,11,PL,ES,Lauriete,00000000000007,SERVIÇOS POSTAIS,,CORREIOS - CARTA COMERCIAL,RSP : 2300140,,,209.1,0,209.1,
56,2020-02-13 15:19:38,0,160534,1,281,2355,2019,2020,0,0,2,0,0,11,PL,ES,Lauriete,00000000000007,SERVIÇOS POSTAIS,,CORREIOS - CARTA COMERCIAL,RSP : 2300384,,,110.7,0,110.7,
56,2020-02-19 11:35:11,0,160534,1,281,2355,2019,2020,0,0,2,0,0,11,PL,ES,Lauriete,00000000000007,SERVIÇOS POSTAIS,,CORREIOS - CARTA COMERCIAL,RSP : 2301853,,,45.1,0,45.1,
56,2020-02-19 16:56:56,0,160534,1,281,2355,2019,2020,0,0,2,0,0,11,PL,ES,Lauriete,00000000000007,SERVIÇOS POSTAIS,,CORREIOS - CARTA COMERCIAL,RSP : 2301948,,,30.75,0,30.75,
56,2020-02-13 15:19:12,0,160534,1,281,2355,2019,2020,0,0,2,0,0,11,PL,ES,Lauriete,00000000000007,SERVIÇOS POSTAIS,,CORREIOS - SEDEX CONVENCIONAL,RSP : 2300386,,,360.94,0,360.94,
56,2020-01-29 16:33:26,0,160534,1,281,2355,2019,2020,0,0,1,0,0,11,PL,ES,Lauriete,00000000000007,SERVIÇOS POSTAIS,,CORREIOS - SEDEX CONVENCIONAL COM AR,RSP : 2299491,,,168.19,0,168.19,
56,2020-01-31 14:26:21,0,178871,1,274,2984,2019,2020,0,0,1,0,0,11,PP,ES,Evair Vieira de Melo,00000000000007,SERVIÇOS POSTAIS,,CORREIOS - CARTA COMERCIAL,RSP : 2299582,,,2.85,0,2.85,
56,2020-01-23 12:43:13,0,178871,1,274,2984,2019,2020,0,0,1,0,0,11,PP,ES,Evair Vieira de Melo,00000000000007,SERVIÇOS POSTAIS,,CORREIOS - ENCOMENDA PAC,RSP : 2298214,,,88.94,0,88.94,
56,2020-02-17 10:57:13,0,178871,1,274,2984,2019,2020,0,0,2,0,0,11,PP,ES,Evair Vieira de Melo,00000000000007,SERVIÇOS POSTAIS,,CORREIOS - ENCOMENDA PAC,RSP : 2300604,,,58.73,0,58.73,
56,2020-02-27 11:28:25,0,178871,1,274,2984,2019,2020,0,0,2,0,0,11,PP,ES,Evair Vieira de Melo,00000000000007,SERVIÇOS POSTAIS,,CORREIOS - ENCOMENDA PAC,RSP : 2302205,,,96.9,0,96.9,
56,2020-02-06 14:25:17,0,178871,1,274,2984,2019,2020,0,0,2,0,0,11,PP,ES,Evair Vieira de Melo,00000000000007,SERVIÇOS POSTAIS,,CORREIOS - SEDEX CONVENCIONAL,RSP : 2299940,,,70.97,0,70.97,
56,2020-02-19 11:11:11,0,178871,1,274,2984,2019,2020,0,0,2,0,0,11,PP,ES,Evair Vieira de Melo,00000000000007,SERVIÇOS POSTAIS,,CORREIOS - SEDEX CONVENCIONAL,RSP : 2301854,,,42.26,0,42.26,
56,2020-01-09 00:00:00,1723937,178871,0,274,2984,2019,2020,0,0,1,0,0,999,PP,ES,Evair Vieira de Melo,02012862000160,Emissão Bilhete Aéreo,,Cia Aérea - TAM,Bilhete: 957-2122.227830,Evair Vieira de Melo,BSB/VIX,863.57,0,863.57,
56,2020-01-09 00:00:00,1723938,178871,0,274,2984,2019,2020,0,0,1,0,0,999,PP,ES,Evair Vieira de Melo,02012862000160,Emissão Bilhete Aéreo,,Cia Aérea - TAM,Bilhete: 957-2122.227848,Evair Vieira de Melo,BSB/VIX,372.57,0,372.57,
56,2020-01-09 00:00:00,1723939,178871,0,274,2984,2019,2020,0,0,1,0,0,999,PP,ES,Evair Vieira de Melo,02012862000160,Emissão Bilhete Aéreo,,Cia Aérea - TAM,Bilhete: 957-2122.227890,Evair Vieira de Melo,BSB/VIX,329.57,0,329.57,
56,2020-01-09 00:00:00,1723940,178871,0,274,2984,2019,2020,0,0,1,0,0,999,PP,ES,Evair Vieira de Melo,02012862000160,Emissão Bilhete Aéreo,,Cia Aérea - TAM,Bilhete: 957-2122.227931,Evair Vieira de Melo,VIX/BSB,374.85,0,374.85,
56,2020-01-09 00:00:00,1723941,178871,0,274,2984,2019,2020,0,0,1,0,0,999,PP,ES,Evair Vieira de Melo,02012862000160,Emissão Bilhete Aéreo,,Cia Aérea - TAM,Bilhete: 957-2122.227964,Evair Vieira de Melo,VIX/BSB,407.85,0,407.85,
56,2020-01-09 00:00:00,1723942,178871,0,274,2984,2019,2020,0,0,1,0,0,999,PP,ES,Evair Vieira de Melo,02012862000160,Emissão Bilhete Aéreo,,Cia Aérea - TAM,Bilhete: 957-2122.228811,Evair Vieira de Melo,VIX/BSB,470.85,0,470.85,
56,2020-01-09 00:00:00,1723943,178871,0,274,2984,2019,2020,0,0,1,0,0,999,PP,ES,Evair Vieira de Melo,02012862000160,Emissão Bilhete Aéreo,,Cia Aérea - TAM,Bilhete: 957-2122.228834,Evair Vieira de Melo,VIX/BSB,470.85,0,470.85,
56,2020-01-09 00:00:00,1723944,178871,0,274,2984,2019,2020,0,0,1,0,0,999,PP,ES,Evair Vieira de Melo,02012862000160,Emissão Bilhete Aéreo,,Cia Aérea - TAM,Bilhete: 957-2122.228885,Evair Vieira de Melo,VIX/BSB,470.85,0,470.85,
56,2020-01-09 00:00:00,1723945,178871,0,274,2984,2019,2020,0,0,1,0,0,999,PP,ES,Evair Vieira de Melo,02012862000160,Emissão Bilhete Aéreo,,Cia Aérea - TAM,Bilhete: 957-2122.228946,Evair Vieira de Melo,BSB/VIX,329.57,0,329.57,
56,2020-01-09 00:00:00,1723946,178871,0,274,2984,2019,2020,0,0,1,0,0,999,PP,ES,Evair Vieira de Melo,02012862000160,Emissão Bilhete Aéreo,,Cia Aérea - TAM,Bilhete: 957-2122.228976,Evair Vieira de Melo,BSB/VIX,329.57,0,329.57,
56,2020-01-09 00:00:00,1723947,178871,0,274,2984,2019,2020,0,0,1,0,0,999,PP,ES,Evair Vieira de Melo,02012862000160,Emissão Bilhete Aéreo,,Cia Aérea - TAM,Bilhete: 957-2122.229805,Evair Vieira de Melo,BSB/VIX,329.57,0,329.57,
56,2020-01-10 00:00:00,1724017,178871,0,274,2984,2019,2020,0,0,1,0,0,999,PP,ES,Evair Vieira de Melo,02012862000160,Emissão Bilhete Aéreo,,Cia Aérea - TAM,Bilhete: 957-2122.381597,Evair Vieira de Melo,VIX/BSB,470.85,0,470.85,
56,2020-01-16 00:00:00,1724332,178871,0,274,2984,2019,2020,0,0,1,0,0,999,PP,ES,Evair Vieira de Melo,02012862000160,Emissão Bilhete Aéreo,,Cia Aérea - TAM,Bilhete: 957-2123.023617,Evair Vieira de Melo,CGH/VIX,691.85,0,691.85,
56,2020-01-16 00:00:00,1724333,178871,0,274,2984,2019,2020,0,0,1,0,0,999,PP,ES,Evair Vieira de Melo,02012862000160,Emissão Bilhete Aéreo,,Cia Aérea - TAM,Bilhete: 957-2123.026256,Evair Vieira de Melo,VIX/CGH,811.85,0,811.85,
56,2020-01-06 15:58:01,0,178874,1,283,3046,2019,2020,0,0,1,0,0,11,PDT,ES,Sergio Vidigal,00000000000007,SERVIÇOS POSTAIS,,CORREIOS - CARTA COMERCIAL,RSP : 2297505,,,222.3,0,222.3,
56,2020-01-20 12:13:36,0,178874,1,283,3046,2019,2020,0,0,1,0,0,11,PDT,ES,Sergio Vidigal,00000000000007,SERVIÇOS POSTAIS,,CORREIOS - CARTA COMERCIAL,RSP : 2297886,,,243,0,243,
56,2020-02-03 12:53:06,0,178874,1,283,3046,2019,2020,0,0,2,0,0,11,PDT,ES,Sergio Vidigal,00000000000007,SERVIÇOS POSTAIS,,CORREIOS - CARTA COMERCIAL,RSP : 2299641,,,231.65,0,231.65,
56,2020-02-14 11:14:10,0,178874,1,283,3046,2019,2020,0,0,2,0,0,11,PDT,ES,Sergio Vidigal,00000000000007,SERVIÇOS POSTAIS,,CORREIOS - CARTA COMERCIAL,RSP : 2300443,,,225.5,0,225.5,
56,2020-02-26 14:04:41,0,178874,1,283,3046,2019,2020,0,0,2,0,0,11,PDT,ES,Sergio Vidigal,00000000000007,SERVIÇOS POSTAIS,,CORREIOS - CARTA COMERCIAL,RSP : 2302144,,,356.7,0,356.7,
56,2020-03-02 13:20:59,0,178874,1,283,3046,2019,2020,0,0,3,0,0,11,PDT,ES,Sergio Vidigal,00000000000007,SERVIÇOS POSTAIS,,CORREIOS - CARTA COMERCIAL,RSP : 2302365,,,108.65,0,108.65,
56,2020-03-06 16:41:00,0,178874,1,283,3046,2019,2020,0,0,3,0,0,11,PDT,ES,Sergio Vidigal,00000000000007,SERVIÇOS POSTAIS,,CORREIOS - CARTA COMERCIAL,RSP : 2303828,,,37.05,0,37.05,
56,2020-03-09 13:18:23,0,178874,1,283,3046,2019,2020,0,0,3,0,0,11,PDT,ES,Sergio Vidigal,00000000000007,SERVIÇOS POSTAIS,,CORREIOS - CARTA COMERCIAL,RSP : 2303890,,,247.65,0,247.65,
56,2020-02-26 14:16:11,0,178874,1,283,3046,2019,2020,0,0,2,0,0,11,PDT,ES,Sergio Vidigal,00000000000007,SERVIÇOS POSTAIS,,CORREIOS - CARTA REGISTRADA COM AR,RSP : 2302140,,,590.9,0,590.9,
56,2020-01-28 14:54:02,0,178874,1,283,3046,2019,2020,0,0,1,0,0,11,PDT,ES,Sergio Vidigal,00000000000007,SERVIÇOS POSTAIS,,CORREIOS - SEDEX 10,RSP : 2299371,,,66.3,0,66.3,
56,2020-03-02 13:19:51,0,178874,1,283,3046,2019,2020,0,0,3,0,0,11,PDT,ES,Sergio Vidigal,00000000000007,SERVIÇOS POSTAIS,,CORREIOS - SEDEX 10 COM AR,RSP : 2302362,,,72.65,0,72.65,
56,2020-02-14 11:42:19,0,178874,1,283,3046,2019,2020,0,0,2,0,0,11,PDT,ES,Sergio Vidigal,00000000000007,SERVIÇOS POSTAIS,,CORREIOS - SEDEX CONVENCIONAL,RSP : 2300447,,,45.59,0,45.59,
56,2020-02-21 16:11:49,0,178874,1,283,3046,2019,2020,0,0,2,0,0,11,PDT,ES,Sergio Vidigal,00000000000007,SERVIÇOS POSTAIS,,CORREIOS - SEDEX CONVENCIONAL,RSP : 2302142,,,45.59,0,45.59,
56,2020-01-09 16:14:23,0,178874,1,283,3046,2019,2020,0,0,1,0,0,11,PDT,ES,Sergio Vidigal,00000000000007,SERVIÇOS POSTAIS,,CORREIOS - SEDEX CONVENCIONAL COM AR,RSP : 2297676,,,41.21,0,41.21,
56,2020-02-17 13:10:12,0,178874,1,283,3046,2019,2020,0,0,2,0,0,11,PDT,ES,Sergio Vidigal,00000000000007,SERVIÇOS POSTAIS,,CORREIOS - SEDEX CONVENCIONAL COM AR,RSP : 2300640,,,51.94,0,51.94,
56,2020-02-21 16:11:13,0,178874,1,283,3046,2019,2020,0,0,2,0,0,11,PDT,ES,Sergio Vidigal,00000000000007,SERVIÇOS POSTAIS,,CORREIOS - SEDEX CONVENCIONAL COM AR,RSP : 2302141,,,103.88,0,103.88,
56,2020-02-14 16:07:40,0,204355,1,276,3256,2019,2020,0,0,2,0,0,11,CIDADANIA,ES,Da Vitoria,00000000000007,SERVIÇOS POSTAIS,,CORREIOS - ENCOMENDA PAC,RSP : 2300533,,,261.93,0,261.93,
56,2020-03-09 15:18:45,0,204355,1,276,3256,2019,2020,0,0,3,0,0,11,CIDADANIA,ES,Da Vitoria,00000000000007,SERVIÇOS POSTAIS,,CORREIOS - ENCOMENDA PAC,RSP : 2303904,,,56.41,0,56.41,
56,2020-02-11 17:29:30,0,204355,1,276,3256,2019,2020,0,0,2,0,0,11,CIDADANIA,ES,Da Vitoria,00000000000007,SERVIÇOS POSTAIS,,CORREIOS - SEDEX CONVENCIONAL,RSP : 2300196,,,45.59,0,45.59,
56,2020-03-02 16:03:22,0,204355,1,276,3256,2019,2020,0,0,3,0,0,11,CIDADANIA,ES,Da Vitoria,00000000000007,SERVIÇOS POSTAIS,,CORREIOS - SEDEX CONVENCIONAL,RSP : 2302403,,,117.31,0,117.31,
56,2020-03-03 16:06:14,0,204355,1,276,3256,2019,2020,0,0,3,0,0,11,CIDADANIA,ES,Da Vitoria,00000000000007,SERVIÇOS POSTAIS,,CORREIOS - SEDEX CONVENCIONAL,RSP : 2302498,,,91.18,0,91.18,
56,2020-03-06 16:39:09,0,204355,1,276,3256,2019,2020,0,0,3,0,0,11,CIDADANIA,ES,Da Vitoria,00000000000007,SERVIÇOS POSTAIS,,CORREIOS - SEDEX CONVENCIONAL,RSP : 2303836,,,47.77,0,47.77,
56,2020-01-24 00:00:00,1724616,204355,0,276,3256,2019,2020,0,0,1,0,0,999,CIDADANIA,ES,Da Vitoria,02012862000160,Emissão Bilhete Aéreo,,Cia Aérea - TAM,Bilhete: 957-2123.844141,JAMILTON CARDOSO,BSB/VIX,963.57,0,963.57,
56,2020-01-24 00:00:00,1724617,204355,0,276,3256,2019,2020,0,0,1,0,0,999,CIDADANIA,ES,Da Vitoria,02012862000160,Emissão Bilhete Aéreo,,Cia Aérea - TAM,Bilhete: 957-2123.845003,JAMILTON DE SOUSA CARDOSO,VIX/BSB,1086.85,0,1086.85,
56,2020-02-19 13:19:25,0,204356,1,275,3270,2019,2020,0,0,2,0,0,11,REPUBLICANOS,ES,Amaro Neto,00000000000007,SERVIÇOS POSTAIS,,CORREIOS - ENCOMENDA PAC,RSP : 2301904,,,45.37,0,45.37,
56,2020-02-19 13:18:46,0,204356,1,275,3270,2019,2020,0,0,2,0,0,11,REPUBLICANOS,ES,Amaro Neto,00000000000007,SERVIÇOS POSTAIS,,CORREIOS - IMPRESSO NORMAL,RSP : 2301901,,,7.8,0,7.8,
56,2020-01-20 15:21:16,0,204356,1,275,3270,2019,2020,0,0,1,0,0,11,REPUBLICANOS,ES,Amaro Neto,00000000000007,SERVIÇOS POSTAIS,,CORREIOS - SEDEX CONVENCIONAL,RSP : 2298060,,,36.94,0,36.94,
56,2020-03-04 17:14:22,0,204356,1,275,3270,2019,2020,0,0,3,0,0,11,REPUBLICANOS,ES,Amaro Neto,00000000000007,SERVIÇOS POSTAIS,,CORREIOS - SEDEX CONVENCIONAL,RSP : 2302655,,,145.87,0,145.87,
56,2020-01-02 12:11:16,0,206231,1,531,3444,2019,2020,0,0,1,0,0,11,PSB,ES,Ted Conti,00000000000007,SERVIÇOS POSTAIS,,CORREIOS - ENCOMENDA PAC,RSP : 2297380,,,167.05,0,167.05,
56,2020-01-03 16:13:32,0,206231,1,531,3444,2019,2020,0,0,1,0,0,11,PSB,ES,Ted Conti,00000000000007,SERVIÇOS POSTAIS,,CORREIOS - ENCOMENDA PAC,RSP : 2297402,,,106.8,0,106.8,
56,2020-01-08 13:12:42,0,206231,1,531,3444,2019,2020,0,0,1,0,0,11,PSB,ES,Ted Conti,00000000000007,SERVIÇOS POSTAIS,,CORREIOS - ENCOMENDA PAC,RSP : 2297600,,,100.15,0,100.15,
56,2020-02-06 17:17:34,0,206231,1,531,3444,2019,2020,0,0,2,0,0,11,PSB,ES,Ted Conti,00000000000007,SERVIÇOS POSTAIS,,CORREIOS - ENCOMENDA PAC,RSP : 2299955,,,128.67,0,128.67,
56,2020-02-18 13:57:39,0,206231,1,531,3444,2019,2020,0,0,2,0,0,11,PSB,ES,Ted Conti,00000000000007,SERVIÇOS POSTAIS,,CORREIOS - ENCOMENDA PAC,RSP : 2301778,,,103.48,0,103.48,
56,2020-03-04 11:13:15,0,206231,1,531,3444,2019,2020,0,0,3,0,0,11,PSB,ES,Ted Conti,00000000000007,SERVIÇOS POSTAIS,,CORREIOS - ENCOMENDA PAC,RSP : 2302495,,,98.39,0,98.39,
56,2020-03-11 12:08:10,0,206231,1,531,3444,2019,2020,0,0,3,0,0,11,PSB,ES,Ted Conti,00000000000007,SERVIÇOS POSTAIS,,CORREIOS - ENCOMENDA PAC,RSP : 2304066,,,172.75,0,172.75,
56,2020-01-20 00:00:00,1724398,206231,0,531,3444,2019,2020,0,0,1,0,0,999,PSB,ES,Ted Conti,02012862000160,Emissão Bilhete Aéreo,,Cia Aérea - TAM,Bilhete: 957-2123.390196,Ted Conti,VIX/BSB,747.85,0,747.85,
56,2020-01-20 00:00:00,1724399,206231,0,531,3444,2019,2020,0,0,1,0,0,999,PSB,ES,Ted Conti,02012862000160,Emissão Bilhete Aéreo,,Cia Aérea - TAM,Bilhete: 957-2123.391164,Ted Conti,BSB/VIX,556.57,0,556.57,
56,2020-01-20 00:00:00,1724400,206231,0,531,3444,2019,2020,0,0,1,0,0,999,PSB,ES,Ted Conti,02012862000160,Emissão Bilhete Aéreo,,Cia Aérea - TAM,Bilhete: 957-2123.391433,Ted Conti,VIX/BSB,470.85,0,470.85,
56,2020-01-20 00:00:00,1724401,206231,0,531,3444,2019,2020,0,0,1,0,0,999,PSB,ES,Ted Conti,02012862000160,Emissão Bilhete Aéreo,,Cia Aérea - TAM,Bilhete: 957-2123.391469,Ted Conti,VIX/BSB,558.85,0,558.85,
56,2020-01-20 00:00:00,1724402,206231,0,531,3444,2019,2020,0,0,1,0,0,999,PSB,ES,Ted Conti,02012862000160,Emissão Bilhete Aéreo,,Cia Aérea - TAM,Bilhete: 957-2123.391531,Ted Conti,BSB/VIX,405.57,0,405.57,
56,2020-01-20 00:00:00,1724403,206231,0,531,3444,2019,2020,0,0,1,0,0,999,PSB,ES,Ted Conti,02012862000160,Emissão Bilhete Aéreo,,Cia Aérea - TAM,Bilhete: 957-2123.391587,Ted Conti,BSB/VIX,745.57,0,745.57,
56,2020-01-23 00:00:00,1724536,206231,0,531,3444,2019,2020,0,0,1,0,0,999,PSB,ES,Ted Conti,02012862000160,Emissão Bilhete Aéreo,,Cia Aérea - TAM,Bilhete: 957-2123.722167,Ted Conti,VIX/BSB,407.85,0,407.85,
56,2020-01-23 00:00:00,1724537,206231,0,531,3444,2019,2020,0,0,1,0,0,999,PSB,ES,Ted Conti,02012862000160,Emissão Bilhete Aéreo,,Cia Aérea - TAM,Bilhete: 957-2123.723025,Ted Conti,VIX/BSB,374.85,0,374.85,
56,2020-01-23 00:00:00,1724538,206231,0,531,3444,2019,2020,0,0,1,0,0,999,PSB,ES,Ted Conti,02012862000160,Emissão Bilhete Aéreo,,Cia Aérea - TAM,Bilhete: 957-2123.723092,Ted Conti,VIX/BSB,374.85,0,374.85,
56,2020-01-23 00:00:00,1724539,206231,0,531,3444,2019,2020,0,0,1,0,0,999,PSB,ES,Ted Conti,02012862000160,Emissão Bilhete Aéreo,,Cia Aérea - TAM,Bilhete: 957-2123.723302,Ted Conti,BSB/VIX,372.57,0,372.57,
56,2020-01-23 00:00:00,1724540,206231,0,531,3444,2019,2020,0,0,1,0,0,999,PSB,ES,Ted Conti,02012862000160,Emissão Bilhete Aéreo,,Cia Aérea - TAM,Bilhete: 957-2123.723338,Ted Conti,BSB/VIX,372.57,0,372.57,
56,2020-01-23 00:00:00,1724541,206231,0,531,3444,2019,2020,0,0,1,0,0,999,PSB,ES,Ted Conti,02012862000160,Emissão Bilhete Aéreo,,Cia Aérea - TAM,Bilhete: 957-2123.723372,Ted Conti,BSB/VIX,372.57,0,372.57,
56,2020-01-23 00:00:00,1724542,206231,0,531,3444,2019,2020,0,0,1,0,0,999,PSB,ES,Ted Conti,02012862000160,Emissão Bilhete Aéreo,,Cia Aérea - TAM,Bilhete: 957-2123.723739,Ted Conti,VIX/BSB,331.85,0,331.85,
56,2020-01-23 00:00:00,1724543,206231,0,531,3444,2019,2020,0,0,1,0,0,999,PSB,ES,Ted Conti,02012862000160,Emissão Bilhete Aéreo,,Cia Aérea - TAM,Bilhete: 957-2123.723782,Ted Conti,VIX/BSB,470.85,0,470.85,
56,2020-01-23 00:00:00,1724544,206231,0,531,3444,2019,2020,0,0,1,0,0,999,PSB,ES,Ted Conti,02012862000160,Emissão Bilhete Aéreo,,Cia Aérea - TAM,Bilhete: 957-2123.724409,Ted Conti,BSB/VIX,329.57,0,329.57,
