55,2018-02-09 00:00:00,0,4931,0,408,1974,2015,2018,0,0,1,0,0,10,PSDB,DF,IZALCI LUCAS,00000000000001,TELEFONIA,,CELULAR FUNCIONAL,6679425,,,61.38,0,61.38,
55,2018-03-23 00:00:00,0,4931,0,408,1974,2015,2018,0,0,2,0,0,10,PSDB,DF,IZALCI LUCAS,00000000000001,TELEFONIA,,CELULAR FUNCIONAL,6679440,,,61.38,0,61.38,
55,2018-04-18 00:00:00,0,4931,0,408,1974,2015,2018,0,0,3,0,0,10,PSDB,DF,IZALCI LUCAS,00000000000001,TELEFONIA,,CELULAR FUNCIONAL,6679449,,,61.38,0,61.38,
55,2018-05-11 00:00:00,0,4931,0,408,1974,2015,2018,0,0,4,0,0,10,PSDB,DF,IZALCI LUCAS,00000000000001,TELEFONIA,,CELULAR FUNCIONAL,6679454,,,61.38,0,61.38,
55,2018-06-18 00:00:00,0,4931,0,408,1974,2015,2018,0,0,5,0,0,10,PSDB,DF,IZALCI LUCAS,00000000000001,TELEFONIA,,CELULAR FUNCIONAL,6679456,,,62.12,0,62.12,
55,2018-07-17 00:00:00,0,4931,0,408,1974,2015,2018,0,0,6,0,0,10,PSDB,DF,IZALCI LUCAS,00000000000001,TELEFONIA,,CELULAR FUNCIONAL,6679461,,,62.28,0,62.28,
55,2018-08-16 00:00:00,0,4931,0,408,1974,2015,2018,0,0,7,0,0,10,PSDB,DF,IZALCI LUCAS,00000000000001,TELEFONIA,,CELULAR FUNCIONAL,6679463,,,62.3,0,62.3,
55,2018-10-11 00:00:00,0,4931,0,408,1974,2015,2018,0,0,8,0,0,10,PSDB,DF,IZALCI LUCAS,00000000000001,TELEFONIA,,CELULAR FUNCIONAL,6679497,,,62.3,0,62.3,
55,2018-02-09 00:00:00,0,4931,0,408,1974,2015,2018,0,0,1,0,0,10,PSDB,DF,IZALCI LUCAS,00000000000001,TELEFONIA,,CELULAR FUNCIONAL,6679536,,,40.16,0,40.16,
55,2018-03-23 00:00:00,0,4931,0,408,1974,2015,2018,0,0,2,0,0,10,PSDB,DF,IZALCI LUCAS,00000000000001,TELEFONIA,,CELULAR FUNCIONAL,6681344,,,40.16,0,40.16,
55,2018-04-18 00:00:00,0,4931,0,408,1974,2015,2018,0,0,3,0,0,10,PSDB,DF,IZALCI LUCAS,00000000000001,TELEFONIA,,CELULAR FUNCIONAL,6681370,,,40.16,0,40.16,
55,2018-05-11 00:00:00,0,4931,0,408,1974,2015,2018,0,0,4,0,0,10,PSDB,DF,IZALCI LUCAS,00000000000001,TELEFONIA,,CELULAR FUNCIONAL,6681407,,,40.16,0,40.16,
55,2018-06-18 00:00:00,0,4931,0,408,1974,2015,2018,0,0,5,0,0,10,PSDB,DF,IZALCI LUCAS,00000000000001,TELEFONIA,,CELULAR FUNCIONAL,6681433,,,40.16,0,40.16,
55,2018-08-16 00:00:00,0,4931,0,408,1974,2015,2018,0,0,7,0,0,10,PSDB,DF,IZALCI LUCAS,00000000000001,TELEFONIA,,CELULAR FUNCIONAL,6683663,,,40.16,0,40.16,
55,2018-10-23 00:00:00,0,4931,0,408,1974,2015,2018,0,0,9,0,0,10,PSDB,DF,IZALCI LUCAS,00000000000001,TELEFONIA,,CELULAR FUNCIONAL,6691852,,,40.16,0,40.16,
55,2018-10-23 00:00:00,0,4931,0,408,1974,2015,2018,0,0,9,0,0,10,PSDB,DF,IZALCI LUCAS,00000000000001,TELEFONIA,,CELULAR FUNCIONAL,6691934,,,62.3,0,62.3,
55,2018-07-17 00:00:00,0,4931,0,408,1974,2015,2018,0,0,6,0,0,10,PSDB,DF,IZALCI LUCAS,00000000000001,TELEFONIA,,CELULAR FUNCIONAL,6694396,,,40.16,0,40.16,
55,2018-10-23 00:00:00,0,4931,0,408,1974,2015,2018,0,0,8,0,0,10,PSDB,DF,IZALCI LUCAS,00000000000001,TELEFONIA,,CELULAR FUNCIONAL,6694499,,,40.16,0,40.16,
55,2018-11-20 00:00:00,0,4931,0,408,1974,2015,2018,0,0,10,0,0,10,PSDB,DF,IZALCI LUCAS,00000000000001,TELEFONIA,,CELULAR FUNCIONAL,6710039,,,62.3,0,62.3,
55,2018-11-20 00:00:00,0,4931,0,408,1974,2015,2018,0,0,10,0,0,10,PSDB,DF,IZALCI LUCAS,00000000000001,TELEFONIA,,CELULAR FUNCIONAL,6710092,,,40.16,0,40.16,
55,2018-12-18 00:00:00,0,4931,0,408,1974,2015,2018,0,0,11,0,0,10,PSDB,DF,IZALCI LUCAS,00000000000001,TELEFONIA,,CELULAR FUNCIONAL,6739444,,,62.3,0,62.3,
55,2018-12-18 00:00:00,0,4931,0,408,1974,2015,2018,0,0,11,0,0,10,PSDB,DF,IZALCI LUCAS,00000000000001,TELEFONIA,,CELULAR FUNCIONAL,6739450,,,40.16,0,40.16,
55,2019-01-16 00:00:00,0,4931,0,408,1974,2015,2018,0,0,12,0,0,10,PSDB,DF,IZALCI LUCAS,00000000000001,TELEFONIA,,CELULAR FUNCIONAL,6744739,,,62.3,0,62.3,
55,2019-01-16 00:00:00,0,4931,0,408,1974,2015,2018,0,0,12,0,0,10,PSDB,DF,IZALCI LUCAS,00000000000001,TELEFONIA,,CELULAR FUNCIONAL,6744743,,,40.16,0,40.16,
55,2018-03-12 10:45:23,0,73579,1,410,1472,2015,2018,0,0,3,0,0,11,DEM,DF,ALBERTO FRAGA,00000000000007,SERVIÇOS POSTAIS,,CORREIOS - CAIXA DE ENCOMENDAS BÁSICA/CONVENCIONAL,RSP : 2237992,,,7.5,0,7.5,
55,2018-03-27 17:47:33,0,73579,1,410,1472,2015,2018,0,0,3,0,0,11,DEM,DF,ALBERTO FRAGA,00000000000007,SERVIÇOS POSTAIS,,CORREIOS - CAIXA DE ENCOMENDAS BÁSICA/CONVENCIONAL,RSP : 2239686,,,7.5,0,7.5,
55,2018-02-26 17:07:43,0,73579,1,410,1472,2015,2018,0,0,2,0,0,11,DEM,DF,ALBERTO FRAGA,00000000000007,SERVIÇOS POSTAIS,,CORREIOS - CARTA COMERCIAL,RSP : 2236493,,,166.85,0,166.85,
55,2018-02-28 14:32:26,0,73579,1,410,1472,2015,2018,0,0,2,0,0,11,DEM,DF,ALBERTO FRAGA,00000000000007,SERVIÇOS POSTAIS,,CORREIOS - CARTA COMERCIAL,RSP : 2236711,,,3.55,0,3.55,
55,2018-02-20 15:30:30,0,73579,1,410,1472,2015,2018,0,0,2,0,0,11,DEM,DF,ALBERTO FRAGA,00000000000007,SERVIÇOS POSTAIS,,CORREIOS - SEDEX CONVENCIONAL,RSP : 2235792,,,22.33,0,22.33,
55,2018-03-12 10:46:12,0,73579,1,410,1472,2015,2018,0,0,3,0,0,11,DEM,DF,ALBERTO FRAGA,00000000000007,SERVIÇOS POSTAIS,,CORREIOS - SEDEX CONVENCIONAL,RSP : 2237995,,,69.67,0,69.67,
55,2018-03-27 16:12:43,0,73579,1,410,1472,2015,2018,0,0,3,0,0,11,DEM,DF,ALBERTO FRAGA,00000000000007,SERVIÇOS POSTAIS,,CORREIOS - SEDEX CONVENCIONAL,RSP : 2239688,,,87.8,0,87.8,
55,2018-10-31 18:04:21,0,73579,1,410,1472,2015,2018,0,0,10,0,0,11,DEM,DF,ALBERTO FRAGA,00000000000007,SERVIÇOS POSTAIS,,CORREIOS - SEDEX CONVENCIONAL,RSP : 2259313,,,71.8,0,71.8,
55,2018-01-08 00:00:00,1520832,73579,0,410,1472,2015,2018,0,0,1,0,0,999,DEM,DF,ALBERTO FRAGA,02575829000148,Emissão Bilhete Aéreo,,Cia Aérea - AVIANCA,Bilhete: 2434606577,ALBERTO FRAGA,AJU/BSB,618.49,0,618.49,
55,2018-03-15 15:01:13,0,73655,1,411,359,2015,2018,0,0,3,0,0,11,SOLIDARIEDADE,DF,AUGUSTO CARVALHO,00000000000007,SERVIÇOS POSTAIS,,CORREIOS - SEDEX CONVENCIONAL,RSP : 2238451,,,48.8,0,48.8,
55,2018-08-08 15:36:24,0,73655,1,411,359,2015,2018,0,0,8,0,0,11,SOLIDARIEDADE,DF,AUGUSTO CARVALHO,00000000000007,SERVIÇOS POSTAIS,,CORREIOS - SEDEX CONVENCIONAL,RSP : 2252805,,,38.21,0,38.21,
55,2018-11-13 00:00:00,1619882,73655,0,411,359,2015,2018,0,0,11,0,0,999,SOLIDARIEDADE,DF,AUGUSTO CARVALHO,02012862000160,Emissão Bilhete Aéreo,,Cia Aérea - TAM,Bilhete: 957-2183.543165,AUGUSTO CARVALHO,BSB/MAO/BSB,3150.66,0,3150.66,
55,2018-08-16 00:00:00,0,92355,0,613,2353,2015,2018,0,0,7,0,0,10,PRB,DF,VITOR PAULO,00000000000001,TELEFONIA,,CELULAR FUNCIONAL,6683663,,,131.6,0,131.6,
55,2018-10-23 00:00:00,0,92355,0,613,2353,2015,2018,0,0,9,0,0,10,PRB,DF,VITOR PAULO,00000000000001,TELEFONIA,,CELULAR FUNCIONAL,6691852,,,100.64,0,100.64,
55,2018-07-17 00:00:00,0,92355,0,613,2353,2015,2018,0,0,7,0,0,10,PRB,DF,VITOR PAULO,00000000000001,TELEFONIA,,CELULAR FUNCIONAL,6694396,,,0.2,0,0.2,
55,2018-07-17 00:00:00,0,92355,0,613,2353,2015,2018,0,0,6,0,0,10,PRB,DF,VITOR PAULO,00000000000001,TELEFONIA,,CELULAR FUNCIONAL,6694396,,,109.49,0,109.49,
55,2018-10-23 00:00:00,0,92355,0,613,2353,2015,2018,0,0,8,0,0,10,PRB,DF,VITOR PAULO,00000000000001,TELEFONIA,,CELULAR FUNCIONAL,6694499,,,80.32,0,80.32,
55,2018-11-20 00:00:00,0,92355,0,613,2353,2015,2018,0,0,11,0,0,10,PRB,DF,VITOR PAULO,00000000000001,TELEFONIA,,CELULAR FUNCIONAL,6710092,,,0.58,0,0.58,
55,2018-11-20 00:00:00,0,92355,0,613,2353,2015,2018,0,0,10,0,0,10,PRB,DF,VITOR PAULO,00000000000001,TELEFONIA,,CELULAR FUNCIONAL,6710092,,,120.16,0,120.16,
55,2018-12-18 00:00:00,0,92355,0,613,2353,2015,2018,0,0,11,0,0,10,PRB,DF,VITOR PAULO,00000000000001,TELEFONIA,,CELULAR FUNCIONAL,6739450,,,94.18,0,94.18,
55,2019-01-16 00:00:00,0,92355,0,613,2353,2015,2018,0,0,11,0,0,10,PRB,DF,VITOR PAULO,00000000000001,TELEFONIA,,CELULAR FUNCIONAL,6744743,,,6.14,0,6.14,
55,2019-01-16 00:00:00,0,92355,0,613,2353,2015,2018,0,0,12,0,0,10,PRB,DF,VITOR PAULO,00000000000001,TELEFONIA,,CELULAR FUNCIONAL,6744743,,,74.8,0,74.8,
55,2018-10-19 17:16:41,0,92355,1,613,2353,2015,2018,0,0,10,0,0,11,PRB,DF,VITOR PAULO,00000000000007,SERVIÇOS POSTAIS,,CORREIOS - SEDEX 10,RSP : 2258572,,,69.3,0,69.3,
55,2018-09-11 13:02:19,0,92355,1,613,2353,2015,2018,0,0,9,0,0,11,PRB,DF,VITOR PAULO,00000000000007,SERVIÇOS POSTAIS,,CORREIOS - SEDEX CONVENCIONAL,RSP : 2256228,,,36.76,0,36.76,
55,2018-02-09 00:00:00,0,160426,0,413,2031,2015,2018,0,0,1,0,0,10,PSD,DF,ROGÉRIO ROSSO,00000000000001,TELEFONIA,,CELULAR FUNCIONAL,6679536,,,705.7,0,705.7,
55,2018-03-23 00:00:00,0,160426,0,413,2031,2015,2018,0,0,3,0,0,10,PSD,DF,ROGÉRIO ROSSO,00000000000001,TELEFONIA,,CELULAR FUNCIONAL,6681344,,,0.08,0,0.08,
55,2018-03-23 00:00:00,0,160426,0,413,2031,2015,2018,0,0,2,0,0,10,PSD,DF,ROGÉRIO ROSSO,00000000000001,TELEFONIA,,CELULAR FUNCIONAL,6681344,,,509.77,0,509.77,
55,2018-04-18 00:00:00,0,160426,0,413,2031,2015,2018,0,0,3,0,0,10,PSD,DF,ROGÉRIO ROSSO,00000000000001,TELEFONIA,,CELULAR FUNCIONAL,6681370,,,436.81,0,436.81,
55,2018-05-11 00:00:00,0,160426,0,413,2031,2015,2018,0,0,5,0,0,10,PSD,DF,ROGÉRIO ROSSO,00000000000001,TELEFONIA,,CELULAR FUNCIONAL,6681407,,,0.43,0,0.43,
55,2018-05-11 00:00:00,0,160426,0,413,2031,2015,2018,0,0,3,0,0,10,PSD,DF,ROGÉRIO ROSSO,00000000000001,TELEFONIA,,CELULAR FUNCIONAL,6681407,,,3.16,0,3.16,
55,2018-05-11 00:00:00,0,160426,0,413,2031,2015,2018,0,0,4,0,0,10,PSD,DF,ROGÉRIO ROSSO,00000000000001,TELEFONIA,,CELULAR FUNCIONAL,6681407,,,439.21,0,439.21,
55,2018-06-18 00:00:00,0,160426,0,413,2031,2015,2018,0,0,5,0,0,10,PSD,DF,ROGÉRIO ROSSO,00000000000001,TELEFONIA,,CELULAR FUNCIONAL,6681433,,,393.27,0,393.27,
55,2018-08-16 00:00:00,0,160426,0,413,2031,2015,2018,0,0,7,0,0,10,PSD,DF,ROGÉRIO ROSSO,00000000000001,TELEFONIA,,CELULAR FUNCIONAL,6683663,,,417.66,0,417.66,
55,2018-07-17 00:00:00,0,160426,0,413,2031,2015,2018,0,0,7,0,0,10,PSD,DF,ROGÉRIO ROSSO,00000000000001,TELEFONIA,,CELULAR FUNCIONAL,6694396,,,0.67,0,0.67,
55,2018-07-17 00:00:00,0,160426,0,413,2031,2015,2018,0,0,5,0,0,10,PSD,DF,ROGÉRIO ROSSO,00000000000001,TELEFONIA,,CELULAR FUNCIONAL,6694396,,,3.57,0,3.57,
55,2018-07-17 00:00:00,0,160426,0,413,2031,2015,2018,0,0,6,0,0,10,PSD,DF,ROGÉRIO ROSSO,00000000000001,TELEFONIA,,CELULAR FUNCIONAL,6694396,,,432.36,0,432.36,
55,2018-10-23 00:00:00,0,160426,0,413,2031,2015,2018,0,0,8,0,0,10,PSD,DF,ROGÉRIO ROSSO,00000000000001,TELEFONIA,,CELULAR FUNCIONAL,6694499,,,240.96,0,240.96,
55,2018-02-20 17:45:30,0,160426,1,413,2031,2015,2018,0,0,2,0,0,11,PSD,DF,ROGÉRIO ROSSO,00000000000007,SERVIÇOS POSTAIS,,CORREIOS - IMPRESSO NORMAL,RSP : 2235754,,,332.35,0,332.35,
55,2018-03-16 12:10:42,0,160426,1,413,2031,2015,2018,0,0,3,0,0,11,PSD,DF,ROGÉRIO ROSSO,00000000000007,SERVIÇOS POSTAIS,,CORREIOS - IMPRESSO NORMAL,RSP : 2238419,,,173.4,0,173.4,
55,2018-04-18 17:03:36,0,160426,1,413,2031,2015,2018,0,0,4,0,0,11,PSD,DF,ROGÉRIO ROSSO,00000000000007,SERVIÇOS POSTAIS,,CORREIOS - IMPRESSO NORMAL,RSP : 2241829,,,260.1,0,260.1,
55,2018-06-08 15:58:57,0,160426,1,413,2031,2015,2018,0,0,6,0,0,11,PSD,DF,ROGÉRIO ROSSO,00000000000007,SERVIÇOS POSTAIS,,CORREIOS - IMPRESSO NORMAL,RSP : 2247498,,,82.8,0,82.8,
55,2018-05-16 17:32:59,0,160426,1,413,2031,2015,2018,0,0,5,0,0,11,PSD,DF,ROGÉRIO ROSSO,00000000000007,SERVIÇOS POSTAIS,,CORREIOS - SEDEX CONVENCIONAL,RSP : 2244555,,,33.76,0,33.76,
55,2018-02-02 00:00:00,1531661,160426,0,413,2031,2015,2018,0,0,2,0,0,999,PSD,DF,ROGÉRIO ROSSO,07575651000159,Emissão Bilhete Aéreo,,Cia Aérea - GOL,Bilhete: XC3UTE,ROGÉRIO ROSSO,BSB/CGH/BSB,1439.73,0,1439.73,
55,2018-02-06 00:00:00,1532759,160426,0,413,2031,2015,2018,0,0,2,0,0,999,PSD,DF,ROGÉRIO ROSSO,07575651000159,Emissão Bilhete Aéreo,,Cia Aérea - GOL,Comp-XC3UTE,ROGÉRIO ROSSO,BSB/CGH,-560.8,0,-560.8,
55,2018-02-05 00:00:00,1536693,160426,0,413,2031,2015,2018,0,0,2,0,0,999,PSD,DF,ROGÉRIO ROSSO,02012862000160,Emissão Bilhete Aéreo,,Cia Aérea - TAM,Bilhete: 957-2161.584124,ROGÉRIO ROSSO,CGH/BSB,1527.8,0,1527.8,
55,2018-12-18 00:00:00,1629246,160426,0,413,2031,2015,2018,0,0,12,0,0,999,PSD,DF,ROGÉRIO ROSSO,02012862000160,Emissão Bilhete Aéreo,,Cia Aérea - TAM,Bilhete: 957-2186.550363,ROGÉRIO ROSSO,BSB/SSA,1829.39,0,1829.39,
55,2018-02-09 00:00:00,0,160575,0,407,2403,2015,2018,0,0,1,0,0,10,PT,DF,Erika Kokay,00000000000001,TELEFONIA,,CELULAR FUNCIONAL,6679425,,,61.38,0,61.38,
55,2018-03-23 00:00:00,0,160575,0,407,2403,2015,2018,0,0,2,0,0,10,PT,DF,Erika Kokay,00000000000001,TELEFONIA,,CELULAR FUNCIONAL,6679440,,,61.38,0,61.38,
55,2018-04-18 00:00:00,0,160575,0,407,2403,2015,2018,0,0,3,0,0,10,PT,DF,Erika Kokay,00000000000001,TELEFONIA,,CELULAR FUNCIONAL,6679449,,,61.38,0,61.38,
55,2018-05-11 00:00:00,0,160575,0,407,2403,2015,2018,0,0,4,0,0,10,PT,DF,Erika Kokay,00000000000001,TELEFONIA,,CELULAR FUNCIONAL,6679454,,,61.38,0,61.38,
55,2018-06-18 00:00:00,0,160575,0,407,2403,2015,2018,0,0,5,0,0,10,PT,DF,Erika Kokay,00000000000001,TELEFONIA,,CELULAR FUNCIONAL,6679456,,,62.12,0,62.12,
55,2018-07-17 00:00:00,0,160575,0,407,2403,2015,2018,0,0,6,0,0,10,PT,DF,Erika Kokay,00000000000001,TELEFONIA,,CELULAR FUNCIONAL,6679461,,,62.28,0,62.28,
55,2018-08-16 00:00:00,0,160575,0,407,2403,2015,2018,0,0,7,0,0,10,PT,DF,Erika Kokay,00000000000001,TELEFONIA,,CELULAR FUNCIONAL,6679463,,,62.3,0,62.3,
55,2018-10-11 00:00:00,0,160575,0,407,2403,2015,2018,0,0,8,0,0,10,PT,DF,Erika Kokay,00000000000001,TELEFONIA,,CELULAR FUNCIONAL,6679497,,,45.94,0,45.94,
55,2018-02-09 00:00:00,0,160575,0,407,2403,2015,2018,0,0,1,0,0,10,PT,DF,Erika Kokay,00000000000001,TELEFONIA,,CELULAR FUNCIONAL,6679536,,,196.36,0,196.36,
55,2018-03-23 00:00:00,0,160575,0,407,2403,2015,2018,0,0,3,0,0,10,PT,DF,Erika Kokay,00000000000001,TELEFONIA,,CELULAR FUNCIONAL,6681344,,,0.56,0,0.56,
55,2018-03-23 00:00:00,0,160575,0,407,2403,2015,2018,0,0,2,0,0,10,PT,DF,Erika Kokay,00000000000001,TELEFONIA,,CELULAR FUNCIONAL,6681344,,,221.83,0,221.83,
55,2018-04-18 00:00:00,0,160575,0,407,2403,2015,2018,0,0,3,0,0,10,PT,DF,Erika Kokay,00000000000001,TELEFONIA,,CELULAR FUNCIONAL,6681370,,,250.19,0,250.19,
55,2018-05-11 00:00:00,0,160575,0,407,2403,2015,2018,0,0,3,0,0,10,PT,DF,Erika Kokay,00000000000001,TELEFONIA,,CELULAR FUNCIONAL,6681407,,,0.28,0,0.28,
55,2018-05-11 00:00:00,0,160575,0,407,2403,2015,2018,0,0,4,0,0,10,PT,DF,Erika Kokay,00000000000001,TELEFONIA,,CELULAR FUNCIONAL,6681407,,,255.65,0,255.65,
55,2018-06-18 00:00:00,0,160575,0,407,2403,2015,2018,0,0,5,0,0,10,PT,DF,Erika Kokay,00000000000001,TELEFONIA,,CELULAR FUNCIONAL,6681433,,,308.33,0,308.33,
55,2018-08-16 00:00:00,0,160575,0,407,2403,2015,2018,0,0,7,0,0,10,PT,DF,Erika Kokay,00000000000001,TELEFONIA,,CELULAR FUNCIONAL,6683663,,,243.01,0,243.01,
55,2018-10-23 00:00:00,0,160575,0,407,2403,2015,2018,0,0,9,0,0,10,PT,DF,Erika Kokay,00000000000001,TELEFONIA,,CELULAR FUNCIONAL,6691934,,,31.15,0,31.15,
55,2018-07-17 00:00:00,0,160575,0,407,2403,2015,2018,0,0,5,0,0,10,PT,DF,Erika Kokay,00000000000001,TELEFONIA,,CELULAR FUNCIONAL,6694396,,,0.12,0,0.12,
55,2018-07-17 00:00:00,0,160575,0,407,2403,2015,2018,0,0,6,0,0,10,PT,DF,Erika Kokay,00000000000001,TELEFONIA,,CELULAR FUNCIONAL,6694396,,,289.19,0,289.19,
55,2018-10-23 00:00:00,0,160575,0,407,2403,2015,2018,0,0,8,0,0,10,PT,DF,Erika Kokay,00000000000001,TELEFONIA,,CELULAR FUNCIONAL,6694499,,,80.35,0,80.35,
55,2018-11-20 00:00:00,0,160575,0,407,2403,2015,2018,0,0,10,0,0,10,PT,DF,Erika Kokay,00000000000001,TELEFONIA,,CELULAR FUNCIONAL,6710039,,,31.15,0,31.15,
55,2018-12-18 00:00:00,0,160575,0,407,2403,2015,2018,0,0,11,0,0,10,PT,DF,Erika Kokay,00000000000001,TELEFONIA,,CELULAR FUNCIONAL,6739444,,,31.15,0,31.15,
55,2019-01-16 00:00:00,0,160575,0,407,2403,2015,2018,0,0,12,0,0,10,PT,DF,Erika Kokay,00000000000001,TELEFONIA,,CELULAR FUNCIONAL,6744739,,,31.15,0,31.15,
55,2018-02-21 15:13:58,0,160575,1,407,2403,2015,2018,0,0,2,0,0,11,PT,DF,Erika Kokay,00000000000007,SERVIÇOS POSTAIS,,CORREIOS - CAIXA DE ENCOMENDAS BÁSICA/CONVENCIONAL,RSP : 2235964,,,7.5,0,7.5,
55,2018-03-05 13:12:13,0,160575,1,407,2403,2015,2018,0,0,3,0,0,11,PT,DF,Erika Kokay,00000000000007,SERVIÇOS POSTAIS,,CORREIOS - CAIXA DE ENCOMENDAS BÁSICA/CONVENCIONAL,RSP : 2237162,,,7.5,0,7.5,
55,2018-03-20 12:21:50,0,160575,1,407,2403,2015,2018,0,0,3,0,0,11,PT,DF,Erika Kokay,00000000000007,SERVIÇOS POSTAIS,,CORREIOS - CAIXA DE ENCOMENDAS BÁSICA/CONVENCIONAL,RSP : 2238843,,,7.5,0,7.5,
55,2018-03-28 18:03:10,0,160575,1,407,2403,2015,2018,0,0,3,0,0,11,PT,DF,Erika Kokay,00000000000007,SERVIÇOS POSTAIS,,CORREIOS - CAIXA DE ENCOMENDAS BÁSICA/CONVENCIONAL,RSP : 2239776,,,7.5,0,7.5,
55,2018-10-30 17:05:11,0,160575,1,407,2403,2015,2018,0,0,10,0,0,11,PT,DF,Erika Kokay,00000000000007,SERVIÇOS POSTAIS,,CORREIOS - CAIXA DE ENCOMENDAS BÁSICA/CONVENCIONAL,RSP : 2259156,,,19.9,0,19.9,
55,2018-02-20 11:57:34,0,160575,1,407,2403,2015,2018,0,0,2,0,0,11,PT,DF,Erika Kokay,00000000000007,SERVIÇOS POSTAIS,,CORREIOS - CARTA REGISTRADA COM AR,RSP : 2235237,,,23.7,0,23.7,
55,2018-03-07 10:58:16,0,160575,1,407,2403,2015,2018,0,0,3,0,0,11,PT,DF,Erika Kokay,00000000000007,SERVIÇOS POSTAIS,,CORREIOS - CARTA REGISTRADA COM AR,RSP : 2236710,,,11.85,0,11.85,
55,2018-04-05 13:08:50,0,160575,1,407,2403,2015,2018,0,0,4,0,0,11,PT,DF,Erika Kokay,00000000000007,SERVIÇOS POSTAIS,,CORREIOS - CARTA REGISTRADA COM AR,RSP : 2238610,,,12.55,0,12.55,
55,2018-04-13 11:30:59,0,160575,1,407,2403,2015,2018,0,0,4,0,0,11,PT,DF,Erika Kokay,00000000000007,SERVIÇOS POSTAIS,,CORREIOS - CARTA REGISTRADA COM AR,RSP : 2241281,,,11.85,0,11.85,
55,2018-04-24 13:21:04,0,160575,1,407,2403,2015,2018,0,0,4,0,0,11,PT,DF,Erika Kokay,00000000000007,SERVIÇOS POSTAIS,,CORREIOS - CARTA REGISTRADA COM AR,RSP : 2242294,,,11.85,0,11.85,
55,2018-05-07 14:18:08,0,160575,1,407,2403,2015,2018,0,0,5,0,0,11,PT,DF,Erika Kokay,00000000000007,SERVIÇOS POSTAIS,,CORREIOS - CARTA REGISTRADA COM AR,RSP : 2243375,,,23.7,0,23.7,
55,2018-05-11 15:27:22,0,160575,1,407,2403,2015,2018,0,0,5,0,0,11,PT,DF,Erika Kokay,00000000000007,SERVIÇOS POSTAIS,,CORREIOS - CARTA REGISTRADA COM AR,RSP : 2244073,,,11.85,0,11.85,
55,2018-05-28 13:33:34,0,160575,1,407,2403,2015,2018,0,0,5,0,0,11,PT,DF,Erika Kokay,00000000000007,SERVIÇOS POSTAIS,,CORREIOS - CARTA REGISTRADA COM AR,RSP : 2245008,,,11.85,0,11.85,
55,2018-05-29 14:09:56,0,160575,1,407,2403,2015,2018,0,0,5,0,0,11,PT,DF,Erika Kokay,00000000000007,SERVIÇOS POSTAIS,,CORREIOS - CARTA REGISTRADA COM AR,RSP : 2246416,,,11.85,0,11.85,
55,2018-08-21 14:50:21,0,160575,1,407,2403,2015,2018,0,0,8,0,0,11,PT,DF,Erika Kokay,00000000000007,SERVIÇOS POSTAIS,,CORREIOS - CARTA REGISTRADA COM AR,RSP : 2253821,,,25.1,0,25.1,
55,2018-09-03 13:05:51,0,160575,1,407,2403,2015,2018,0,0,9,0,0,11,PT,DF,Erika Kokay,00000000000007,SERVIÇOS POSTAIS,,CORREIOS - CARTA REGISTRADA COM AR,RSP : 2255646,,,11.85,0,11.85,
55,2018-09-14 13:19:41,0,160575,1,407,2403,2015,2018,0,0,9,0,0,11,PT,DF,Erika Kokay,00000000000007,SERVIÇOS POSTAIS,,CORREIOS - CARTA REGISTRADA COM AR,RSP : 2256513,,,23.7,0,23.7,
55,2018-10-30 17:04:33,0,160575,1,407,2403,2015,2018,0,0,10,0,0,11,PT,DF,Erika Kokay,00000000000007,SERVIÇOS POSTAIS,,CORREIOS - CARTA REGISTRADA COM AR,RSP : 2259157,,,23.7,0,23.7,
55,2018-11-09 12:42:01,0,160575,1,407,2403,2015,2018,0,0,11,0,0,11,PT,DF,Erika Kokay,00000000000007,SERVIÇOS POSTAIS,,CORREIOS - CARTA REGISTRADA COM AR,RSP : 2259890,,,13.45,0,13.45,
55,2018-11-13 11:06:14,0,160575,1,407,2403,2015,2018,0,0,11,0,0,11,PT,DF,Erika Kokay,00000000000007,SERVIÇOS POSTAIS,,CORREIOS - CARTA REGISTRADA COM AR,RSP : 2259904,,,30.5,0,30.5,
55,2018-11-26 13:35:25,0,160575,1,407,2403,2015,2018,0,0,11,0,0,11,PT,DF,Erika Kokay,00000000000007,SERVIÇOS POSTAIS,,CORREIOS - CARTA REGISTRADA COM AR,RSP : 2260992,,,13.45,0,13.45,
55,2018-02-09 14:59:55,0,160575,1,407,2403,2015,2018,0,0,2,0,0,11,PT,DF,Erika Kokay,00000000000007,SERVIÇOS POSTAIS,,CORREIOS - ENCOMENDA PAC,RSP : 2235111,,,51.94,0,51.94,
55,2018-02-07 15:23:33,0,160575,1,407,2403,2015,2018,0,0,2,0,0,11,PT,DF,Erika Kokay,00000000000007,SERVIÇOS POSTAIS,,CORREIOS - ENVELOPE BÁSICO/CONVENCIONAL - PLÁSTICO/BOLHA,RSP : 2234865,,,3.6,0,3.6,
55,2018-06-28 15:53:38,0,160575,1,407,2403,2015,2018,0,0,6,0,0,11,PT,DF,Erika Kokay,00000000000007,SERVIÇOS POSTAIS,,CORREIOS - ENVELOPE BÁSICO/CONVENCIONAL - PLÁSTICO/BOLHA,RSP : 2249014,,,3.3,0,3.3,
55,2018-02-07 15:19:47,0,160575,1,407,2403,2015,2018,0,0,2,0,0,11,PT,DF,Erika Kokay,00000000000007,SERVIÇOS POSTAIS,,CORREIOS - SEDEX CONVENCIONAL,RSP : 2234863,,,46.89,0,46.89,
55,2018-02-21 15:13:25,0,160575,1,407,2403,2015,2018,0,0,2,0,0,11,PT,DF,Erika Kokay,00000000000007,SERVIÇOS POSTAIS,,CORREIOS - SEDEX CONVENCIONAL,RSP : 2235961,,,61.27,0,61.27,
55,2018-03-05 13:11:48,0,160575,1,407,2403,2015,2018,0,0,3,0,0,11,PT,DF,Erika Kokay,00000000000007,SERVIÇOS POSTAIS,,CORREIOS - SEDEX CONVENCIONAL,RSP : 2237161,,,61.27,0,61.27,
55,2018-03-20 12:22:19,0,160575,1,407,2403,2015,2018,0,0,3,0,0,11,PT,DF,Erika Kokay,00000000000007,SERVIÇOS POSTAIS,,CORREIOS - SEDEX CONVENCIONAL,RSP : 2238841,,,66.18,0,66.18,
55,2018-03-28 12:21:43,0,160575,1,407,2403,2015,2018,0,0,3,0,0,11,PT,DF,Erika Kokay,00000000000007,SERVIÇOS POSTAIS,,CORREIOS - SEDEX CONVENCIONAL,RSP : 2239774,,,66.18,0,66.18,
55,2018-05-28 13:33:25,0,160575,1,407,2403,2015,2018,0,0,5,0,0,11,PT,DF,Erika Kokay,00000000000007,SERVIÇOS POSTAIS,,CORREIOS - SEDEX CONVENCIONAL,RSP : 2246506,,,44.11,0,44.11,
55,2018-06-18 11:27:02,0,160575,1,407,2403,2015,2018,0,0,6,0,0,11,PT,DF,Erika Kokay,00000000000007,SERVIÇOS POSTAIS,,CORREIOS - SEDEX CONVENCIONAL,RSP : 2247757,,,129.49,0,129.49,
55,2018-06-28 15:53:00,0,160575,1,407,2403,2015,2018,0,0,6,0,0,11,PT,DF,Erika Kokay,00000000000007,SERVIÇOS POSTAIS,,CORREIOS - SEDEX CONVENCIONAL,RSP : 2249013,,,38.21,0,38.21,
55,2018-09-24 12:28:25,0,160575,1,407,2403,2015,2018,0,0,9,0,0,11,PT,DF,Erika Kokay,00000000000007,SERVIÇOS POSTAIS,,CORREIOS - SEDEX CONVENCIONAL,RSP : 2257051,,,66.18,0,66.18,
55,2018-10-15 15:59:57,0,160575,1,407,2403,2015,2018,0,0,10,0,0,11,PT,DF,Erika Kokay,00000000000007,SERVIÇOS POSTAIS,,CORREIOS - SEDEX CONVENCIONAL,RSP : 2258159,,,28.93,0,28.93,
55,2018-10-30 16:07:53,0,160575,1,407,2403,2015,2018,0,0,10,0,0,11,PT,DF,Erika Kokay,00000000000007,SERVIÇOS POSTAIS,,CORREIOS - SEDEX CONVENCIONAL,RSP : 2259155,,,141.87,0,141.87,
55,2018-11-12 15:43:29,0,160575,1,407,2403,2015,2018,0,0,11,0,0,11,PT,DF,Erika Kokay,00000000000007,SERVIÇOS POSTAIS,,CORREIOS - SEDEX CONVENCIONAL,RSP : 2259552,,,84.6,0,84.6,
55,2018-11-06 10:57:48,0,160575,1,407,2403,2015,2018,0,0,11,0,0,11,PT,DF,Erika Kokay,00000000000007,SERVIÇOS POSTAIS,,CORREIOS - SEDEX CONVENCIONAL,RSP : 2259553,,,97,0,97,
55,2018-11-06 10:58:18,0,160575,1,407,2403,2015,2018,0,0,11,0,0,11,PT,DF,Erika Kokay,00000000000007,SERVIÇOS POSTAIS,,CORREIOS - SEDEX CONVENCIONAL,RSP : 2259556,,,18.72,0,18.72,
55,2018-12-19 12:20:56,0,160575,1,407,2403,2015,2018,0,0,12,0,0,11,PT,DF,Erika Kokay,00000000000007,SERVIÇOS POSTAIS,,CORREIOS - SEDEX CONVENCIONAL,RSP : 2264167,,,54.88,0,54.88,
55,2018-04-16 16:58:56,0,160637,1,414,2365,2015,2018,0,0,4,0,0,11,PODE,DF,RONALDO FONSECA,00000000000007,SERVIÇOS POSTAIS,,CORREIOS - CARTA REGISTRADA,RSP : 2241526,,,14.9,0,14.9,
55,2018-03-22 14:49:15,0,160637,1,414,2365,2015,2018,0,0,3,0,0,11,PODE,DF,RONALDO FONSECA,00000000000007,SERVIÇOS POSTAIS,,CORREIOS - CARTA REGISTRADA COM AR,RSP : 2239217,,,25.1,0,25.1,
55,2018-02-09 00:00:00,0,178870,0,415,2904,2015,2018,0,0,1,0,0,10,PP,DF,RÔNEY NEMER,00000000000001,TELEFONIA,,CELULAR FUNCIONAL,6679536,,,466.27,0,466.27,
55,2018-03-23 00:00:00,0,178870,0,415,2904,2015,2018,0,0,3,0,0,10,PP,DF,RÔNEY NEMER,00000000000001,TELEFONIA,,CELULAR FUNCIONAL,6681344,,,0.08,0,0.08,
55,2018-03-23 00:00:00,0,178870,0,415,2904,2015,2018,0,0,2,0,0,10,PP,DF,RÔNEY NEMER,00000000000001,TELEFONIA,,CELULAR FUNCIONAL,6681344,,,640.25,0,640.25,
55,2018-04-18 00:00:00,0,178870,0,415,2904,2015,2018,0,0,3,0,0,10,PP,DF,RÔNEY NEMER,00000000000001,TELEFONIA,,CELULAR FUNCIONAL,6681370,,,817.1,0,817.1,
55,2018-05-11 00:00:00,0,178870,0,415,2904,2015,2018,0,0,5,0,0,10,PP,DF,RÔNEY NEMER,00000000000001,TELEFONIA,,CELULAR FUNCIONAL,6681407,,,3.05,0,3.05,
55,2018-05-11 00:00:00,0,178870,0,415,2904,2015,2018,0,0,3,0,0,10,PP,DF,RÔNEY NEMER,00000000000001,TELEFONIA,,CELULAR FUNCIONAL,6681407,,,9.25,0,9.25,
55,2018-05-11 00:00:00,0,178870,0,415,2904,2015,2018,0,0,4,0,0,10,PP,DF,RÔNEY NEMER,00000000000001,TELEFONIA,,CELULAR FUNCIONAL,6681407,,,582.06,0,582.06,
55,2018-06-18 00:00:00,0,178870,0,415,2904,2015,2018,0,0,6,0,0,10,PP,DF,RÔNEY NEMER,00000000000001,TELEFONIA,,CELULAR FUNCIONAL,6681433,,,2.52,0,2.52,
55,2018-06-18 00:00:00,0,178870,0,415,2904,2015,2018,0,0,5,0,0,10,PP,DF,RÔNEY NEMER,00000000000001,TELEFONIA,,CELULAR FUNCIONAL,6681433,,,682.25,0,682.25,
55,2018-08-16 00:00:00,0,178870,0,415,2904,2015,2018,0,0,7,0,0,10,PP,DF,RÔNEY NEMER,00000000000001,TELEFONIA,,CELULAR FUNCIONAL,6683663,,,534.81,0,534.81,
55,2018-10-23 00:00:00,0,178870,0,415,2904,2015,2018,0,0,8,0,0,10,PP,DF,RÔNEY NEMER,00000000000001,TELEFONIA,,CELULAR FUNCIONAL,6691852,,,0.05,0,0.05,
55,2018-10-23 00:00:00,0,178870,0,415,2904,2015,2018,0,0,10,0,0,10,PP,DF,RÔNEY NEMER,00000000000001,TELEFONIA,,CELULAR FUNCIONAL,6691852,,,0.13,0,0.13,
55,2018-10-23 00:00:00,0,178870,0,415,2904,2015,2018,0,0,9,0,0,10,PP,DF,RÔNEY NEMER,00000000000001,TELEFONIA,,CELULAR FUNCIONAL,6691852,,,654.5,0,654.5,
55,2018-07-17 00:00:00,0,178870,0,415,2904,2015,2018,0,0,7,0,0,10,PP,DF,RÔNEY NEMER,00000000000001,TELEFONIA,,CELULAR FUNCIONAL,6694396,,,0.95,0,0.95,
55,2018-07-17 00:00:00,0,178870,0,415,2904,2015,2018,0,0,5,0,0,10,PP,DF,RÔNEY NEMER,00000000000001,TELEFONIA,,CELULAR FUNCIONAL,6694396,,,9.91,0,9.91,
55,2018-07-17 00:00:00,0,178870,0,415,2904,2015,2018,0,0,6,0,0,10,PP,DF,RÔNEY NEMER,00000000000001,TELEFONIA,,CELULAR FUNCIONAL,6694396,,,770.32,0,770.32,
55,2018-10-23 00:00:00,0,178870,0,415,2904,2015,2018,0,0,8,0,0,10,PP,DF,RÔNEY NEMER,00000000000001,TELEFONIA,,CELULAR FUNCIONAL,6694499,,,54.06,0,54.06,
55,2018-11-20 00:00:00,0,178870,0,415,2904,2015,2018,0,0,11,0,0,10,PP,DF,RÔNEY NEMER,00000000000001,TELEFONIA,,CELULAR FUNCIONAL,6710092,,,6.78,0,6.78,
55,2018-11-20 00:00:00,0,178870,0,415,2904,2015,2018,0,0,10,0,0,10,PP,DF,RÔNEY NEMER,00000000000001,TELEFONIA,,CELULAR FUNCIONAL,6710092,,,563.56,0,563.56,
55,2018-12-18 00:00:00,0,178870,0,415,2904,2015,2018,0,0,11,0,0,10,PP,DF,RÔNEY NEMER,00000000000001,TELEFONIA,,CELULAR FUNCIONAL,6739450,,,423.54,0,423.54,
55,2019-01-16 00:00:00,0,178870,0,415,2904,2015,2018,0,0,11,0,0,10,PP,DF,RÔNEY NEMER,00000000000001,TELEFONIA,,CELULAR FUNCIONAL,6744743,,,95.38,0,95.38,
55,2019-01-16 00:00:00,0,178870,0,415,2904,2015,2018,0,0,12,0,0,10,PP,DF,RÔNEY NEMER,00000000000001,TELEFONIA,,CELULAR FUNCIONAL,6744743,,,524.3,0,524.3,
55,2018-01-09 14:42:21,0,178870,1,415,2904,2015,2018,0,0,1,0,0,11,PP,DF,RÔNEY NEMER,00000000000007,SERVIÇOS POSTAIS,,CORREIOS - CARTA COMERCIAL,RSP : 2232561,,,1.85,0,1.85,
55,2018-01-22 15:16:19,0,178870,1,415,2904,2015,2018,0,0,1,0,0,11,PP,DF,RÔNEY NEMER,00000000000007,SERVIÇOS POSTAIS,,CORREIOS - CARTA COMERCIAL,RSP : 2233476,,,1.85,0,1.85,
55,2018-01-30 15:03:59,0,178870,1,415,2904,2015,2018,0,0,1,0,0,11,PP,DF,RÔNEY NEMER,00000000000007,SERVIÇOS POSTAIS,,CORREIOS - CARTA COMERCIAL,RSP : 2233999,,,1.85,0,1.85,
55,2018-02-02 11:51:16,0,178870,1,415,2904,2015,2018,0,0,2,0,0,11,PP,DF,RÔNEY NEMER,00000000000007,SERVIÇOS POSTAIS,,CORREIOS - CARTA COMERCIAL,RSP : 2234360,,,1.85,0,1.85,
55,2018-02-09 15:00:26,0,178870,1,415,2904,2015,2018,0,0,2,0,0,11,PP,DF,RÔNEY NEMER,00000000000007,SERVIÇOS POSTAIS,,CORREIOS - CARTA COMERCIAL,RSP : 2235133,,,1.85,0,1.85,
55,2018-02-09 16:58:15,0,178870,1,415,2904,2015,2018,0,0,2,0,0,11,PP,DF,RÔNEY NEMER,00000000000007,SERVIÇOS POSTAIS,,CORREIOS - CARTA COMERCIAL,RSP : 2235185,,,1.85,0,1.85,
55,2018-02-21 16:08:52,0,178870,1,415,2904,2015,2018,0,0,2,0,0,11,PP,DF,RÔNEY NEMER,00000000000007,SERVIÇOS POSTAIS,,CORREIOS - CARTA COMERCIAL,RSP : 2235999,,,1.85,0,1.85,
55,2018-03-01 16:57:08,0,178870,1,415,2904,2015,2018,0,0,3,0,0,11,PP,DF,RÔNEY NEMER,00000000000007,SERVIÇOS POSTAIS,,CORREIOS - CARTA COMERCIAL,RSP : 2236882,,,3.7,0,3.7,
55,2018-03-06 15:56:50,0,178870,1,415,2904,2015,2018,0,0,3,0,0,11,PP,DF,RÔNEY NEMER,00000000000007,SERVIÇOS POSTAIS,,CORREIOS - CARTA COMERCIAL,RSP : 2237352,,,3.7,0,3.7,
55,2018-03-14 15:22:59,0,178870,1,415,2904,2015,2018,0,0,3,0,0,11,PP,DF,RÔNEY NEMER,00000000000007,SERVIÇOS POSTAIS,,CORREIOS - CARTA COMERCIAL,RSP : 2238254,,,3.7,0,3.7,
55,2018-03-21 11:10:10,0,178870,1,415,2904,2015,2018,0,0,3,0,0,11,PP,DF,RÔNEY NEMER,00000000000007,SERVIÇOS POSTAIS,,CORREIOS - CARTA COMERCIAL,RSP : 2238966,,,5.1,0,5.1,
55,2018-04-03 16:43:10,0,178870,1,415,2904,2015,2018,0,0,4,0,0,11,PP,DF,RÔNEY NEMER,00000000000007,SERVIÇOS POSTAIS,,CORREIOS - CARTA COMERCIAL,RSP : 2240066,,,3.7,0,3.7,
55,2018-04-09 15:18:11,0,178870,1,415,2904,2015,2018,0,0,4,0,0,11,PP,DF,RÔNEY NEMER,00000000000007,SERVIÇOS POSTAIS,,CORREIOS - CARTA COMERCIAL,RSP : 2240766,,,1.85,0,1.85,
55,2018-04-13 15:40:39,0,178870,1,415,2904,2015,2018,0,0,4,0,0,11,PP,DF,RÔNEY NEMER,00000000000007,SERVIÇOS POSTAIS,,CORREIOS - CARTA COMERCIAL,RSP : 2241335,,,1.85,0,1.85,
55,2018-04-20 15:45:55,0,178870,1,415,2904,2015,2018,0,0,4,0,0,11,PP,DF,RÔNEY NEMER,00000000000007,SERVIÇOS POSTAIS,,CORREIOS - CARTA COMERCIAL,RSP : 2242130,,,1.85,0,1.85,
55,2018-04-30 16:31:19,0,178870,1,415,2904,2015,2018,0,0,4,0,0,11,PP,DF,RÔNEY NEMER,00000000000007,SERVIÇOS POSTAIS,,CORREIOS - CARTA COMERCIAL,RSP : 2242857,,,3.7,0,3.7,
55,2018-05-23 15:01:20,0,178870,1,415,2904,2015,2018,0,0,5,0,0,11,PP,DF,RÔNEY NEMER,00000000000007,SERVIÇOS POSTAIS,,CORREIOS - CARTA COMERCIAL,RSP : 2245171,,,1.85,0,1.85,
55,2018-05-30 15:56:49,0,178870,1,415,2904,2015,2018,0,0,5,0,0,11,PP,DF,RÔNEY NEMER,00000000000007,SERVIÇOS POSTAIS,,CORREIOS - CARTA COMERCIAL,RSP : 2246587,,,1.85,0,1.85,
55,2018-06-06 15:52:51,0,178870,1,415,2904,2015,2018,0,0,6,0,0,11,PP,DF,RÔNEY NEMER,00000000000007,SERVIÇOS POSTAIS,,CORREIOS - CARTA COMERCIAL,RSP : 2246983,,,1.85,0,1.85,
55,2018-07-20 15:46:13,0,178870,1,415,2904,2015,2018,0,0,7,0,0,11,PP,DF,RÔNEY NEMER,00000000000007,SERVIÇOS POSTAIS,,CORREIOS - CARTA COMERCIAL,RSP : 2250614,,,1.85,0,1.85,
55,2018-07-26 16:29:13,0,178870,1,415,2904,2015,2018,0,0,7,0,0,11,PP,DF,RÔNEY NEMER,00000000000007,SERVIÇOS POSTAIS,,CORREIOS - CARTA COMERCIAL,RSP : 2250841,,,1.85,0,1.85,
55,2018-08-15 15:04:15,0,178870,1,415,2904,2015,2018,0,0,8,0,0,11,PP,DF,RÔNEY NEMER,00000000000007,SERVIÇOS POSTAIS,,CORREIOS - CARTA COMERCIAL,RSP : 2253334,,,1.85,0,1.85,
55,2018-08-27 16:42:08,0,178870,1,415,2904,2015,2018,0,0,8,0,0,11,PP,DF,RÔNEY NEMER,00000000000007,SERVIÇOS POSTAIS,,CORREIOS - CARTA COMERCIAL,RSP : 2254250,,,1.85,0,1.85,
55,2018-08-28 15:29:15,0,178870,1,415,2904,2015,2018,0,0,8,0,0,11,PP,DF,RÔNEY NEMER,00000000000007,SERVIÇOS POSTAIS,,CORREIOS - CARTA COMERCIAL,RSP : 2254310,,,1.85,0,1.85,
55,2018-08-31 16:42:33,0,178870,1,415,2904,2015,2018,0,0,8,0,0,11,PP,DF,RÔNEY NEMER,00000000000007,SERVIÇOS POSTAIS,,CORREIOS - CARTA COMERCIAL,RSP : 2255596,,,3.7,0,3.7,
55,2018-09-10 16:58:02,0,178870,1,415,2904,2015,2018,0,0,9,0,0,11,PP,DF,RÔNEY NEMER,00000000000007,SERVIÇOS POSTAIS,,CORREIOS - CARTA COMERCIAL,RSP : 2256160,,,3.7,0,3.7,
55,2018-09-11 16:18:28,0,178870,1,415,2904,2015,2018,0,0,9,0,0,11,PP,DF,RÔNEY NEMER,00000000000007,SERVIÇOS POSTAIS,,CORREIOS - CARTA COMERCIAL,RSP : 2256224,,,3.7,0,3.7,
55,2018-09-20 17:04:50,0,178870,1,415,2904,2015,2018,0,0,9,0,0,11,PP,DF,RÔNEY NEMER,00000000000007,SERVIÇOS POSTAIS,,CORREIOS - CARTA COMERCIAL,RSP : 2256907,,,1.85,0,1.85,
55,2018-09-28 16:44:02,0,178870,1,415,2904,2015,2018,0,0,9,0,0,11,PP,DF,RÔNEY NEMER,00000000000007,SERVIÇOS POSTAIS,,CORREIOS - CARTA COMERCIAL,RSP : 2257413,,,1.85,0,1.85,
55,2018-10-10 16:32:52,0,178870,1,415,2904,2015,2018,0,0,10,0,0,11,PP,DF,RÔNEY NEMER,00000000000007,SERVIÇOS POSTAIS,,CORREIOS - CARTA COMERCIAL,RSP : 2258017,,,1.85,0,1.85,
55,2018-10-31 19:21:40,0,178870,1,415,2904,2015,2018,0,0,10,0,0,11,PP,DF,RÔNEY NEMER,00000000000007,SERVIÇOS POSTAIS,,CORREIOS - CARTA COMERCIAL,RSP : 2259268,,,1.85,0,1.85,
55,2018-11-06 15:50:39,0,178870,1,415,2904,2015,2018,0,0,11,0,0,11,PP,DF,RÔNEY NEMER,00000000000007,SERVIÇOS POSTAIS,,CORREIOS - CARTA COMERCIAL,RSP : 2259537,,,1.85,0,1.85,
55,2018-11-13 11:05:33,0,178870,1,415,2904,2015,2018,0,0,11,0,0,11,PP,DF,RÔNEY NEMER,00000000000007,SERVIÇOS POSTAIS,,CORREIOS - CARTA COMERCIAL,RSP : 2260125,,,1.95,0,1.95,
55,2018-11-22 17:30:07,0,178870,1,415,2904,2015,2018,0,0,11,0,0,11,PP,DF,RÔNEY NEMER,00000000000007,SERVIÇOS POSTAIS,,CORREIOS - CARTA COMERCIAL,RSP : 2260740,,,3.9,0,3.9,
55,2018-12-11 15:36:32,0,178870,1,415,2904,2015,2018,0,0,12,0,0,11,PP,DF,RÔNEY NEMER,00000000000007,SERVIÇOS POSTAIS,,CORREIOS - CARTA COMERCIAL,RSP : 2263308,,,3.9,0,3.9,
55,2018-12-17 16:50:37,0,178870,1,415,2904,2015,2018,0,0,12,0,0,11,PP,DF,RÔNEY NEMER,00000000000007,SERVIÇOS POSTAIS,,CORREIOS - CARTA COMERCIAL,RSP : 2263876,,,1.95,0,1.95,
55,2018-01-18 10:51:55,0,178870,1,415,2904,2015,2018,0,0,1,0,0,11,PP,DF,RÔNEY NEMER,00000000000007,SERVIÇOS POSTAIS,,CORREIOS - CARTA REGISTRADA COM AR,RSP : 2233207,,,13.55,0,13.55,
55,2018-11-28 00:00:00,1620659,204011,0,616,3185,2015,2018,0,0,11,0,0,999,PODE,DF,PROFESSOR PACCO,02012862000160,Emissão Bilhete Aéreo,,Cia Aérea - TAM,Bilhete: 957-1509.247508,PROFESSOR PACCO,BSB/GRU,45,0,45,
55,2018-11-28 00:00:00,1620660,204011,0,616,3185,2015,2018,0,0,11,0,0,999,PODE,DF,PROFESSOR PACCO,02012862000160,Emissão Bilhete Aéreo,,Cia Aérea - TAM,Bilhete: 957-1509.247513,PROFESSOR PACCO,GRU/FLN,30,0,30,
55,2018-11-28 00:00:00,1621503,204011,0,616,3185,2015,2018,0,0,11,0,0,999,PODE,DF,PROFESSOR PACCO,02012862000160,Emissão Bilhete Aéreo,,Cia Aérea - TAM,Bilhete: 957-2184.977543,PROFESSOR PACCO,BSB/GRU/FLN,1167.49,0,1167.49,
