55,2016-01-12 00:00:00,0,4931,0,408,1974,2015,2016,0,0,1,0,0,10,PSDB,DF,IZALCI LUCAS,00000000000001,TELEFONIA,,CELULAR FUNCIONAL,5895438,,,102.46,0,102.46,
55,2016-02-22 00:00:00,0,4931,0,408,1974,2015,2016,0,0,2,0,0,10,PSDB,DF,IZALCI LUCAS,00000000000001,TELEFONIA,,CELULAR FUNCIONAL,6013701,,,102.46,0,102.46,
55,2016-03-17 00:00:00,0,4931,0,408,1974,2015,2016,0,0,3,0,0,10,PSDB,DF,IZALCI LUCAS,00000000000001,TELEFONIA,,CELULAR FUNCIONAL,6020411,,,102.43,0,102.43,
55,2016-04-14 00:00:00,0,4931,0,408,1974,2015,2016,0,0,4,0,0,10,PSDB,DF,IZALCI LUCAS,00000000000001,TELEFONIA,,CELULAR FUNCIONAL,6024993,,,102.43,0,102.43,
55,2016-05-12 00:00:00,0,4931,0,408,1974,2015,2016,0,0,5,0,0,10,PSDB,DF,IZALCI LUCAS,00000000000001,TELEFONIA,,CELULAR FUNCIONAL,6032569,,,93.45,0,93.45,
55,2016-06-15 00:00:00,0,4931,0,408,1974,2015,2016,0,0,5,0,0,10,PSDB,DF,IZALCI LUCAS,00000000000001,TELEFONIA,,CELULAR FUNCIONAL,6166455,,,102.43,0,102.43,
55,2016-07-13 00:00:00,0,4931,0,408,1974,2015,2016,0,0,6,0,0,10,PSDB,DF,IZALCI LUCAS,00000000000001,TELEFONIA,,CELULAR FUNCIONAL,6178331,,,102.46,0,102.46,
55,2016-08-11 00:00:00,0,4931,0,408,1974,2015,2016,0,0,7,0,0,10,PSDB,DF,IZALCI LUCAS,00000000000001,TELEFONIA,,CELULAR FUNCIONAL,6178433,,,102.46,0,102.46,
55,2016-09-13 00:00:00,0,4931,0,408,1974,2015,2016,0,0,8,0,0,10,PSDB,DF,IZALCI LUCAS,00000000000001,TELEFONIA,,CELULAR FUNCIONAL,6178452,,,102.46,0,102.46,
55,2016-10-13 00:00:00,0,4931,0,408,1974,2015,2016,0,0,9,0,0,10,PSDB,DF,IZALCI LUCAS,00000000000001,TELEFONIA,,CELULAR FUNCIONAL,6178474,,,102.46,0,102.46,
55,2016-11-17 00:00:00,0,4931,0,408,1974,2015,2016,0,0,10,0,0,10,PSDB,DF,IZALCI LUCAS,00000000000001,TELEFONIA,,CELULAR FUNCIONAL,6178486,,,102.46,0,102.46,
55,2016-12-14 00:00:00,0,4931,0,408,1974,2015,2016,0,0,11,0,0,10,PSDB,DF,IZALCI LUCAS,00000000000001,TELEFONIA,,CELULAR FUNCIONAL,6186308,,,102.46,0,102.46,
55,2017-01-18 00:00:00,0,4931,0,408,1974,2015,2016,0,0,12,0,0,10,PSDB,DF,IZALCI LUCAS,00000000000001,TELEFONIA,,CELULAR FUNCIONAL,6236322,,,102.46,0,102.46,
55,2016-07-06 15:57:48,0,73579,1,410,1472,2015,2016,0,0,7,0,0,11,DEM,DF,ALBERTO FRAGA,00000000000007,SERVIÇOS POSTAIS,,CORREIOS - (EM DESUSO) DOCUMENTO PRIORITÁRIO REGISTRADO COM AR,RSP : 2169511,,,46.6,0,46.6,
55,2016-12-14 12:17:14,0,73579,1,410,1472,2015,2016,0,0,12,0,0,11,DEM,DF,ALBERTO FRAGA,00000000000007,SERVIÇOS POSTAIS,,CORREIOS - CARTA COMERCIAL,RSP : 2185536,,,238,0,238,
55,2016-12-19 12:10:24,0,73579,1,410,1472,2015,2016,0,0,12,0,0,11,DEM,DF,ALBERTO FRAGA,00000000000007,SERVIÇOS POSTAIS,,CORREIOS - CARTA COMERCIAL,RSP : 2186292,,,8.5,0,8.5,
55,2016-02-02 14:17:01,0,73579,1,410,1472,2015,2016,0,0,2,0,0,11,DEM,DF,ALBERTO FRAGA,00000000000007,SERVIÇOS POSTAIS,,CORREIOS - CARTA REGISTRADA,RSP : 2151477,,,16.3,0,16.3,
55,2016-02-04 15:14:27,0,73579,1,410,1472,2015,2016,0,0,2,0,0,11,DEM,DF,ALBERTO FRAGA,00000000000007,SERVIÇOS POSTAIS,,CORREIOS - CARTA REGISTRADA,RSP : 2151904,,,6.85,0,6.85,
55,2016-04-25 16:10:52,0,73579,1,410,1472,2015,2016,0,0,4,0,0,11,DEM,DF,ALBERTO FRAGA,00000000000007,SERVIÇOS POSTAIS,,CORREIOS - CARTA REGISTRADA,RSP : 2161041,,,5.4,0,5.4,
55,2016-07-06 15:53:15,0,73579,1,410,1472,2015,2016,0,0,7,0,0,11,DEM,DF,ALBERTO FRAGA,00000000000007,SERVIÇOS POSTAIS,,CORREIOS - CARTA REGISTRADA,RSP : 2169501,,,145.65,0,145.65,
55,2016-07-06 15:57:16,0,73579,1,410,1472,2015,2016,0,0,7,0,0,11,DEM,DF,ALBERTO FRAGA,00000000000007,SERVIÇOS POSTAIS,,CORREIOS - CARTA REGISTRADA,RSP : 2169502,,,15.1,0,15.1,
55,2016-07-07 14:35:49,0,73579,1,410,1472,2015,2016,0,0,7,0,0,11,DEM,DF,ALBERTO FRAGA,00000000000007,SERVIÇOS POSTAIS,,CORREIOS - CARTA REGISTRADA,RSP : 2169655,,,15.1,0,15.1,
55,2016-07-11 14:43:21,0,73579,1,410,1472,2015,2016,0,0,7,0,0,11,DEM,DF,ALBERTO FRAGA,00000000000007,SERVIÇOS POSTAIS,,CORREIOS - CARTA REGISTRADA,RSP : 2169946,,,45.3,0,45.3,
55,2016-08-02 11:30:51,0,73579,1,410,1472,2015,2016,0,0,8,0,0,11,DEM,DF,ALBERTO FRAGA,00000000000007,SERVIÇOS POSTAIS,,CORREIOS - CARTA REGISTRADA,RSP : 2171944,,,7.55,0,7.55,
55,2016-08-02 14:28:57,0,73579,1,410,1472,2015,2016,0,0,8,0,0,11,DEM,DF,ALBERTO FRAGA,00000000000007,SERVIÇOS POSTAIS,,CORREIOS - CARTA REGISTRADA,RSP : 2171985,,,7.55,0,7.55,
55,2016-08-10 16:36:16,0,73579,1,410,1472,2015,2016,0,0,8,0,0,11,DEM,DF,ALBERTO FRAGA,00000000000007,SERVIÇOS POSTAIS,,CORREIOS - CARTA REGISTRADA,RSP : 2172848,,,9,0,9,
55,2016-09-29 13:08:19,0,73579,1,410,1472,2015,2016,0,0,9,0,0,11,DEM,DF,ALBERTO FRAGA,00000000000007,SERVIÇOS POSTAIS,,CORREIOS - CARTA REGISTRADA,RSP : 2177907,,,6.65,0,6.65,
55,2016-10-04 11:50:42,0,73579,1,410,1472,2015,2016,0,0,10,0,0,11,DEM,DF,ALBERTO FRAGA,00000000000007,SERVIÇOS POSTAIS,,CORREIOS - CARTA REGISTRADA,RSP : 2178158,,,6,0,6,
55,2016-03-30 17:00:52,0,73579,1,410,1472,2015,2016,0,0,3,0,0,11,DEM,DF,ALBERTO FRAGA,00000000000007,SERVIÇOS POSTAIS,,CORREIOS - ENCOMENDA PAC,RSP : 2158386,,,163.15,0,163.15,
55,2016-12-05 15:10:51,0,73579,1,410,1472,2015,2016,0,0,12,0,0,11,DEM,DF,ALBERTO FRAGA,00000000000007,SERVIÇOS POSTAIS,,CORREIOS - ENCOMENDA PAC COM AR,RSP : 2184376,,,50.54,0,50.54,
55,2016-02-16 17:01:59,0,73579,1,410,1472,2015,2016,0,0,2,0,0,11,DEM,DF,ALBERTO FRAGA,00000000000007,SERVIÇOS POSTAIS,,CORREIOS - SEDEX CONVENCIONAL,RSP : 2152665,,,38.19,0,38.19,
55,2016-04-27 15:29:49,0,73579,1,410,1472,2015,2016,0,0,4,0,0,11,DEM,DF,ALBERTO FRAGA,00000000000007,SERVIÇOS POSTAIS,,CORREIOS - SEDEX CONVENCIONAL,RSP : 2161369,,,52.26,0,52.26,
55,2016-08-17 16:47:52,0,73579,1,410,1472,2015,2016,0,0,8,0,0,11,DEM,DF,ALBERTO FRAGA,00000000000007,SERVIÇOS POSTAIS,,CORREIOS - SEDEX CONVENCIONAL,RSP : 2173715,,,76.67,0,76.67,
55,2016-09-19 10:17:56,0,73579,1,410,1472,2015,2016,0,0,9,0,0,11,DEM,DF,ALBERTO FRAGA,00000000000007,SERVIÇOS POSTAIS,,CORREIOS - SEDEX CONVENCIONAL,RSP : 2176742,,,45.18,0,45.18,
55,2016-09-19 10:17:21,0,73579,1,410,1472,2015,2016,0,0,9,0,0,11,DEM,DF,ALBERTO FRAGA,00000000000007,SERVIÇOS POSTAIS,,CORREIOS - SEDEX CONVENCIONAL,RSP : 2176748,,,54.68,0,54.68,
55,2016-12-20 17:22:33,0,73579,1,410,1472,2015,2016,0,0,12,0,0,11,DEM,DF,ALBERTO FRAGA,00000000000007,SERVIÇOS POSTAIS,,CORREIOS - SEDEX CONVENCIONAL,RSP : 2186481,,,50.37,0,50.37,
55,2016-02-18 00:00:00,1262873,73579,0,410,1472,2015,2016,0,0,2,0,0,999,DEM,DF,ALBERTO FRAGA,02575829000148,Emissão Bilhete Aéreo,,Cia Aérea - AVIANCA,Bilhete: 2420542025,ALBERTO FRAGA,BSB/AJU,335.83,0,335.83,
55,2016-02-18 00:00:00,1262874,73579,0,410,1472,2015,2016,0,0,2,0,0,999,DEM,DF,ALBERTO FRAGA,02575829000148,Emissão Bilhete Aéreo,,Cia Aérea - AVIANCA,Bilhete: 2420542026,ALBERTO FRAGA,AJU/BSB,329.35,0,329.35,
55,2016-03-23 00:00:00,1280594,73579,0,410,1472,2015,2016,0,0,3,0,0,999,DEM,DF,ALBERTO FRAGA,02575829000148,Emissão Bilhete Aéreo,,Cia Aérea - AVIANCA,Bilhete: 2421813581,ALBERTO FRAGA,BSB/AJU,1330.83,0,1330.83,
55,2016-03-23 00:00:00,1280595,73579,0,410,1472,2015,2016,0,0,3,0,0,999,DEM,DF,ALBERTO FRAGA,02575829000148,Emissão Bilhete Aéreo,,Cia Aérea - AVIANCA,Bilhete: 2421813582,ALBERTO FRAGA,AJU/BSB,393.76,0,393.76,
55,2016-07-13 00:00:00,1324631,73579,0,410,1472,2015,2016,0,0,7,0,0,999,DEM,DF,ALBERTO FRAGA,02575829000148,Emissão Bilhete Aéreo,,Cia Aérea - AVIANCA,Bilhete: 2423613704,ALBERTO FRAGA,AJU/BSB,690.76,0,690.76,
55,2016-07-13 00:00:00,1324630,73579,0,410,1472,2015,2016,0,0,7,0,0,999,DEM,DF,ALBERTO FRAGA,02575829000148,Emissão Bilhete Aéreo,,Cia Aérea - AVIANCA,Bilhete: 2423613704,ALBERTO FRAGA,BSB/AJU,694.73,0,694.73,
55,2016-08-04 10:09:52,0,73655,1,411,359,2015,2016,0,0,8,0,0,11,SOLIDARIEDADE,DF,AUGUSTO CARVALHO,00000000000007,SERVIÇOS POSTAIS,,CORREIOS - CARTA REGISTRADA,RSP : 2172257,,,6,0,6,
55,2016-09-26 13:24:08,0,73655,1,411,359,2015,2016,0,0,9,0,0,11,SOLIDARIEDADE,DF,AUGUSTO CARVALHO,00000000000007,SERVIÇOS POSTAIS,,CORREIOS - CARTA REGISTRADA,RSP : 2177445,,,91.8,0,91.8,
55,2016-04-06 16:18:25,0,73655,1,411,359,2015,2016,0,0,4,0,0,11,SOLIDARIEDADE,DF,AUGUSTO CARVALHO,00000000000007,SERVIÇOS POSTAIS,,CORREIOS - ENCOMENDA PAC,RSP : 2159056,,,13.32,0,13.32,
55,2016-04-07 17:17:16,0,73655,1,411,359,2015,2016,0,0,4,0,0,11,SOLIDARIEDADE,DF,AUGUSTO CARVALHO,00000000000007,SERVIÇOS POSTAIS,,CORREIOS - ENCOMENDA PAC,RSP : 2159057,,,15.92,0,15.92,
55,2016-09-26 13:23:02,0,73655,1,411,359,2015,2016,0,0,9,0,0,11,SOLIDARIEDADE,DF,AUGUSTO CARVALHO,00000000000007,SERVIÇOS POSTAIS,,CORREIOS - ENCOMENDA PAC,RSP : 2177446,,,52.92,0,52.92,
55,2016-10-24 17:55:07,0,73655,1,411,359,2015,2016,0,0,10,0,0,11,SOLIDARIEDADE,DF,AUGUSTO CARVALHO,00000000000007,SERVIÇOS POSTAIS,,CORREIOS - ENCOMENDA PAC,RSP : 2179975,,,17.35,0,17.35,
55,2016-03-10 10:53:53,0,73655,1,411,359,2015,2016,0,0,3,0,0,11,SOLIDARIEDADE,DF,AUGUSTO CARVALHO,00000000000007,SERVIÇOS POSTAIS,,CORREIOS - SEDEX 10,RSP : 2155937,,,77.7,0,77.7,
55,2016-05-09 15:49:08,0,73655,1,411,359,2015,2016,0,0,5,0,0,11,SOLIDARIEDADE,DF,AUGUSTO CARVALHO,00000000000007,SERVIÇOS POSTAIS,,CORREIOS - SEDEX 10,RSP : 2162781,,,25.8,0,25.8,
55,2016-05-09 15:22:39,0,73655,1,411,359,2015,2016,0,0,5,0,0,11,SOLIDARIEDADE,DF,AUGUSTO CARVALHO,00000000000007,SERVIÇOS POSTAIS,,CORREIOS - SEDEX 10,RSP : 2162783,,,75,0,75,
55,2016-05-16 17:18:09,0,73655,1,411,359,2015,2016,0,0,5,0,0,11,SOLIDARIEDADE,DF,AUGUSTO CARVALHO,00000000000007,SERVIÇOS POSTAIS,,CORREIOS - SEDEX CONVENCIONAL,RSP : 2163744,,,122.38,0,122.38,
55,2016-05-31 17:07:28,0,73655,1,411,359,2015,2016,0,0,5,0,0,11,SOLIDARIEDADE,DF,AUGUSTO CARVALHO,00000000000007,SERVIÇOS POSTAIS,,CORREIOS - SEDEX CONVENCIONAL,RSP : 2163745,,,77.31,0,77.31,
55,2016-07-12 16:00:37,0,73655,1,411,359,2015,2016,0,0,7,0,0,11,SOLIDARIEDADE,DF,AUGUSTO CARVALHO,00000000000007,SERVIÇOS POSTAIS,,CORREIOS - SEDEX CONVENCIONAL,RSP : 2170152,,,78.76,0,78.76,
55,2016-05-18 00:00:00,1343706,73655,0,411,359,2015,2016,0,0,5,0,0,999,SOLIDARIEDADE,DF,AUGUSTO CARVALHO,02012862000160,Emissão Bilhete Aéreo,,Cia Aérea - TAM,Bilhete: 957-2130.023925,AUGUSTO CARVALHO,BSB/CGH/CNF/BSB,1380.21,0,1380.21,
55,2016-05-25 00:00:00,1343709,73655,0,411,359,2015,2016,0,0,5,0,0,999,SOLIDARIEDADE,DF,AUGUSTO CARVALHO,02012862000160,Emissão Bilhete Aéreo,,Cia Aérea - TAM,Bilhete: 957-2130.024784,AUGUSTO CARVALHO,CGH/BSB,532,0,532,
55,2016-05-25 00:00:00,1343269,73655,0,411,359,2015,2016,0,0,5,0,0,999,SOLIDARIEDADE,DF,AUGUSTO CARVALHO,02012862000160,Emissão Bilhete Aéreo,,Cia Aérea - TAM,Bilhete: 957-4554.071994,AUGUSTO CARVALHO,BSB/BSB,200,0,200,
55,2016-06-06 11:59:03,0,141478,1,412,1867,2015,2016,0,0,6,0,0,11,PR,DF,LAERTE BESSA,00000000000007,SERVIÇOS POSTAIS,,CORREIOS - CARTA REGISTRADA COM AR,RSP : 2165948,,,9.9,0,9.9,
55,2016-01-15 11:34:35,0,141478,1,412,1867,2015,2016,0,0,1,0,0,11,PR,DF,LAERTE BESSA,00000000000007,SERVIÇOS POSTAIS,,CORREIOS - SEDEX CONVENCIONAL,RSP : 2150096,,,45.48,0,45.48,
55,2016-01-12 00:00:00,0,160426,0,413,2031,2015,2016,0,0,1,0,0,10,PSD,DF,ROGÉRIO ROSSO,00000000000001,TELEFONIA,,CELULAR FUNCIONAL,5895660,,,120.48,0,120.48,
55,2016-02-21 23:00:00,0,160426,0,413,2031,2015,2016,0,0,2,0,0,10,PSD,DF,ROGÉRIO ROSSO,00000000000001,TELEFONIA,,CELULAR FUNCIONAL,5956677,,,121.16,0,121.16,
55,2016-02-21 23:00:00,0,160426,0,413,2031,2015,2016,0,0,1,0,0,10,PSD,DF,ROGÉRIO ROSSO,00000000000001,TELEFONIA,,CELULAR FUNCIONAL,5956677,,,203.96,0,203.96,
55,2016-03-17 00:00:00,0,160426,0,413,2031,2015,2016,0,0,3,0,0,10,PSD,DF,ROGÉRIO ROSSO,00000000000001,TELEFONIA,,CELULAR FUNCIONAL,5963747,,,121.59,0,121.59,
55,2016-03-17 00:00:00,0,160426,0,413,2031,2015,2016,0,0,2,0,0,10,PSD,DF,ROGÉRIO ROSSO,00000000000001,TELEFONIA,,CELULAR FUNCIONAL,5963747,,,201.79,0,201.79,
55,2016-04-14 00:00:00,0,160426,0,413,2031,2015,2016,0,0,4,0,0,10,PSD,DF,ROGÉRIO ROSSO,00000000000001,TELEFONIA,,CELULAR FUNCIONAL,6021911,,,121.06,0,121.06,
55,2016-04-14 00:00:00,0,160426,0,413,2031,2015,2016,0,0,3,0,0,10,PSD,DF,ROGÉRIO ROSSO,00000000000001,TELEFONIA,,CELULAR FUNCIONAL,6021911,,,178.56,0,178.56,
55,2016-05-12 00:00:00,0,160426,0,413,2031,2015,2016,0,0,5,0,0,10,PSD,DF,ROGÉRIO ROSSO,00000000000001,TELEFONIA,,CELULAR FUNCIONAL,6031494,,,120.48,0,120.48,
55,2016-05-12 00:00:00,0,160426,0,413,2031,2015,2016,0,0,4,0,0,10,PSD,DF,ROGÉRIO ROSSO,00000000000001,TELEFONIA,,CELULAR FUNCIONAL,6031494,,,186.05,0,186.05,
55,2016-06-15 00:00:00,0,160426,0,413,2031,2015,2016,0,0,5,0,0,10,PSD,DF,ROGÉRIO ROSSO,00000000000001,TELEFONIA,,CELULAR FUNCIONAL,6158814,,,403.84,0,403.84,
55,2016-07-13 00:00:00,0,160426,0,413,2031,2015,2016,0,0,7,0,0,10,PSD,DF,ROGÉRIO ROSSO,00000000000001,TELEFONIA,,CELULAR FUNCIONAL,6162394,,,0.44,0,0.44,
55,2016-07-13 00:00:00,0,160426,0,413,2031,2015,2016,0,0,5,0,0,10,PSD,DF,ROGÉRIO ROSSO,00000000000001,TELEFONIA,,CELULAR FUNCIONAL,6162394,,,13.14,0,13.14,
55,2016-07-13 00:00:00,0,160426,0,413,2031,2015,2016,0,0,6,0,0,10,PSD,DF,ROGÉRIO ROSSO,00000000000001,TELEFONIA,,CELULAR FUNCIONAL,6162394,,,291.66,0,291.66,
55,2016-12-01 00:00:00,0,160426,0,413,2031,2015,2016,0,0,5,0,0,10,PSD,DF,ROGÉRIO ROSSO,00000000000001,TELEFONIA,,CELULAR FUNCIONAL,6163879,,,6.81,0,6.81,
55,2016-12-01 00:00:00,0,160426,0,413,2031,2015,2016,0,0,7,0,0,10,PSD,DF,ROGÉRIO ROSSO,00000000000001,TELEFONIA,,CELULAR FUNCIONAL,6163879,,,395.54,0,395.54,
55,2016-09-13 00:00:00,0,160426,0,413,2031,2015,2016,0,0,9,0,0,10,PSD,DF,ROGÉRIO ROSSO,00000000000001,TELEFONIA,,CELULAR FUNCIONAL,6166358,,,0.24,0,0.24,
55,2016-09-13 00:00:00,0,160426,0,413,2031,2015,2016,0,0,7,0,0,10,PSD,DF,ROGÉRIO ROSSO,00000000000001,TELEFONIA,,CELULAR FUNCIONAL,6166358,,,10.46,0,10.46,
55,2016-09-13 00:00:00,0,160426,0,413,2031,2015,2016,0,0,8,0,0,10,PSD,DF,ROGÉRIO ROSSO,00000000000001,TELEFONIA,,CELULAR FUNCIONAL,6166358,,,323.4,0,323.4,
55,2016-10-13 00:00:00,0,160426,0,413,2031,2015,2016,0,0,10,0,0,10,PSD,DF,ROGÉRIO ROSSO,00000000000001,TELEFONIA,,CELULAR FUNCIONAL,6166370,,,0.26,0,0.26,
55,2016-10-13 00:00:00,0,160426,0,413,2031,2015,2016,0,0,8,0,0,10,PSD,DF,ROGÉRIO ROSSO,00000000000001,TELEFONIA,,CELULAR FUNCIONAL,6166370,,,0.31,0,0.31,
55,2016-10-13 00:00:00,0,160426,0,413,2031,2015,2016,0,0,9,0,0,10,PSD,DF,ROGÉRIO ROSSO,00000000000001,TELEFONIA,,CELULAR FUNCIONAL,6166370,,,362.92,0,362.92,
55,2016-11-17 00:00:00,0,160426,0,413,2031,2015,2016,0,0,11,0,0,10,PSD,DF,ROGÉRIO ROSSO,00000000000001,TELEFONIA,,CELULAR FUNCIONAL,6167340,,,3.53,0,3.53,
55,2016-11-17 00:00:00,0,160426,0,413,2031,2015,2016,0,0,10,0,0,10,PSD,DF,ROGÉRIO ROSSO,00000000000001,TELEFONIA,,CELULAR FUNCIONAL,6167340,,,445.98,0,445.98,
55,2016-12-14 00:00:00,0,160426,0,413,2031,2015,2016,0,0,12,0,0,10,PSD,DF,ROGÉRIO ROSSO,00000000000001,TELEFONIA,,CELULAR FUNCIONAL,6180437,,,1.26,0,1.26,
55,2016-12-14 00:00:00,0,160426,0,413,2031,2015,2016,0,0,11,0,0,10,PSD,DF,ROGÉRIO ROSSO,00000000000001,TELEFONIA,,CELULAR FUNCIONAL,6180437,,,350.73,0,350.73,
55,2017-01-18 00:00:00,0,160426,0,413,2031,2015,2016,0,0,11,0,0,10,PSD,DF,ROGÉRIO ROSSO,00000000000001,TELEFONIA,,CELULAR FUNCIONAL,6235888,,,0.12,0,0.12,
55,2017-01-18 00:00:00,0,160426,0,413,2031,2015,2016,0,0,12,0,0,10,PSD,DF,ROGÉRIO ROSSO,00000000000001,TELEFONIA,,CELULAR FUNCIONAL,6235888,,,384.42,0,384.42,
55,2016-03-14 12:20:53,0,160426,1,413,2031,2015,2016,0,0,3,0,0,11,PSD,DF,ROGÉRIO ROSSO,00000000000007,SERVIÇOS POSTAIS,,CORREIOS - CARTA COMERCIAL,RSP : 2156324,,,15,0,15,
55,2016-03-29 13:36:14,0,160426,1,413,2031,2015,2016,0,0,3,0,0,11,PSD,DF,ROGÉRIO ROSSO,00000000000007,SERVIÇOS POSTAIS,,CORREIOS - CARTA COMERCIAL,RSP : 2158078,,,24.5,0,24.5,
55,2016-04-14 14:55:19,0,160426,1,413,2031,2015,2016,0,0,4,0,0,11,PSD,DF,ROGÉRIO ROSSO,00000000000007,SERVIÇOS POSTAIS,,CORREIOS - CARTA COMERCIAL,RSP : 2160226,,,44.1,0,44.1,
55,2016-05-18 15:50:32,0,160426,1,413,2031,2015,2016,0,0,5,0,0,11,PSD,DF,ROGÉRIO ROSSO,00000000000007,SERVIÇOS POSTAIS,,CORREIOS - CARTA COMERCIAL,RSP : 2164022,,,49,0,49,
55,2016-06-13 17:24:35,0,160426,1,413,2031,2015,2016,0,0,6,0,0,11,PSD,DF,ROGÉRIO ROSSO,00000000000007,SERVIÇOS POSTAIS,,CORREIOS - CARTA COMERCIAL,RSP : 2166881,,,14.7,0,14.7,
55,2016-06-29 15:54:40,0,160426,1,413,2031,2015,2016,0,0,6,0,0,11,PSD,DF,ROGÉRIO ROSSO,00000000000007,SERVIÇOS POSTAIS,,CORREIOS - CARTA COMERCIAL,RSP : 2168697,,,43.2,0,43.2,
55,2016-07-11 15:24:31,0,160426,1,413,2031,2015,2016,0,0,7,0,0,11,PSD,DF,ROGÉRIO ROSSO,00000000000007,SERVIÇOS POSTAIS,,CORREIOS - CARTA COMERCIAL,RSP : 2169956,,,21.6,0,21.6,
55,2016-08-02 16:17:13,0,160426,1,413,2031,2015,2016,0,0,8,0,0,11,PSD,DF,ROGÉRIO ROSSO,00000000000007,SERVIÇOS POSTAIS,,CORREIOS - CARTA COMERCIAL,RSP : 2172048,,,3.25,0,3.25,
55,2016-10-18 14:45:07,0,160426,1,413,2031,2015,2016,0,0,10,0,0,11,PSD,DF,ROGÉRIO ROSSO,00000000000007,SERVIÇOS POSTAIS,,CORREIOS - CARTA COMERCIAL,RSP : 2179499,,,42.5,0,42.5,
55,2016-11-10 10:44:01,0,160426,1,413,2031,2015,2016,0,0,11,0,0,11,PSD,DF,ROGÉRIO ROSSO,00000000000007,SERVIÇOS POSTAIS,,CORREIOS - CARTA COMERCIAL,RSP : 2181728,,,37.8,0,37.8,
55,2016-12-21 12:36:04,0,160426,1,413,2031,2015,2016,0,0,12,0,0,11,PSD,DF,ROGÉRIO ROSSO,00000000000007,SERVIÇOS POSTAIS,,CORREIOS - CARTA COMERCIAL,RSP : 2186671,,,64.8,0,64.8,
55,2016-02-26 11:59:01,0,160426,1,413,2031,2015,2016,0,0,2,0,0,11,PSD,DF,ROGÉRIO ROSSO,00000000000007,SERVIÇOS POSTAIS,,CORREIOS - ENCOMENDA PAC,RSP : 2154204,,,72,0,72,
55,2016-05-10 11:27:47,0,160426,1,413,2031,2015,2016,0,0,5,0,0,11,PSD,DF,ROGÉRIO ROSSO,00000000000007,SERVIÇOS POSTAIS,,CORREIOS - ENCOMENDA PAC,RSP : 2162819,,,68.94,0,68.94,
55,2016-02-02 12:10:25,0,160426,1,413,2031,2015,2016,0,0,2,0,0,11,PSD,DF,ROGÉRIO ROSSO,00000000000007,SERVIÇOS POSTAIS,,CORREIOS - SEDEX 10,RSP : 2151430,,,57,0,57,
55,2016-07-25 16:28:32,0,160426,1,413,2031,2015,2016,0,0,7,0,0,11,PSD,DF,ROGÉRIO ROSSO,00000000000007,SERVIÇOS POSTAIS,,CORREIOS - SEDEX 10,RSP : 2171420,,,61.4,0,61.4,
55,2016-02-18 12:43:03,0,160426,1,413,2031,2015,2016,0,0,2,0,0,11,PSD,DF,ROGÉRIO ROSSO,00000000000007,SERVIÇOS POSTAIS,,CORREIOS - SEDEX CONVENCIONAL,RSP : 2153068,,,40.35,0,40.35,
55,2016-03-16 16:21:29,0,160426,1,413,2031,2015,2016,0,0,3,0,0,11,PSD,DF,ROGÉRIO ROSSO,00000000000007,SERVIÇOS POSTAIS,,CORREIOS - SEDEX CONVENCIONAL,RSP : 2156898,,,45.48,0,45.48,
55,2016-04-29 16:59:59,0,160426,1,413,2031,2015,2016,0,0,4,0,0,11,PSD,DF,ROGÉRIO ROSSO,00000000000007,SERVIÇOS POSTAIS,,CORREIOS - SEDEX CONVENCIONAL,RSP : 2161668,,,30.39,0,30.39,
55,2016-03-03 11:50:26,0,160426,1,413,2031,2015,2016,0,0,3,0,0,11,PSD,DF,ROGÉRIO ROSSO,00000000000007,SERVIÇOS POSTAIS,,CORREIOS - TELEGRAMA,RSP : 2154792,,,12.35,0,12.35,
55,2016-03-18 13:43:02,0,160426,1,413,2031,2015,2016,0,0,3,0,0,11,PSD,DF,ROGÉRIO ROSSO,00000000000007,SERVIÇOS POSTAIS,,CORREIOS - TELEGRAMA,RSP : 2157154,,,24.7,0,24.7,
55,2016-08-31 17:09:54,0,160426,1,413,2031,2015,2016,0,0,8,0,0,11,PSD,DF,ROGÉRIO ROSSO,00000000000007,SERVIÇOS POSTAIS,,CORREIOS - TELEGRAMA,RSP : 2175129,,,13.65,0,13.65,
55,2016-11-24 00:00:00,1375644,160426,0,413,2031,2015,2016,0,0,11,0,0,999,PSD,DF,ROGÉRIO ROSSO,02575829000148,Emissão Bilhete Aéreo,,Cia Aérea - AVIANCA,Bilhete: 2426462616,ROGÉRIO ROSSO,CGH/BSB,686.68,0,686.68,
55,2016-11-24 00:00:00,1375627,160426,0,413,2031,2015,2016,0,0,11,0,0,999,PSD,DF,ROGÉRIO ROSSO,02575829000148,Emissão Bilhete Aéreo,,Cia Aérea - AVIANCA,Bilhete: 2426462626,ROGÉRIO ROSSO,BSB/GRU,1237.79,0,1237.79,
55,2016-11-24 00:00:00,1393292,160426,0,413,2031,2015,2016,0,0,11,0,0,999,PSD,DF,ROGÉRIO ROSSO,02575829000148,Emissão Bilhete Aéreo,,Cia Aérea - AVIANCA,Comp-2426462616,ROGÉRIO ROSSO,CGH/BSB,-554.88,0,-554.88,
55,2016-10-20 00:00:00,1366727,160426,0,413,2031,2015,2016,0,0,10,0,0,999,PSD,DF,ROGÉRIO ROSSO,07575651000159,Emissão Bilhete Aéreo,,Cia Aérea - GOL,Bilhete: 9572137355103,ROGÉRIO ROSSO,GRU/CNF,1528.53,0,1528.53,
55,2016-12-02 00:00:00,1380250,160426,0,413,2031,2015,2016,0,0,12,0,0,999,PSD,DF,ROGÉRIO ROSSO,07575651000159,Emissão Bilhete Aéreo,,Cia Aérea - GOL,Bilhete: AI7NMG,ROGÉRIO ROSSO,UDI/CGH,413.66,0,413.66,
55,2016-10-06 00:00:00,1357095,160426,0,413,2031,2015,2016,0,0,10,0,0,999,PSD,DF,ROGÉRIO ROSSO,07575651000159,Emissão Bilhete Aéreo,,Cia Aérea - GOL,Bilhete: GDB2YI,ROGÉRIO ROSSO,BSB/CGH/BSB,3293.27,0,3293.27,
55,2016-11-17 00:00:00,1374016,160426,0,413,2031,2015,2016,0,0,11,0,0,999,PSD,DF,ROGÉRIO ROSSO,07575651000159,Emissão Bilhete Aéreo,,Cia Aérea - GOL,Bilhete: JE395S,ROGÉRIO ROSSO,SDU/CGH,1400.58,0,1400.58,
55,2016-12-15 00:00:00,1385332,160426,0,413,2031,2015,2016,0,0,12,0,0,999,PSD,DF,ROGÉRIO ROSSO,07575651000159,Emissão Bilhete Aéreo,,Cia Aérea - GOL,Bilhete: ODT7SI,ROGÉRIO ROSSO,CGH/BSB,1348.58,0,1348.58,
55,2016-10-20 00:00:00,1366668,160426,0,413,2031,2015,2016,0,0,10,0,0,999,PSD,DF,ROGÉRIO ROSSO,07575651000159,Emissão Bilhete Aéreo,,Cia Aérea - GOL,Bilhete: RJYDPG,ROGÉRIO ROSSO,BSB/CGH,1378.69,0,1378.69,
55,2016-10-26 00:00:00,1369549,160426,0,413,2031,2015,2016,0,0,10,0,0,999,PSD,DF,ROGÉRIO ROSSO,07575651000159,Emissão Bilhete Aéreo,,Cia Aérea - GOL,Bilhete: UHWPRM,ROGÉRIO ROSSO,BSB/CGH/BSB,2670.27,0,2670.27,
55,2016-10-10 00:00:00,1366130,160426,0,413,2031,2015,2016,0,0,10,0,0,999,PSD,DF,ROGÉRIO ROSSO,07575651000159,Emissão Bilhete Aéreo,,Cia Aérea - GOL,Bilhete: XJU44D,ROGÉRIO ROSSO,BSB/CGH/BSB,3092.27,0,3092.27,
55,2016-11-24 00:00:00,1375237,160426,0,413,2031,2015,2016,0,0,11,0,0,999,PSD,DF,ROGÉRIO ROSSO,07575651000159,Emissão Bilhete Aéreo,,Cia Aérea - GOL,Bilhete: YB3LSE,ROGÉRIO ROSSO,BSB/GRU,1630.69,0,1630.69,
55,2016-12-16 00:00:00,1385492,160426,0,413,2031,2015,2016,0,0,12,0,0,999,PSD,DF,ROGÉRIO ROSSO,07575651000159,Emissão Bilhete Aéreo,,Cia Aérea - GOL,Comp-ODT7SI,ROGÉRIO ROSSO,BSB/BSB,-1198.58,0,-1198.58,
55,2016-11-27 00:00:00,1375295,160426,0,413,2031,2015,2016,0,0,11,0,0,999,PSD,DF,ROGÉRIO ROSSO,07575651000159,Emissão Bilhete Aéreo,,Cia Aérea - GOL,Comp-YB3LSE,ROGÉRIO ROSSO,BSB/BSB,-1630.69,0,-1630.69,
55,2016-11-18 00:00:00,1378510,160426,0,413,2031,2015,2016,0,0,11,0,0,999,PSD,DF,ROGÉRIO ROSSO,02012862000160,Emissão Bilhete Aéreo,,Cia Aérea - TAM,Bilhete: 957-2003.031846,ROGÉRIO ROSSO,BSB/BSB,49,0,49,
55,2016-12-21 00:00:00,1390180,160426,0,413,2031,2015,2016,0,0,12,0,0,999,PSD,DF,ROGÉRIO ROSSO,02012862000160,Emissão Bilhete Aéreo,,Cia Aérea - TAM,Bilhete: 957-2003.128367,ROGÉRIO ROSSO,BSB/BSB,40,0,40,
55,2016-03-09 00:00:00,1276084,160426,0,413,2031,2015,2016,0,0,3,0,0,999,PSD,DF,ROGÉRIO ROSSO,02012862000160,Emissão Bilhete Aéreo,,Cia Aérea - TAM,Bilhete: 957-2126.408539,ROGÉRIO ROSSO,BSB/SDU/BSB,2807.41,0,2807.41,
55,2016-08-03 00:00:00,1347642,160426,0,413,2031,2015,2016,0,0,8,0,0,999,PSD,DF,ROGÉRIO ROSSO,02012862000160,Emissão Bilhete Aéreo,,Cia Aérea - TAM,Bilhete: 957-2133.146817,ROGÉRIO ROSSO,BSB/SDU,1406.63,0,1406.63,
55,2016-08-03 00:00:00,1347643,160426,0,413,2031,2015,2016,0,0,8,0,0,999,PSD,DF,ROGÉRIO ROSSO,02012862000160,Emissão Bilhete Aéreo,,Cia Aérea - TAM,Bilhete: 957-2133.146818,ROGÉRIO ROSSO,SDU/BSB,1527.68,0,1527.68,
55,2016-09-26 00:00:00,1362289,160426,0,413,2031,2015,2016,0,0,9,0,0,999,PSD,DF,ROGÉRIO ROSSO,02012862000160,Emissão Bilhete Aéreo,,Cia Aérea - TAM,Bilhete: 957-2135.587454,ROGÉRIO ROSSO,CGH/BSB,1378.58,0,1378.58,
55,2016-09-29 00:00:00,1362607,160426,0,413,2031,2015,2016,0,0,9,0,0,999,PSD,DF,ROGÉRIO ROSSO,02012862000160,Emissão Bilhete Aéreo,,Cia Aérea - TAM,Bilhete: 957-2136.252233,ROGÉRIO ROSSO,CGH/BSB,1527.58,0,1527.58,
55,2016-10-20 00:00:00,1369065,160426,0,413,2031,2015,2016,0,0,10,0,0,999,PSD,DF,ROGÉRIO ROSSO,02012862000160,Emissão Bilhete Aéreo,,Cia Aérea - TAM,Bilhete: 957-2137.306267,ROGÉRIO ROSSO,CNF/BSB,412.92,0,412.92,
55,2016-11-17 00:00:00,1379508,160426,0,413,2031,2015,2016,0,0,11,0,0,999,PSD,DF,ROGÉRIO ROSSO,02012862000160,Emissão Bilhete Aéreo,,Cia Aérea - TAM,Bilhete: 957-2138.543818,ROGÉRIO ROSSO,BSB/SDU,1454.29,0,1454.29,
55,2016-11-18 00:00:00,1379511,160426,0,413,2031,2015,2016,0,0,11,0,0,999,PSD,DF,ROGÉRIO ROSSO,02012862000160,Emissão Bilhete Aéreo,,Cia Aérea - TAM,Bilhete: 957-2138.543833,ROGÉRIO ROSSO,CGH/BSB,1318.58,0,1318.58,
55,2016-11-24 00:00:00,1381796,160426,0,413,2031,2015,2016,0,0,11,0,0,999,PSD,DF,ROGÉRIO ROSSO,02012862000160,Emissão Bilhete Aéreo,,Cia Aérea - TAM,Bilhete: 957-2138.680008,ROGÉRIO ROSSO,BSB/CGH,1787.69,0,1787.69,
55,2016-12-02 00:00:00,1384326,160426,0,413,2031,2015,2016,0,0,12,0,0,999,PSD,DF,ROGÉRIO ROSSO,02012862000160,Emissão Bilhete Aéreo,,Cia Aérea - TAM,Bilhete: 957-2139.392998,ROGÉRIO ROSSO,BSB/CGH,1378.69,0,1378.69,
55,2016-12-02 00:00:00,1384327,160426,0,413,2031,2015,2016,0,0,12,0,0,999,PSD,DF,ROGÉRIO ROSSO,02012862000160,Emissão Bilhete Aéreo,,Cia Aérea - TAM,Bilhete: 957-2139.392999,ROGÉRIO ROSSO,CGH/BSB,1627.58,0,1627.58,
55,2016-12-15 00:00:00,1388703,160426,0,413,2031,2015,2016,0,0,12,0,0,999,PSD,DF,ROGÉRIO ROSSO,02012862000160,Emissão Bilhete Aéreo,,Cia Aérea - TAM,Bilhete: 957-2139.861736,ROGÉRIO ROSSO,BSB/CGH,1787.69,0,1787.69,
55,2016-12-15 00:00:00,1388706,160426,0,413,2031,2015,2016,0,0,12,0,0,999,PSD,DF,ROGÉRIO ROSSO,02012862000160,Emissão Bilhete Aéreo,,Cia Aérea - TAM,Bilhete: 957-2139.861740,ROGÉRIO ROSSO,CGH/BSB,1527.58,0,1527.58,
55,2016-12-21 00:00:00,1390797,160426,0,413,2031,2015,2016,0,0,12,0,0,999,PSD,DF,ROGÉRIO ROSSO,02012862000160,Emissão Bilhete Aéreo,,Cia Aérea - TAM,Bilhete: 957-2139.862336,ROGÉRIO ROSSO,BSB/CGH,1378.69,0,1378.69,
55,2016-12-21 00:00:00,1390798,160426,0,413,2031,2015,2016,0,0,12,0,0,999,PSD,DF,ROGÉRIO ROSSO,02012862000160,Emissão Bilhete Aéreo,,Cia Aérea - TAM,Bilhete: 957-2139.862337,ROGÉRIO ROSSO,CGH/BSB,1527.58,0,1527.58,
55,2016-08-03 00:00:00,1351947,160426,0,413,2031,2015,2016,0,0,8,0,0,999,PSD,DF,ROGÉRIO ROSSO,02012862000160,Emissão Bilhete Aéreo,,Cia Aérea - TAM,Comp-957-2133.146818,ROGÉRIO ROSSO,SDU/BSB,-1527.68,0,-1527.68,
55,2016-01-12 00:00:00,0,160575,0,407,2403,2015,2016,0,0,1,0,0,10,PT,DF,Erika Kokay,00000000000001,TELEFONIA,,CELULAR FUNCIONAL,5895438,,,62.3,0,62.3,
55,2016-01-12 00:00:00,0,160575,0,407,2403,2015,2016,0,0,1,0,0,10,PT,DF,Erika Kokay,00000000000001,TELEFONIA,,CELULAR FUNCIONAL,5895660,,,89.33,0,89.33,
55,2016-02-21 23:00:00,0,160575,0,407,2403,2015,2016,0,0,2,0,0,10,PT,DF,Erika Kokay,00000000000001,TELEFONIA,,CELULAR FUNCIONAL,5956677,,,89.47,0,89.47,
55,2016-02-21 23:00:00,0,160575,0,407,2403,2015,2016,0,0,1,0,0,10,PT,DF,Erika Kokay,00000000000001,TELEFONIA,,CELULAR FUNCIONAL,5956677,,,142.27,0,142.27,
55,2016-03-17 00:00:00,0,160575,0,407,2403,2015,2016,0,0,3,0,0,10,PT,DF,Erika Kokay,00000000000001,TELEFONIA,,CELULAR FUNCIONAL,5963747,,,131.36,0,131.36,
55,2016-03-17 00:00:00,0,160575,0,407,2403,2015,2016,0,0,2,0,0,10,PT,DF,Erika Kokay,00000000000001,TELEFONIA,,CELULAR FUNCIONAL,5963747,,,215.17,0,215.17,
55,2016-02-22 00:00:00,0,160575,0,407,2403,2015,2016,0,0,2,0,0,10,PT,DF,Erika Kokay,00000000000001,TELEFONIA,,CELULAR FUNCIONAL,6013701,,,62.3,0,62.3,
55,2016-03-17 00:00:00,0,160575,0,407,2403,2015,2016,0,0,3,0,0,10,PT,DF,Erika Kokay,00000000000001,TELEFONIA,,CELULAR FUNCIONAL,6020411,,,62.28,0,62.28,
55,2016-04-14 00:00:00,0,160575,0,407,2403,2015,2016,0,0,4,0,0,10,PT,DF,Erika Kokay,00000000000001,TELEFONIA,,CELULAR FUNCIONAL,6021911,,,130.76,0,130.76,
55,2016-04-14 00:00:00,0,160575,0,407,2403,2015,2016,0,0,3,0,0,10,PT,DF,Erika Kokay,00000000000001,TELEFONIA,,CELULAR FUNCIONAL,6021911,,,218.59,0,218.59,
55,2016-04-14 00:00:00,0,160575,0,407,2403,2015,2016,0,0,4,0,0,10,PT,DF,Erika Kokay,00000000000001,TELEFONIA,,CELULAR FUNCIONAL,6024993,,,62.28,0,62.28,
55,2016-05-12 00:00:00,0,160575,0,407,2403,2015,2016,0,0,5,0,0,10,PT,DF,Erika Kokay,00000000000001,TELEFONIA,,CELULAR FUNCIONAL,6031494,,,129.85,0,129.85,
55,2016-05-12 00:00:00,0,160575,0,407,2403,2015,2016,0,0,4,0,0,10,PT,DF,Erika Kokay,00000000000001,TELEFONIA,,CELULAR FUNCIONAL,6031494,,,183.25,0,183.25,
55,2016-05-12 00:00:00,0,160575,0,407,2403,2015,2016,0,0,5,0,0,10,PT,DF,Erika Kokay,00000000000001,TELEFONIA,,CELULAR FUNCIONAL,6032569,,,62.3,0,62.3,
55,2016-06-15 00:00:00,0,160575,0,407,2403,2015,2016,0,0,4,0,0,10,PT,DF,Erika Kokay,00000000000001,TELEFONIA,,CELULAR FUNCIONAL,6158814,,,0.16,0,0.16,
55,2016-06-15 00:00:00,0,160575,0,407,2403,2015,2016,0,0,5,0,0,10,PT,DF,Erika Kokay,00000000000001,TELEFONIA,,CELULAR FUNCIONAL,6158814,,,298.92,0,298.92,
55,2016-07-13 00:00:00,0,160575,0,407,2403,2015,2016,0,0,7,0,0,10,PT,DF,Erika Kokay,00000000000001,TELEFONIA,,CELULAR FUNCIONAL,6162394,,,1.09,0,1.09,
55,2016-07-13 00:00:00,0,160575,0,407,2403,2015,2016,0,0,5,0,0,10,PT,DF,Erika Kokay,00000000000001,TELEFONIA,,CELULAR FUNCIONAL,6162394,,,10.28,0,10.28,
55,2016-07-13 00:00:00,0,160575,0,407,2403,2015,2016,0,0,6,0,0,10,PT,DF,Erika Kokay,00000000000001,TELEFONIA,,CELULAR FUNCIONAL,6162394,,,340,0,340,
55,2016-12-01 00:00:00,0,160575,0,407,2403,2015,2016,0,0,5,0,0,10,PT,DF,Erika Kokay,00000000000001,TELEFONIA,,CELULAR FUNCIONAL,6163879,,,5.81,0,5.81,
55,2016-12-01 00:00:00,0,160575,0,407,2403,2015,2016,0,0,7,0,0,10,PT,DF,Erika Kokay,00000000000001,TELEFONIA,,CELULAR FUNCIONAL,6163879,,,913.84,0,913.84,
55,2016-09-13 00:00:00,0,160575,0,407,2403,2015,2016,0,0,8,0,0,10,PT,DF,Erika Kokay,00000000000001,TELEFONIA,,CELULAR FUNCIONAL,6166358,,,328.57,0,328.57,
55,2016-09-13 00:00:00,0,160575,0,407,2403,2015,2016,0,0,7,0,0,10,PT,DF,Erika Kokay,00000000000001,TELEFONIA,,CELULAR FUNCIONAL,6166358,,,393.74,0,393.74,
55,2016-10-13 00:00:00,0,160575,0,407,2403,2015,2016,0,0,10,0,0,10,PT,DF,Erika Kokay,00000000000001,TELEFONIA,,CELULAR FUNCIONAL,6166370,,,0.15,0,0.15,
55,2016-10-13 00:00:00,0,160575,0,407,2403,2015,2016,0,0,9,0,0,10,PT,DF,Erika Kokay,00000000000001,TELEFONIA,,CELULAR FUNCIONAL,6166370,,,340.36,0,340.36,
55,2016-06-15 00:00:00,0,160575,0,407,2403,2015,2016,0,0,5,0,0,10,PT,DF,Erika Kokay,00000000000001,TELEFONIA,,CELULAR FUNCIONAL,6166455,,,62.28,0,62.28,
55,2016-11-17 00:00:00,0,160575,0,407,2403,2015,2016,0,0,11,0,0,10,PT,DF,Erika Kokay,00000000000001,TELEFONIA,,CELULAR FUNCIONAL,6167340,,,187.29,0,187.29,
55,2016-11-17 00:00:00,0,160575,0,407,2403,2015,2016,0,0,10,0,0,10,PT,DF,Erika Kokay,00000000000001,TELEFONIA,,CELULAR FUNCIONAL,6167340,,,279.25,0,279.25,
55,2016-07-13 00:00:00,0,160575,0,407,2403,2015,2016,0,0,6,0,0,10,PT,DF,Erika Kokay,00000000000001,TELEFONIA,,CELULAR FUNCIONAL,6178331,,,62.3,0,62.3,
55,2016-08-11 00:00:00,0,160575,0,407,2403,2015,2016,0,0,7,0,0,10,PT,DF,Erika Kokay,00000000000001,TELEFONIA,,CELULAR FUNCIONAL,6178433,,,62.3,0,62.3,
55,2016-09-13 00:00:00,0,160575,0,407,2403,2015,2016,0,0,8,0,0,10,PT,DF,Erika Kokay,00000000000001,TELEFONIA,,CELULAR FUNCIONAL,6178452,,,62.3,0,62.3,
55,2016-10-13 00:00:00,0,160575,0,407,2403,2015,2016,0,0,9,0,0,10,PT,DF,Erika Kokay,00000000000001,TELEFONIA,,CELULAR FUNCIONAL,6178474,,,62.3,0,62.3,
55,2016-11-17 00:00:00,0,160575,0,407,2403,2015,2016,0,0,10,0,0,10,PT,DF,Erika Kokay,00000000000001,TELEFONIA,,CELULAR FUNCIONAL,6178486,,,62.3,0,62.3,
55,2016-12-14 00:00:00,0,160575,0,407,2403,2015,2016,0,0,12,0,0,10,PT,DF,Erika Kokay,00000000000001,TELEFONIA,,CELULAR FUNCIONAL,6180437,,,0.86,0,0.86,
55,2016-12-14 00:00:00,0,160575,0,407,2403,2015,2016,0,0,11,0,0,10,PT,DF,Erika Kokay,00000000000001,TELEFONIA,,CELULAR FUNCIONAL,6180437,,,281.27,0,281.27,
55,2016-12-14 00:00:00,0,160575,0,407,2403,2015,2016,0,0,11,0,0,10,PT,DF,Erika Kokay,00000000000001,TELEFONIA,,CELULAR FUNCIONAL,6186308,,,62.3,0,62.3,
55,2017-01-18 00:00:00,0,160575,0,407,2403,2015,2016,0,0,12,0,0,10,PT,DF,Erika Kokay,00000000000001,TELEFONIA,,CELULAR FUNCIONAL,6235888,,,303.15,0,303.15,
55,2017-01-18 00:00:00,0,160575,0,407,2403,2015,2016,0,0,12,0,0,10,PT,DF,Erika Kokay,00000000000001,TELEFONIA,,CELULAR FUNCIONAL,6236322,,,62.3,0,62.3,
55,2016-04-25 16:01:43,0,160575,1,407,2403,2015,2016,0,0,4,0,0,11,PT,DF,Erika Kokay,00000000000007,SERVIÇOS POSTAIS,,CORREIOS - CARTA REGISTRADA,RSP : 2160987,,,10.8,0,10.8,
55,2016-05-05 15:56:45,0,160575,1,407,2403,2015,2016,0,0,5,0,0,11,PT,DF,Erika Kokay,00000000000007,SERVIÇOS POSTAIS,,CORREIOS - CARTA REGISTRADA,RSP : 2162533,,,8.8,0,8.8,
55,2016-05-17 13:53:29,0,160575,1,407,2403,2015,2016,0,0,5,0,0,11,PT,DF,Erika Kokay,00000000000007,SERVIÇOS POSTAIS,,CORREIOS - CARTA REGISTRADA,RSP : 2163175,,,10.8,0,10.8,
55,2016-07-14 15:25:18,0,160575,1,407,2403,2015,2016,0,0,7,0,0,11,PT,DF,Erika Kokay,00000000000007,SERVIÇOS POSTAIS,,CORREIOS - CARTA REGISTRADA,RSP : 2170505,,,6,0,6,
55,2016-01-11 13:31:07,0,160575,1,407,2403,2015,2016,0,0,1,0,0,11,PT,DF,Erika Kokay,00000000000007,SERVIÇOS POSTAIS,,CORREIOS - CARTA REGISTRADA COM AR,RSP : 2149721,,,9.3,0,9.3,
55,2016-02-03 11:46:37,0,160575,1,407,2403,2015,2016,0,0,2,0,0,11,PT,DF,Erika Kokay,00000000000007,SERVIÇOS POSTAIS,,CORREIOS - CARTA REGISTRADA COM AR,RSP : 2151469,,,18.6,0,18.6,
55,2016-02-04 13:47:14,0,160575,1,407,2403,2015,2016,0,0,2,0,0,11,PT,DF,Erika Kokay,00000000000007,SERVIÇOS POSTAIS,,CORREIOS - CARTA REGISTRADA COM AR,RSP : 2151668,,,9.3,0,9.3,
55,2016-02-04 13:46:37,0,160575,1,407,2403,2015,2016,0,0,2,0,0,11,PT,DF,Erika Kokay,00000000000007,SERVIÇOS POSTAIS,,CORREIOS - CARTA REGISTRADA COM AR,RSP : 2151877,,,9.3,0,9.3,
55,2016-02-12 14:51:25,0,160575,1,407,2403,2015,2016,0,0,2,0,0,11,PT,DF,Erika Kokay,00000000000007,SERVIÇOS POSTAIS,,CORREIOS - CARTA REGISTRADA COM AR,RSP : 2152376,,,9.3,0,9.3,
55,2016-02-22 12:39:48,0,160575,1,407,2403,2015,2016,0,0,2,0,0,11,PT,DF,Erika Kokay,00000000000007,SERVIÇOS POSTAIS,,CORREIOS - CARTA REGISTRADA COM AR,RSP : 2153428,,,18.6,0,18.6,
55,2016-05-02 13:54:29,0,160575,1,407,2403,2015,2016,0,0,5,0,0,11,PT,DF,Erika Kokay,00000000000007,SERVIÇOS POSTAIS,,CORREIOS - CARTA REGISTRADA COM AR,RSP : 2161858,,,18.6,0,18.6,
55,2016-05-17 13:53:08,0,160575,1,407,2403,2015,2016,0,0,5,0,0,11,PT,DF,Erika Kokay,00000000000007,SERVIÇOS POSTAIS,,CORREIOS - CARTA REGISTRADA COM AR,RSP : 2163836,,,9.9,0,9.9,
55,2016-06-13 11:30:17,0,160575,1,407,2403,2015,2016,0,0,6,0,0,11,PT,DF,Erika Kokay,00000000000007,SERVIÇOS POSTAIS,,CORREIOS - CARTA REGISTRADA COM AR,RSP : 2166682,,,19.2,0,19.2,
55,2016-06-21 10:52:01,0,160575,1,407,2403,2015,2016,0,0,6,0,0,11,PT,DF,Erika Kokay,00000000000007,SERVIÇOS POSTAIS,,CORREIOS - CARTA REGISTRADA COM AR,RSP : 2167694,,,18.6,0,18.6,
55,2016-06-22 10:33:38,0,160575,1,407,2403,2015,2016,0,0,6,0,0,11,PT,DF,Erika Kokay,00000000000007,SERVIÇOS POSTAIS,,CORREIOS - CARTA REGISTRADA COM AR,RSP : 2167848,,,9.3,0,9.3,
55,2016-09-08 13:14:43,0,160575,1,407,2403,2015,2016,0,0,9,0,0,11,PT,DF,Erika Kokay,00000000000007,SERVIÇOS POSTAIS,,CORREIOS - CARTA REGISTRADA COM AR,RSP : 2175846,,,10.3,0,10.3,
55,2016-10-17 11:42:43,0,160575,1,407,2403,2015,2016,0,0,10,0,0,11,PT,DF,Erika Kokay,00000000000007,SERVIÇOS POSTAIS,,CORREIOS - CARTA REGISTRADA COM AR,RSP : 2179347,,,10.95,0,10.95,
55,2016-11-18 13:55:25,0,160575,1,407,2403,2015,2016,0,0,11,0,0,11,PT,DF,Erika Kokay,00000000000007,SERVIÇOS POSTAIS,,CORREIOS - CARTA REGISTRADA COM AR,RSP : 2182627,,,10.3,0,10.3,
55,2016-12-26 15:35:55,0,160575,1,407,2403,2015,2016,0,0,12,0,0,11,PT,DF,Erika Kokay,00000000000007,SERVIÇOS POSTAIS,,CORREIOS - CARTA REGISTRADA COM AR,RSP : 2187143,,,10.95,0,10.95,
55,2016-07-12 14:35:19,0,160575,1,407,2403,2015,2016,0,0,7,0,0,11,PT,DF,Erika Kokay,00000000000007,SERVIÇOS POSTAIS,,CORREIOS - DOCUMENTO INTERN. EXPRESSO (EMS DOCUMENTO),RSP : 2170119,,,101,0,101,
55,2016-09-06 15:57:01,0,160575,1,407,2403,2015,2016,0,0,9,0,0,11,PT,DF,Erika Kokay,00000000000007,SERVIÇOS POSTAIS,,CORREIOS - DOCUMENTO INTERN. EXPRESSO (EMS DOCUMENTO),RSP : 2175729,,,89.3,0,89.3,
55,2016-02-15 16:22:03,0,160575,1,407,2403,2015,2016,0,0,2,0,0,11,PT,DF,Erika Kokay,00000000000007,SERVIÇOS POSTAIS,,CORREIOS - ENCOMENDA PAC,RSP : 2151739,,,14.27,0,14.27,
55,2016-04-20 15:48:33,0,160575,1,407,2403,2015,2016,0,0,4,0,0,11,PT,DF,Erika Kokay,00000000000007,SERVIÇOS POSTAIS,,CORREIOS - ENCOMENDA PAC,RSP : 2160732,,,10.76,0,10.76,
55,2016-05-23 15:11:59,0,160575,1,407,2403,2015,2016,0,0,5,0,0,11,PT,DF,Erika Kokay,00000000000007,SERVIÇOS POSTAIS,,CORREIOS - ENCOMENDA PAC,RSP : 2164544,,,59.89,0,59.89,
55,2016-05-23 15:40:43,0,160575,1,407,2403,2015,2016,0,0,5,0,0,11,PT,DF,Erika Kokay,00000000000007,SERVIÇOS POSTAIS,,CORREIOS - ENCOMENDA PAC,RSP : 2164547,,,10.77,0,10.77,
55,2016-09-27 11:29:45,0,160575,1,407,2403,2015,2016,0,0,9,0,0,11,PT,DF,Erika Kokay,00000000000007,SERVIÇOS POSTAIS,,CORREIOS - ENCOMENDA PAC,RSP : 2177644,,,10.96,0,10.96,
55,2016-12-16 13:37:46,0,160575,1,407,2403,2015,2016,0,0,12,0,0,11,PT,DF,Erika Kokay,00000000000007,SERVIÇOS POSTAIS,,CORREIOS - ENVELOPE BÁSICO/CONVENCIONAL - PLÁSTICO/BOLHA,RSP : 2186014,,,3.2,0,3.2,
55,2016-08-30 13:00:43,0,160575,1,407,2403,2015,2016,0,0,8,0,0,11,PT,DF,Erika Kokay,00000000000007,SERVIÇOS POSTAIS,,CORREIOS - SEDEX 10,RSP : 2174868,,,61.4,0,61.4,
55,2016-12-14 16:27:52,0,160575,1,407,2403,2015,2016,0,0,12,0,0,11,PT,DF,Erika Kokay,00000000000007,SERVIÇOS POSTAIS,,CORREIOS - SEDEX 12,RSP : 2185645,,,61.4,0,61.4,
55,2016-01-06 17:01:03,0,160575,1,407,2403,2015,2016,0,0,1,0,0,11,PT,DF,Erika Kokay,00000000000007,SERVIÇOS POSTAIS,,CORREIOS - SEDEX CONVENCIONAL,RSP : 2149490,,,45.48,0,45.48,
55,2016-04-06 18:23:00,0,160575,1,407,2403,2015,2016,0,0,4,0,0,11,PT,DF,Erika Kokay,00000000000007,SERVIÇOS POSTAIS,,CORREIOS - SEDEX CONVENCIONAL,RSP : 2158009,,,53.28,0,53.28,
55,2016-04-05 16:16:24,0,160575,1,407,2403,2015,2016,0,0,4,0,0,11,PT,DF,Erika Kokay,00000000000007,SERVIÇOS POSTAIS,,CORREIOS - SEDEX CONVENCIONAL,RSP : 2158988,,,18.69,0,18.69,
55,2016-04-28 14:37:02,0,160575,1,407,2403,2015,2016,0,0,4,0,0,11,PT,DF,Erika Kokay,00000000000007,SERVIÇOS POSTAIS,,CORREIOS - SEDEX CONVENCIONAL,RSP : 2161536,,,95.48,0,95.48,
55,2016-05-16 16:02:58,0,160575,1,407,2403,2015,2016,0,0,5,0,0,11,PT,DF,Erika Kokay,00000000000007,SERVIÇOS POSTAIS,,CORREIOS - SEDEX CONVENCIONAL,RSP : 2163703,,,13.65,0,13.65,
55,2016-05-24 10:33:44,0,160575,1,407,2403,2015,2016,0,0,5,0,0,11,PT,DF,Erika Kokay,00000000000007,SERVIÇOS POSTAIS,,CORREIOS - SEDEX CONVENCIONAL,RSP : 2164647,,,60.16,0,60.16,
55,2016-06-06 11:58:24,0,160575,1,407,2403,2015,2016,0,0,6,0,0,11,PT,DF,Erika Kokay,00000000000007,SERVIÇOS POSTAIS,,CORREIOS - SEDEX CONVENCIONAL,RSP : 2165970,,,34.36,0,34.36,
55,2016-07-04 11:45:27,0,160575,1,407,2403,2015,2016,0,0,7,0,0,11,PT,DF,Erika Kokay,00000000000007,SERVIÇOS POSTAIS,,CORREIOS - SEDEX CONVENCIONAL,RSP : 2169059,,,18.23,0,18.23,
55,2016-09-12 14:53:40,0,160575,1,407,2403,2015,2016,0,0,9,0,0,11,PT,DF,Erika Kokay,00000000000007,SERVIÇOS POSTAIS,,CORREIOS - SEDEX CONVENCIONAL,RSP : 2176090,,,36.45,0,36.45,
55,2016-10-10 13:50:11,0,160575,1,407,2403,2015,2016,0,0,10,0,0,11,PT,DF,Erika Kokay,00000000000007,SERVIÇOS POSTAIS,,CORREIOS - SEDEX CONVENCIONAL,RSP : 2178770,,,53.25,0,53.25,
55,2016-10-19 16:58:00,0,160575,1,407,2403,2015,2016,0,0,10,0,0,11,PT,DF,Erika Kokay,00000000000007,SERVIÇOS POSTAIS,,CORREIOS - SEDEX CONVENCIONAL,RSP : 2179687,,,18.23,0,18.23,
55,2016-11-22 14:39:03,0,160575,1,407,2403,2015,2016,0,0,11,0,0,11,PT,DF,Erika Kokay,00000000000007,SERVIÇOS POSTAIS,,CORREIOS - SEDEX CONVENCIONAL,RSP : 2182948,,,48.94,0,48.94,
55,2016-12-16 13:38:25,0,160575,1,407,2403,2015,2016,0,0,12,0,0,11,PT,DF,Erika Kokay,00000000000007,SERVIÇOS POSTAIS,,CORREIOS - SEDEX CONVENCIONAL,RSP : 2186011,,,18.23,0,18.23,
55,2016-05-12 15:31:57,0,160637,1,414,2365,2015,2016,0,0,5,0,0,11,PODE,DF,RONALDO FONSECA,00000000000007,SERVIÇOS POSTAIS,,CORREIOS - SEDEX CONVENCIONAL,RSP : 2163365,,,39.32,0,39.32,
55,2016-01-12 00:00:00,0,178870,0,415,2904,2015,2016,0,0,1,0,0,10,PP,DF,RÔNEY NEMER,00000000000001,TELEFONIA,,CELULAR FUNCIONAL,5895660,,,54.3,0,54.3,
55,2016-02-21 23:00:00,0,178870,0,415,2904,2015,2016,0,0,2,0,0,10,PP,DF,RÔNEY NEMER,00000000000001,TELEFONIA,,CELULAR FUNCIONAL,5956677,,,59.27,0,59.27,
55,2016-02-21 23:00:00,0,178870,0,415,2904,2015,2016,0,0,1,0,0,10,PP,DF,RÔNEY NEMER,00000000000001,TELEFONIA,,CELULAR FUNCIONAL,5956677,,,757,0,757,
55,2016-03-17 00:00:00,0,178870,0,415,2904,2015,2016,0,0,1,0,0,10,PP,DF,RÔNEY NEMER,00000000000001,TELEFONIA,,CELULAR FUNCIONAL,5963747,,,0.1,0,0.1,
55,2016-03-17 00:00:00,0,178870,0,415,2904,2015,2016,0,0,3,0,0,10,PP,DF,RÔNEY NEMER,00000000000001,TELEFONIA,,CELULAR FUNCIONAL,5963747,,,59.58,0,59.58,
55,2016-03-17 00:00:00,0,178870,0,415,2904,2015,2016,0,0,2,0,0,10,PP,DF,RÔNEY NEMER,00000000000001,TELEFONIA,,CELULAR FUNCIONAL,5963747,,,765.45,0,765.45,
55,2016-04-14 00:00:00,0,178870,0,415,2904,2015,2016,0,0,4,0,0,10,PP,DF,RÔNEY NEMER,00000000000001,TELEFONIA,,CELULAR FUNCIONAL,6021911,,,70.89,0,70.89,
55,2016-04-14 00:00:00,0,178870,0,415,2904,2015,2016,0,0,3,0,0,10,PP,DF,RÔNEY NEMER,00000000000001,TELEFONIA,,CELULAR FUNCIONAL,6021911,,,797.45,0,797.45,
55,2016-05-12 00:00:00,0,178870,0,415,2904,2015,2016,0,0,5,0,0,10,PP,DF,RÔNEY NEMER,00000000000001,TELEFONIA,,CELULAR FUNCIONAL,6031494,,,55.91,0,55.91,
55,2016-05-12 00:00:00,0,178870,0,415,2904,2015,2016,0,0,4,0,0,10,PP,DF,RÔNEY NEMER,00000000000001,TELEFONIA,,CELULAR FUNCIONAL,6031494,,,687.75,0,687.75,
55,2016-06-15 00:00:00,0,178870,0,415,2904,2015,2016,0,0,6,0,0,10,PP,DF,RÔNEY NEMER,00000000000001,TELEFONIA,,CELULAR FUNCIONAL,6158814,,,0.12,0,0.12,
55,2016-06-15 00:00:00,0,178870,0,415,2904,2015,2016,0,0,5,0,0,10,PP,DF,RÔNEY NEMER,00000000000001,TELEFONIA,,CELULAR FUNCIONAL,6158814,,,721.98,0,721.98,
55,2016-07-13 00:00:00,0,178870,0,415,2904,2015,2016,0,0,7,0,0,10,PP,DF,RÔNEY NEMER,00000000000001,TELEFONIA,,CELULAR FUNCIONAL,6162394,,,5.71,0,5.71,
55,2016-07-13 00:00:00,0,178870,0,415,2904,2015,2016,0,0,5,0,0,10,PP,DF,RÔNEY NEMER,00000000000001,TELEFONIA,,CELULAR FUNCIONAL,6162394,,,19.38,0,19.38,
55,2016-07-13 00:00:00,0,178870,0,415,2904,2015,2016,0,0,6,0,0,10,PP,DF,RÔNEY NEMER,00000000000001,TELEFONIA,,CELULAR FUNCIONAL,6162394,,,496.98,0,496.98,
55,2016-12-01 00:00:00,0,178870,0,415,2904,2015,2016,0,0,5,0,0,10,PP,DF,RÔNEY NEMER,00000000000001,TELEFONIA,,CELULAR FUNCIONAL,6163879,,,30.85,0,30.85,
55,2016-12-01 00:00:00,0,178870,0,415,2904,2015,2016,0,0,7,0,0,10,PP,DF,RÔNEY NEMER,00000000000001,TELEFONIA,,CELULAR FUNCIONAL,6163879,,,491.32,0,491.32,
55,2016-09-13 00:00:00,0,178870,0,415,2904,2015,2016,0,0,7,0,0,10,PP,DF,RÔNEY NEMER,00000000000001,TELEFONIA,,CELULAR FUNCIONAL,6166358,,,33.74,0,33.74,
55,2016-09-13 00:00:00,0,178870,0,415,2904,2015,2016,0,0,8,0,0,10,PP,DF,RÔNEY NEMER,00000000000001,TELEFONIA,,CELULAR FUNCIONAL,6166358,,,505.99,0,505.99,
55,2016-10-13 00:00:00,0,178870,0,415,2904,2015,2016,0,0,10,0,0,10,PP,DF,RÔNEY NEMER,00000000000001,TELEFONIA,,CELULAR FUNCIONAL,6166370,,,0.39,0,0.39,
55,2016-10-13 00:00:00,0,178870,0,415,2904,2015,2016,0,0,8,0,0,10,PP,DF,RÔNEY NEMER,00000000000001,TELEFONIA,,CELULAR FUNCIONAL,6166370,,,3.43,0,3.43,
55,2016-10-13 00:00:00,0,178870,0,415,2904,2015,2016,0,0,9,0,0,10,PP,DF,RÔNEY NEMER,00000000000001,TELEFONIA,,CELULAR FUNCIONAL,6166370,,,386.47,0,386.47,
55,2016-11-17 00:00:00,0,178870,0,415,2904,2015,2016,0,0,9,0,0,10,PP,DF,RÔNEY NEMER,00000000000001,TELEFONIA,,CELULAR FUNCIONAL,6167340,,,0.22,0,0.22,
55,2016-11-17 00:00:00,0,178870,0,415,2904,2015,2016,0,0,11,0,0,10,PP,DF,RÔNEY NEMER,00000000000001,TELEFONIA,,CELULAR FUNCIONAL,6167340,,,4.91,0,4.91,
55,2016-11-17 00:00:00,0,178870,0,415,2904,2015,2016,0,0,10,0,0,10,PP,DF,RÔNEY NEMER,00000000000001,TELEFONIA,,CELULAR FUNCIONAL,6167340,,,474.07,0,474.07,
55,2016-12-14 00:00:00,0,178870,0,415,2904,2015,2016,0,0,12,0,0,10,PP,DF,RÔNEY NEMER,00000000000001,TELEFONIA,,CELULAR FUNCIONAL,6180437,,,4.15,0,4.15,
55,2016-12-14 00:00:00,0,178870,0,415,2904,2015,2016,0,0,11,0,0,10,PP,DF,RÔNEY NEMER,00000000000001,TELEFONIA,,CELULAR FUNCIONAL,6180437,,,656.78,0,656.78,
55,2017-01-18 00:00:00,0,178870,0,415,2904,2015,2016,0,0,12,0,0,10,PP,DF,RÔNEY NEMER,00000000000001,TELEFONIA,,CELULAR FUNCIONAL,6235888,,,667.42,0,667.42,
55,2016-01-06 12:10:57,0,178870,1,415,2904,2015,2016,0,0,1,0,0,11,PP,DF,RÔNEY NEMER,00000000000007,SERVIÇOS POSTAIS,,CORREIOS - CARTA COMERCIAL,RSP : 2149433,,,1.5,0,1.5,
55,2016-01-25 14:55:52,0,178870,1,415,2904,2015,2016,0,0,1,0,0,11,PP,DF,RÔNEY NEMER,00000000000007,SERVIÇOS POSTAIS,,CORREIOS - CARTA COMERCIAL,RSP : 2150734,,,1.5,0,1.5,
55,2016-02-16 11:27:07,0,178870,1,415,2904,2015,2016,0,0,2,0,0,11,PP,DF,RÔNEY NEMER,00000000000007,SERVIÇOS POSTAIS,,CORREIOS - CARTA COMERCIAL,RSP : 2152637,,,1.5,0,1.5,
55,2016-02-24 14:42:46,0,178870,1,415,2904,2015,2016,0,0,2,0,0,11,PP,DF,RÔNEY NEMER,00000000000007,SERVIÇOS POSTAIS,,CORREIOS - CARTA COMERCIAL,RSP : 2153811,,,3,0,3,
55,2016-03-08 15:50:12,0,178870,1,415,2904,2015,2016,0,0,3,0,0,11,PP,DF,RÔNEY NEMER,00000000000007,SERVIÇOS POSTAIS,,CORREIOS - CARTA COMERCIAL,RSP : 2155398,,,1.5,0,1.5,
55,2016-03-16 12:13:40,0,178870,1,415,2904,2015,2016,0,0,3,0,0,11,PP,DF,RÔNEY NEMER,00000000000007,SERVIÇOS POSTAIS,,CORREIOS - CARTA COMERCIAL,RSP : 2156542,,,3,0,3,
55,2016-03-30 10:50:32,0,178870,1,415,2904,2015,2016,0,0,3,0,0,11,PP,DF,RÔNEY NEMER,00000000000007,SERVIÇOS POSTAIS,,CORREIOS - CARTA COMERCIAL,RSP : 2158251,,,2.1,0,2.1,
55,2016-04-14 17:12:48,0,178870,1,415,2904,2015,2016,0,0,4,0,0,11,PP,DF,RÔNEY NEMER,00000000000007,SERVIÇOS POSTAIS,,CORREIOS - CARTA COMERCIAL,RSP : 2160285,,,1.5,0,1.5,
55,2016-05-10 11:23:54,0,178870,1,415,2904,2015,2016,0,0,5,0,0,11,PP,DF,RÔNEY NEMER,00000000000007,SERVIÇOS POSTAIS,,CORREIOS - CARTA COMERCIAL,RSP : 2162892,,,3,0,3,
55,2016-05-18 16:05:23,0,178870,1,415,2904,2015,2016,0,0,5,0,0,11,PP,DF,RÔNEY NEMER,00000000000007,SERVIÇOS POSTAIS,,CORREIOS - CARTA COMERCIAL,RSP : 2163987,,,1.5,0,1.5,
55,2016-05-31 16:15:10,0,178870,1,415,2904,2015,2016,0,0,5,0,0,11,PP,DF,RÔNEY NEMER,00000000000007,SERVIÇOS POSTAIS,,CORREIOS - CARTA COMERCIAL,RSP : 2165306,,,4.5,0,4.5,
55,2016-06-28 14:43:56,0,178870,1,415,2904,2015,2016,0,0,6,0,0,11,PP,DF,RÔNEY NEMER,00000000000007,SERVIÇOS POSTAIS,,CORREIOS - CARTA COMERCIAL,RSP : 2168446,,,1.7,0,1.7,
55,2016-07-06 15:52:35,0,178870,1,415,2904,2015,2016,0,0,7,0,0,11,PP,DF,RÔNEY NEMER,00000000000007,SERVIÇOS POSTAIS,,CORREIOS - CARTA COMERCIAL,RSP : 2169415,,,5.1,0,5.1,
55,2016-07-15 15:54:51,0,178870,1,415,2904,2015,2016,0,0,7,0,0,11,PP,DF,RÔNEY NEMER,00000000000007,SERVIÇOS POSTAIS,,CORREIOS - CARTA COMERCIAL,RSP : 2170774,,,1.7,0,1.7,
55,2016-07-20 15:37:52,0,178870,1,415,2904,2015,2016,0,0,7,0,0,11,PP,DF,RÔNEY NEMER,00000000000007,SERVIÇOS POSTAIS,,CORREIOS - CARTA COMERCIAL,RSP : 2171103,,,1.7,0,1.7,
55,2016-08-17 16:19:02,0,178870,1,415,2904,2015,2016,0,0,8,0,0,11,PP,DF,RÔNEY NEMER,00000000000007,SERVIÇOS POSTAIS,,CORREIOS - CARTA COMERCIAL,RSP : 2173681,,,3.4,0,3.4,
55,2016-09-13 16:45:42,0,178870,1,415,2904,2015,2016,0,0,9,0,0,11,PP,DF,RÔNEY NEMER,00000000000007,SERVIÇOS POSTAIS,,CORREIOS - CARTA COMERCIAL,RSP : 2176187,,,6.8,0,6.8,
55,2016-09-15 11:48:11,0,178870,1,415,2904,2015,2016,0,0,9,0,0,11,PP,DF,RÔNEY NEMER,00000000000007,SERVIÇOS POSTAIS,,CORREIOS - CARTA COMERCIAL,RSP : 2176516,,,1.7,0,1.7,
55,2016-09-22 16:56:02,0,178870,1,415,2904,2015,2016,0,0,9,0,0,11,PP,DF,RÔNEY NEMER,00000000000007,SERVIÇOS POSTAIS,,CORREIOS - CARTA COMERCIAL,RSP : 2177241,,,1.7,0,1.7,
55,2016-09-23 14:30:37,0,178870,1,415,2904,2015,2016,0,0,9,0,0,11,PP,DF,RÔNEY NEMER,00000000000007,SERVIÇOS POSTAIS,,CORREIOS - CARTA COMERCIAL,RSP : 2177393,,,3.4,0,3.4,
55,2016-09-26 16:56:14,0,178870,1,415,2904,2015,2016,0,0,9,0,0,11,PP,DF,RÔNEY NEMER,00000000000007,SERVIÇOS POSTAIS,,CORREIOS - CARTA COMERCIAL,RSP : 2177576,,,1.7,0,1.7,
55,2016-09-30 10:32:42,0,178870,1,415,2904,2015,2016,0,0,9,0,0,11,PP,DF,RÔNEY NEMER,00000000000007,SERVIÇOS POSTAIS,,CORREIOS - CARTA COMERCIAL,RSP : 2177921,,,3.4,0,3.4,
55,2016-10-11 14:51:52,0,178870,1,415,2904,2015,2016,0,0,10,0,0,11,PP,DF,RÔNEY NEMER,00000000000007,SERVIÇOS POSTAIS,,CORREIOS - CARTA COMERCIAL,RSP : 2178990,,,3.4,0,3.4,
55,2016-10-24 11:01:43,0,178870,1,415,2904,2015,2016,0,0,10,0,0,11,PP,DF,RÔNEY NEMER,00000000000007,SERVIÇOS POSTAIS,,CORREIOS - CARTA COMERCIAL,RSP : 2179988,,,15.3,0,15.3,
55,2016-12-02 16:15:05,0,178870,1,415,2904,2015,2016,0,0,12,0,0,11,PP,DF,RÔNEY NEMER,00000000000007,SERVIÇOS POSTAIS,,CORREIOS - CARTA COMERCIAL,RSP : 2184212,,,1.7,0,1.7,
55,2016-12-19 17:05:43,0,178870,1,415,2904,2015,2016,0,0,12,0,0,11,PP,DF,RÔNEY NEMER,00000000000007,SERVIÇOS POSTAIS,,CORREIOS - CARTA COMERCIAL,RSP : 2186350,,,1.7,0,1.7,
55,2016-03-16 11:57:48,0,178870,1,415,2904,2015,2016,0,0,3,0,0,11,PP,DF,RÔNEY NEMER,00000000000007,SERVIÇOS POSTAIS,,CORREIOS - CARTA REGISTRADA COM AR,RSP : 2156544,,,102.3,0,102.3,
55,2016-09-06 16:06:14,0,178870,1,415,2904,2015,2016,0,0,9,0,0,11,PP,DF,RÔNEY NEMER,00000000000007,SERVIÇOS POSTAIS,,CORREIOS - CARTA REGISTRADA COM AR,RSP : 2175692,,,10.3,0,10.3,
55,2016-10-17 16:36:54,0,178870,1,415,2904,2015,2016,0,0,10,0,0,11,PP,DF,RÔNEY NEMER,00000000000007,SERVIÇOS POSTAIS,,CORREIOS - CARTA REGISTRADA COM AR,RSP : 2179404,,,10.3,0,10.3,
55,2016-01-05 10:52:25,0,178870,1,415,2904,2015,2016,0,0,1,0,0,11,PP,DF,RÔNEY NEMER,00000000000007,SERVIÇOS POSTAIS,,CORREIOS - SEDEX CONVENCIONAL,RSP : 2149326,,,50.49,0,50.49,
55,2016-08-30 14:56:35,0,178870,1,415,2904,2015,2016,0,0,8,0,0,11,PP,DF,RÔNEY NEMER,00000000000007,SERVIÇOS POSTAIS,,CORREIOS - SEDEX CONVENCIONAL,RSP : 2174888,,,34.36,0,34.36,
55,2016-09-20 11:04:00,0,178870,1,415,2904,2015,2016,0,0,9,0,0,11,PP,DF,RÔNEY NEMER,00000000000007,SERVIÇOS POSTAIS,,CORREIOS - SEDEX CONVENCIONAL,RSP : 2176880,,,23.75,0,23.75,
55,2016-03-18 14:36:01,0,178870,1,415,2904,2015,2016,0,0,3,0,0,11,PP,DF,RÔNEY NEMER,00000000000007,SERVIÇOS POSTAIS,,CORREIOS - SEDEX CONVENCIONAL COM AR,RSP : 2157218,,,17.55,0,17.55,
