55,2017-03-16 00:00:00,0,4931,0,408,1974,2015,2017,0,0,2,0,0,10,PSDB,DF,IZALCI LUCAS,00000000000001,TELEFONIA,,CELULAR FUNCIONAL,6254821,,,102.46,0,102.46,
55,2017-04-12 00:00:00,0,4931,0,408,1974,2015,2017,0,0,3,0,0,10,PSDB,DF,IZALCI LUCAS,00000000000001,TELEFONIA,,CELULAR FUNCIONAL,6261630,,,88.2,0,88.2,
55,2017-05-16 00:00:00,0,4931,0,408,1974,2015,2017,0,0,4,0,0,10,PSDB,DF,IZALCI LUCAS,00000000000001,TELEFONIA,,CELULAR FUNCIONAL,6289925,,,62.3,0,62.3,
55,2017-04-12 00:00:00,0,4931,0,408,1974,2015,2017,0,0,3,0,0,10,PSDB,DF,IZALCI LUCAS,00000000000001,TELEFONIA,,CELULAR FUNCIONAL,6291162,,,14.24,0,14.24,
55,2017-01-16 13:07:18,0,73579,1,410,1472,2015,2017,0,0,1,0,0,11,DEM,DF,ALBERTO FRAGA,00000000000007,SERVIÇOS POSTAIS,,CORREIOS - CAIXA DE ENCOMENDAS BÁSICA/CONVENCIONAL,RSP : 2188550,,,13.9,0,13.9,
55,2017-03-06 15:52:48,0,73579,1,410,1472,2015,2017,0,0,3,0,0,11,DEM,DF,ALBERTO FRAGA,00000000000007,SERVIÇOS POSTAIS,,CORREIOS - CAIXA DE ENCOMENDAS BÁSICA/CONVENCIONAL,RSP : 2193245,,,18.7,0,18.7,
55,2017-11-14 17:44:56,0,73579,1,410,1472,2015,2017,0,0,11,0,0,11,DEM,DF,ALBERTO FRAGA,00000000000007,SERVIÇOS POSTAIS,,CORREIOS - CARTA COMERCIAL,RSP : 2226563,,,555,0,555,
55,2017-11-20 16:49:42,0,73579,1,410,1472,2015,2017,0,0,11,0,0,11,DEM,DF,ALBERTO FRAGA,00000000000007,SERVIÇOS POSTAIS,,CORREIOS - CARTA COMERCIAL,RSP : 2227953,,,740,0,740,
55,2017-03-16 14:14:05,0,73579,1,410,1472,2015,2017,0,0,3,0,0,11,DEM,DF,ALBERTO FRAGA,00000000000007,SERVIÇOS POSTAIS,,CORREIOS - CARTA REGISTRADA,RSP : 2195694,,,6,0,6,
55,2017-09-05 17:00:48,0,73579,1,410,1472,2015,2017,0,0,9,0,0,11,DEM,DF,ALBERTO FRAGA,00000000000007,SERVIÇOS POSTAIS,,CORREIOS - CARTA REGISTRADA,RSP : 2217835,,,27.3,0,27.3,
55,2017-04-20 16:56:30,0,73579,1,410,1472,2015,2017,0,0,4,0,0,11,DEM,DF,ALBERTO FRAGA,00000000000007,SERVIÇOS POSTAIS,,CORREIOS - ENCOMENDA PAC,RSP : 2199940,,,533.76,0,533.76,
55,2017-05-04 16:07:52,0,73579,1,410,1472,2015,2017,0,0,5,0,0,11,DEM,DF,ALBERTO FRAGA,00000000000007,SERVIÇOS POSTAIS,,CORREIOS - ENCOMENDA PAC,RSP : 2203108,,,485.53,0,485.53,
55,2017-01-16 13:06:38,0,73579,1,410,1472,2015,2017,0,0,1,0,0,11,DEM,DF,ALBERTO FRAGA,00000000000007,SERVIÇOS POSTAIS,,CORREIOS - SEDEX CONVENCIONAL,RSP : 2188549,,,65.07,0,65.07,
55,2017-03-06 15:53:26,0,73579,1,410,1472,2015,2017,0,0,3,0,0,11,DEM,DF,ALBERTO FRAGA,00000000000007,SERVIÇOS POSTAIS,,CORREIOS - SEDEX CONVENCIONAL,RSP : 2193248,,,84.4,0,84.4,
55,2017-04-03 14:17:23,0,73579,1,410,1472,2015,2017,0,0,4,0,0,11,DEM,DF,ALBERTO FRAGA,00000000000007,SERVIÇOS POSTAIS,,CORREIOS - SEDEX CONVENCIONAL,RSP : 2197888,,,113.78,0,113.78,
55,2017-04-27 13:53:33,0,73579,1,410,1472,2015,2017,0,0,4,0,0,11,DEM,DF,ALBERTO FRAGA,00000000000007,SERVIÇOS POSTAIS,,CORREIOS - SEDEX CONVENCIONAL,RSP : 2201589,,,74.9,0,74.9,
55,2017-06-08 16:03:06,0,73579,1,410,1472,2015,2017,0,0,6,0,0,11,DEM,DF,ALBERTO FRAGA,00000000000007,SERVIÇOS POSTAIS,,CORREIOS - SEDEX CONVENCIONAL,RSP : 2207948,,,43.09,0,43.09,
55,2017-09-06 12:13:41,0,73579,1,410,1472,2015,2017,0,0,9,0,0,11,DEM,DF,ALBERTO FRAGA,00000000000007,SERVIÇOS POSTAIS,,CORREIOS - SEDEX CONVENCIONAL,RSP : 2217988,,,40.19,0,40.19,
55,2017-06-14 16:25:50,0,73579,1,410,1472,2015,2017,0,0,6,0,0,11,DEM,DF,ALBERTO FRAGA,00000000000007,SERVIÇOS POSTAIS,,CORREIOS - TELEGRAMA,RSP : 2208544,,,14.68,0,14.68,
55,2017-12-18 17:57:05,0,73579,1,410,1472,2015,2017,0,0,12,0,0,11,DEM,DF,ALBERTO FRAGA,00000000000007,SERVIÇOS POSTAIS,,CORREIOS - TELEGRAMA COM CONFIRMAÇÃO,RSP : 2231040,,,21.5,0,21.5,
55,2017-01-09 00:00:00,1391535,73579,0,410,1472,2015,2017,0,0,1,0,0,999,DEM,DF,ALBERTO FRAGA,02575829000148,Emissão Bilhete Aéreo,,Cia Aérea - AVIANCA,Bilhete: 2426925981,ALBERTO FRAGA,AJU/BSB,840.76,0,840.76,
55,2017-01-09 00:00:00,1391536,73579,0,410,1472,2015,2017,0,0,1,0,0,999,DEM,DF,ALBERTO FRAGA,02575829000148,Emissão Bilhete Aéreo,,Cia Aérea - AVIANCA,Bilhete: 2426925982,ALBERTO FRAGA,BSB/AJU,492.79,0,492.79,
55,2017-03-31 00:00:00,1412712,73579,0,410,1472,2015,2017,0,0,3,0,0,999,DEM,DF,ALBERTO FRAGA,02575829000148,Emissão Bilhete Aéreo,,Cia Aérea - AVIANCA,Bilhete: 2429176327,ALBERTO FRAGA,BSB/SDU,176.79,0,176.79,
55,2017-03-31 00:00:00,1412713,73579,0,410,1472,2015,2017,0,0,3,0,0,999,DEM,DF,ALBERTO FRAGA,02575829000148,Emissão Bilhete Aéreo,,Cia Aérea - AVIANCA,Bilhete: 2429176327,ALBERTO FRAGA,SDU/BSB,178.9,0,178.9,
55,2017-12-18 00:00:00,1515976,73579,0,410,1472,2015,2017,0,0,12,0,0,999,DEM,DF,ALBERTO FRAGA,02575829000148,Emissão Bilhete Aéreo,,Cia Aérea - AVIANCA,Bilhete: 2434606291,ALBERTO FRAGA,BSB/AJU,1213.03,0,1213.03,
55,2017-03-31 00:00:00,1443875,73579,0,410,1472,2015,2017,0,0,3,0,0,999,DEM,DF,ALBERTO FRAGA,02575829000148,Emissão Bilhete Aéreo,,Cia Aérea - AVIANCA,Comp-2429176327,ALBERTO FRAGA,SDU/BSB,-37.35,0,-37.35,
55,2017-07-04 00:00:00,1455947,73579,0,410,1472,2015,2017,0,0,7,0,0,999,DEM,DF,ALBERTO FRAGA,07575651000159,Emissão Bilhete Aéreo,,Cia Aérea - GOL,Bilhete: AEDESF,ALBERTO FRAGA,BSB/POA/BSB,1645.49,0,1645.49,
55,2017-04-04 00:00:00,1420499,73579,0,410,1472,2015,2017,0,0,4,0,0,999,DEM,DF,ALBERTO FRAGA,07575651000159,Emissão Bilhete Aéreo,,Cia Aérea - GOL,Bilhete: HHK8XM,ALBERTO FRAGA,SDU/BSB,1391.8,0,1391.8,
55,2017-08-10 00:00:00,1469811,73579,0,410,1472,2015,2017,0,0,8,0,0,999,DEM,DF,ALBERTO FRAGA,02012862000160,Emissão Bilhete Aéreo,,Cia Aérea - TAM,Bilhete: 957-2151.778231,ALBERTO FRAGA,BSB/FLN/BSB,2382.73,0,2382.73,
55,2017-07-12 15:55:44,0,73655,1,411,359,2015,2017,0,0,7,0,0,11,SOLIDARIEDADE,DF,AUGUSTO CARVALHO,00000000000007,SERVIÇOS POSTAIS,,CORREIOS - CARTA REGISTRADA COM AR,RSP : 2211326,,,12.1,0,12.1,
55,2017-10-16 16:03:08,0,73655,1,411,359,2015,2017,0,0,10,0,0,11,SOLIDARIEDADE,DF,AUGUSTO CARVALHO,00000000000007,SERVIÇOS POSTAIS,,CORREIOS - SEDEX CONVENCIONAL,RSP : 2222657,,,7.62,0,7.62,
55,2017-10-20 14:45:53,0,73655,1,411,359,2015,2017,0,0,10,0,0,11,SOLIDARIEDADE,DF,AUGUSTO CARVALHO,00000000000007,SERVIÇOS POSTAIS,,CORREIOS - SEDEX CONVENCIONAL,RSP : 2224091,,,9.16,0,9.16,
55,2017-09-15 00:00:00,1484437,73655,0,411,359,2015,2017,0,0,9,0,0,999,SOLIDARIEDADE,DF,AUGUSTO CARVALHO,02575829000148,Emissão Bilhete Aéreo,,Cia Aérea - AVIANCA,Bilhete: 2432514798,AUGUSTO CARVALHO,BSB/GRU,437.03,0,437.03,
55,2017-09-15 00:00:00,1484438,73655,0,411,359,2015,2017,0,0,9,0,0,999,SOLIDARIEDADE,DF,AUGUSTO CARVALHO,02575829000148,Emissão Bilhete Aéreo,,Cia Aérea - AVIANCA,Bilhete: 2432514798,AUGUSTO CARVALHO,GRU/BSB,438.53,0,438.53,
55,2017-06-01 13:43:26,0,141478,1,412,1867,2015,2017,0,0,6,0,0,11,PR,DF,LAERTE BESSA,00000000000007,SERVIÇOS POSTAIS,,CORREIOS - CARTA REGISTRADA COM AR,RSP : 2207170,,,11.15,0,11.15,
55,2017-03-16 00:00:00,0,160426,0,413,2031,2015,2017,0,0,1,0,0,10,PSD,DF,ROGÉRIO ROSSO,00000000000001,TELEFONIA,,CELULAR FUNCIONAL,6257218,,,0.63,0,0.63,
55,2017-03-16 00:00:00,0,160426,0,413,2031,2015,2017,0,0,2,0,0,10,PSD,DF,ROGÉRIO ROSSO,00000000000001,TELEFONIA,,CELULAR FUNCIONAL,6257218,,,301.27,0,301.27,
55,2017-04-12 00:00:00,0,160426,0,413,2031,2015,2017,0,0,2,0,0,10,PSD,DF,ROGÉRIO ROSSO,00000000000001,TELEFONIA,,CELULAR FUNCIONAL,6291162,,,0.46,0,0.46,
55,2017-04-12 00:00:00,0,160426,0,413,2031,2015,2017,0,0,3,0,0,10,PSD,DF,ROGÉRIO ROSSO,00000000000001,TELEFONIA,,CELULAR FUNCIONAL,6291162,,,350.54,0,350.54,
55,2017-02-17 00:00:00,0,160426,0,413,2031,2015,2017,0,0,2,0,0,10,PSD,DF,ROGÉRIO ROSSO,00000000000001,TELEFONIA,,CELULAR FUNCIONAL,6404968,,,0.96,0,0.96,
55,2017-02-17 00:00:00,0,160426,0,413,2031,2015,2017,0,0,1,0,0,10,PSD,DF,ROGÉRIO ROSSO,00000000000001,TELEFONIA,,CELULAR FUNCIONAL,6404968,,,287.85,0,287.85,
55,2018-02-09 00:00:00,0,160426,0,413,2031,2015,2017,0,0,12,0,0,10,PSD,DF,ROGÉRIO ROSSO,00000000000001,TELEFONIA,,CELULAR FUNCIONAL,6679536,,,2.21,0,2.21,
55,2017-02-21 15:19:01,0,160426,1,413,2031,2015,2017,0,0,2,0,0,11,PSD,DF,ROGÉRIO ROSSO,00000000000007,SERVIÇOS POSTAIS,,CORREIOS - CARTA COMERCIAL,RSP : 2192092,,,1.7,0,1.7,
55,2017-04-06 17:19:25,0,160426,1,413,2031,2015,2017,0,0,4,0,0,11,PSD,DF,ROGÉRIO ROSSO,00000000000007,SERVIÇOS POSTAIS,,CORREIOS - CARTA COMERCIAL,RSP : 2198549,,,1.7,0,1.7,
55,2017-05-23 11:39:44,0,160426,1,413,2031,2015,2017,0,0,5,0,0,11,PSD,DF,ROGÉRIO ROSSO,00000000000007,SERVIÇOS POSTAIS,,CORREIOS - CARTA REGISTRADA,RSP : 2205995,,,6.1,0,6.1,
55,2017-07-06 10:25:06,0,160426,1,413,2031,2015,2017,0,0,7,0,0,11,PSD,DF,ROGÉRIO ROSSO,00000000000007,SERVIÇOS POSTAIS,,CORREIOS - CARTA REGISTRADA COM AR,RSP : 2210611,,,11.15,0,11.15,
55,2017-08-15 15:23:37,0,160426,1,413,2031,2015,2017,0,0,8,0,0,11,PSD,DF,ROGÉRIO ROSSO,00000000000007,SERVIÇOS POSTAIS,,CORREIOS - CARTA REGISTRADA COM AR,RSP : 2214602,,,11.15,0,11.15,
55,2017-10-26 16:54:48,0,160426,1,413,2031,2015,2017,0,0,10,0,0,11,PSD,DF,ROGÉRIO ROSSO,00000000000007,SERVIÇOS POSTAIS,,CORREIOS - ENCOMENDA PAC,RSP : 2224742,,,45.34,0,45.34,
55,2017-03-07 15:26:47,0,160426,1,413,2031,2015,2017,0,0,3,0,0,11,PSD,DF,ROGÉRIO ROSSO,00000000000007,SERVIÇOS POSTAIS,,CORREIOS - IMPRESSO NORMAL,RSP : 2193349,,,103.9,0,103.9,
55,2017-04-03 16:03:27,0,160426,1,413,2031,2015,2017,0,0,4,0,0,11,PSD,DF,ROGÉRIO ROSSO,00000000000007,SERVIÇOS POSTAIS,,CORREIOS - IMPRESSO NORMAL,RSP : 2197952,,,11.55,0,11.55,
55,2017-09-12 11:39:34,0,160426,1,413,2031,2015,2017,0,0,9,0,0,11,PSD,DF,ROGÉRIO ROSSO,00000000000007,SERVIÇOS POSTAIS,,CORREIOS - IMPRESSO NORMAL,RSP : 2218312,,,171.5,0,171.5,
55,2017-11-23 13:35:05,0,160426,1,413,2031,2015,2017,0,0,11,0,0,11,PSD,DF,ROGÉRIO ROSSO,00000000000007,SERVIÇOS POSTAIS,,CORREIOS - IMPRESSO NORMAL,RSP : 2228278,,,143.5,0,143.5,
55,2017-08-02 16:49:11,0,160426,1,413,2031,2015,2017,0,0,8,0,0,11,PSD,DF,ROGÉRIO ROSSO,00000000000007,SERVIÇOS POSTAIS,,CORREIOS - SEDEX 10,RSP : 2213297,,,64.4,0,64.4,
55,2017-04-07 00:00:00,1414169,160426,0,413,2031,2015,2017,0,0,4,0,0,999,PSD,DF,ROGÉRIO ROSSO,02575829000148,Emissão Bilhete Aéreo,,Cia Aérea - AVIANCA,Bilhete: 2429176638,ROGÉRIO ROSSO,BSB/CGH,1376.79,0,1376.79,
55,2017-04-19 00:00:00,1421690,160426,0,413,2031,2015,2017,0,0,4,0,0,999,PSD,DF,ROGÉRIO ROSSO,02575829000148,Emissão Bilhete Aéreo,,Cia Aérea - AVIANCA,Bilhete: 2429575436,ROGÉRIO ROSSO,BSB/CGH,1116.79,0,1116.79,
55,2017-04-19 00:00:00,1430501,160426,0,413,2031,2015,2017,0,0,4,0,0,999,PSD,DF,ROGÉRIO ROSSO,07575651000159,Emissão Bilhete Aéreo,,Cia Aérea - GOL,Bilhete: CE5WWV,ROGÉRIO ROSSO,CGH/BSB,1479.8,0,1479.8,
55,2017-08-07 00:00:00,1471030,160426,0,413,2031,2015,2017,0,0,8,0,0,999,PSD,DF,ROGÉRIO ROSSO,07575651000159,Emissão Bilhete Aéreo,,Cia Aérea - GOL,Bilhete: DNR3PH,ROGÉRIO ROSSO,CGH/BSB,1487.8,0,1487.8,
55,2017-07-24 00:00:00,1463953,160426,0,413,2031,2015,2017,0,0,7,0,0,999,PSD,DF,ROGÉRIO ROSSO,07575651000159,Emissão Bilhete Aéreo,,Cia Aérea - GOL,Bilhete: LH2G7M,ROGÉRIO ROSSO,CGH/BSB,1878.8,0,1878.8,
55,2017-07-17 00:00:00,1463473,160426,0,413,2031,2015,2017,0,0,7,0,0,999,PSD,DF,ROGÉRIO ROSSO,07575651000159,Emissão Bilhete Aéreo,,Cia Aérea - GOL,Bilhete: MIWKHJ,ROGÉRIO ROSSO,CGH/BSB,1392.8,0,1392.8,
55,2017-06-05 00:00:00,1446943,160426,0,413,2031,2015,2017,0,0,6,0,0,999,PSD,DF,ROGÉRIO ROSSO,07575651000159,Emissão Bilhete Aéreo,,Cia Aérea - GOL,Bilhete: OL55XD,ROGÉRIO ROSSO,CGH/GYN,1364.8,0,1364.8,
55,2017-07-20 00:00:00,1463477,160426,0,413,2031,2015,2017,0,0,7,0,0,999,PSD,DF,ROGÉRIO ROSSO,07575651000159,Emissão Bilhete Aéreo,,Cia Aérea - GOL,Bilhete: QPBT5R,ROGÉRIO ROSSO,BSB/CGH,1399.69,0,1399.69,
55,2017-06-06 00:00:00,1447055,160426,0,413,2031,2015,2017,0,0,6,0,0,999,PSD,DF,ROGÉRIO ROSSO,07575651000159,Emissão Bilhete Aéreo,,Cia Aérea - GOL,Comp-OL55XD,ROGÉRIO ROSSO,BSB/BSB,-1364.8,0,-1364.8,
55,2017-03-06 00:00:00,1418624,160426,0,413,2031,2015,2017,0,0,3,0,0,999,PSD,DF,ROGÉRIO ROSSO,02012862000160,Emissão Bilhete Aéreo,,Cia Aérea - TAM,Bilhete: 957-2143.046480,ROGÉRIO ROSSO,CGH/BSB,1515.8,0,1515.8,
55,2017-03-20 00:00:00,1434244,160426,0,413,2031,2015,2017,0,0,3,0,0,999,PSD,DF,ROGÉRIO ROSSO,02012862000160,Emissão Bilhete Aéreo,,Cia Aérea - TAM,Bilhete: 957-2144.092602,ROGÉRIO ROSSO,BSB/CGH,1513.69,0,1513.69,
55,2017-03-24 00:00:00,1427159,160426,0,413,2031,2015,2017,0,0,3,0,0,999,PSD,DF,ROGÉRIO ROSSO,02012862000160,Emissão Bilhete Aéreo,,Cia Aérea - TAM,Bilhete: 957-2144.093120,ROGÉRIO ROSSO,CGH/BSB,1515.8,0,1515.8,
55,2017-04-05 00:00:00,1435466,160426,0,413,2031,2015,2017,0,0,4,0,0,999,PSD,DF,ROGÉRIO ROSSO,02012862000160,Emissão Bilhete Aéreo,,Cia Aérea - TAM,Bilhete: 957-2144.689111,ROGÉRIO ROSSO,BSB/CGH,1513.69,0,1513.69,
55,2017-04-05 00:00:00,1435468,160426,0,413,2031,2015,2017,0,0,4,0,0,999,PSD,DF,ROGÉRIO ROSSO,02012862000160,Emissão Bilhete Aéreo,,Cia Aérea - TAM,Bilhete: 957-2144.689113,ROGÉRIO ROSSO,CGH/BSB,1020.8,0,1020.8,
55,2017-04-05 00:00:00,1435533,160426,0,413,2031,2015,2017,0,0,4,0,0,999,PSD,DF,ROGÉRIO ROSSO,02012862000160,Emissão Bilhete Aéreo,,Cia Aérea - TAM,Bilhete: 957-2144.689198,ROGÉRIO ROSSO,BSB/CGH,164,0,164,
55,2017-04-06 00:00:00,1435560,160426,0,413,2031,2015,2017,0,0,4,0,0,999,PSD,DF,ROGÉRIO ROSSO,02012862000160,Emissão Bilhete Aéreo,,Cia Aérea - TAM,Bilhete: 957-2144.689232,ROGÉRIO ROSSO,CGH/BSB,1116.8,0,1116.8,
55,2017-06-05 00:00:00,1452590,160426,0,413,2031,2015,2017,0,0,6,0,0,999,PSD,DF,ROGÉRIO ROSSO,02012862000160,Emissão Bilhete Aéreo,,Cia Aérea - TAM,Bilhete: 957-2147.850692,ROGÉRIO ROSSO,CGH/GYN,1405.8,0,1405.8,
55,2017-06-09 00:00:00,1452871,160426,0,413,2031,2015,2017,0,0,6,0,0,999,PSD,DF,ROGÉRIO ROSSO,02012862000160,Emissão Bilhete Aéreo,,Cia Aérea - TAM,Bilhete: 957-2147.851076,ROGÉRIO ROSSO,BSB/CGH,1644.69,0,1644.69,
55,2017-06-09 00:00:00,1452872,160426,0,413,2031,2015,2017,0,0,6,0,0,999,PSD,DF,ROGÉRIO ROSSO,02012862000160,Emissão Bilhete Aéreo,,Cia Aérea - TAM,Bilhete: 957-2147.851077,ROGÉRIO ROSSO,CGH/BSB,1200.8,0,1200.8,
55,2017-06-13 00:00:00,1479858,160426,0,413,2031,2015,2017,0,0,6,0,0,999,PSD,DF,ROGÉRIO ROSSO,02012862000160,Emissão Bilhete Aéreo,,Cia Aérea - TAM,Bilhete: 957-2147.851180,ROGÉRIO ROSSO,BSB/CGH/BSB,1073.9,0,1073.9,
55,2017-07-03 00:00:00,1457987,160426,0,413,2031,2015,2017,0,0,7,0,0,999,PSD,DF,ROGÉRIO ROSSO,02012862000160,Emissão Bilhete Aéreo,,Cia Aérea - TAM,Bilhete: 957-2149.299738,ROGÉRIO ROSSO,CGH/BSB,1539.9,0,1539.9,
55,2017-07-15 00:00:00,1462268,160426,0,413,2031,2015,2017,0,0,7,0,0,999,PSD,DF,ROGÉRIO ROSSO,02012862000160,Emissão Bilhete Aéreo,,Cia Aérea - TAM,Bilhete: 957-2149.999713,ROGÉRIO ROSSO,BSB/CGH,760.69,0,760.69,
55,2017-08-03 00:00:00,1469468,160426,0,413,2031,2015,2017,0,0,8,0,0,999,PSD,DF,ROGÉRIO ROSSO,02012862000160,Emissão Bilhete Aéreo,,Cia Aérea - TAM,Bilhete: 957-2151.777729,ROGÉRIO ROSSO,GYN/CGH,1240.8,0,1240.8,
55,2017-08-12 00:00:00,1472670,160426,0,413,2031,2015,2017,0,0,8,0,0,999,PSD,DF,ROGÉRIO ROSSO,02012862000160,Emissão Bilhete Aéreo,,Cia Aérea - TAM,Bilhete: 957-2152.447145,ROGÉRIO ROSSO,BSB/CGH/BSB,2858.69,0,2858.69,
55,2017-06-13 00:00:00,1479892,160426,0,413,2031,2015,2017,0,0,6,0,0,999,PSD,DF,ROGÉRIO ROSSO,02012862000160,Emissão Bilhete Aéreo,,Cia Aérea - TAM,Bilhete: 957-4555.059283,ROGÉRIO ROSSO,BSB/BSB,200,0,200,
55,2017-08-12 00:00:00,1472680,160426,0,413,2031,2015,2017,0,0,8,0,0,999,PSD,DF,ROGÉRIO ROSSO,02012862000160,Emissão Bilhete Aéreo,,Cia Aérea - TAM,Bilhete: 957-4555.621614,ROGÉRIO ROSSO,BSB/CGH,39,0,39,
55,2017-06-09 00:00:00,1557322,160426,0,413,2031,2015,2017,0,0,6,0,0,999,PSD,DF,ROGÉRIO ROSSO,02012862000160,Emissão Bilhete Aéreo,,Cia Aérea - TAM,Comp-957-2147.851077,ROGÉRIO ROSSO,CGH/BSB,-1200.8,0,-1200.8,
55,2017-06-13 00:00:00,1557323,160426,0,413,2031,2015,2017,0,0,6,0,0,999,PSD,DF,ROGÉRIO ROSSO,02012862000160,Emissão Bilhete Aéreo,,Cia Aérea - TAM,Comp-957-2147.851185,ROGÉRIO ROSSO,BSB/CGH/BSB,-2337.21,0,-2337.21,
55,2017-07-03 00:00:00,1557324,160426,0,413,2031,2015,2017,0,0,7,0,0,999,PSD,DF,ROGÉRIO ROSSO,02012862000160,Emissão Bilhete Aéreo,,Cia Aérea - TAM,Comp-957-2149.299738,ROGÉRIO ROSSO,CGH/BSB,-1539.9,0,-1539.9,
55,2017-06-13 00:00:00,1456289,160426,0,413,2031,2015,2017,0,0,6,0,0,999,PSD,DF,ROGÉRIO ROSSO,02012862000160,Emissão Bilhete Aéreo,,Cia Aérea - TAM,Comp-957-4555.059286,ROGÉRIO ROSSO,BSB/BSB,-158,0,-158,
55,2017-03-16 00:00:00,0,160575,0,407,2403,2015,2017,0,0,2,0,0,10,PT,DF,Erika Kokay,00000000000001,TELEFONIA,,CELULAR FUNCIONAL,6254821,,,62.3,0,62.3,
55,2017-03-16 00:00:00,0,160575,0,407,2403,2015,2017,0,0,2,0,0,10,PT,DF,Erika Kokay,00000000000001,TELEFONIA,,CELULAR FUNCIONAL,6257218,,,277.79,0,277.79,
55,2017-04-12 00:00:00,0,160575,0,407,2403,2015,2017,0,0,3,0,0,10,PT,DF,Erika Kokay,00000000000001,TELEFONIA,,CELULAR FUNCIONAL,6261630,,,62.3,0,62.3,
55,2017-05-16 00:00:00,0,160575,0,407,2403,2015,2017,0,0,4,0,0,10,PT,DF,Erika Kokay,00000000000001,TELEFONIA,,CELULAR FUNCIONAL,6289925,,,62.3,0,62.3,
55,2017-04-12 00:00:00,0,160575,0,407,2403,2015,2017,0,0,2,0,0,10,PT,DF,Erika Kokay,00000000000001,TELEFONIA,,CELULAR FUNCIONAL,6291162,,,1.33,0,1.33,
55,2017-04-12 00:00:00,0,160575,0,407,2403,2015,2017,0,0,3,0,0,10,PT,DF,Erika Kokay,00000000000001,TELEFONIA,,CELULAR FUNCIONAL,6291162,,,491.31,0,491.31,
55,2017-02-17 00:00:00,0,160575,0,407,2403,2015,2017,0,0,1,0,0,10,PT,DF,Erika Kokay,00000000000001,TELEFONIA,,CELULAR FUNCIONAL,6404968,,,210.7,0,210.7,
55,2017-02-23 14:31:00,0,160575,1,407,2403,2015,2017,0,0,2,0,0,11,PT,DF,Erika Kokay,00000000000007,SERVIÇOS POSTAIS,,CORREIOS - CAIXA DE ENCOMENDAS BÁSICA/CONVENCIONAL,RSP : 2192550,,,4.7,0,4.7,
55,2017-06-13 10:50:18,0,160575,1,407,2403,2015,2017,0,0,6,0,0,11,PT,DF,Erika Kokay,00000000000007,SERVIÇOS POSTAIS,,CORREIOS - CAIXA DE ENCOMENDAS BÁSICA/CONVENCIONAL,RSP : 2208412,,,7,0,7,
55,2017-07-11 16:12:09,0,160575,1,407,2403,2015,2017,0,0,7,0,0,11,PT,DF,Erika Kokay,00000000000007,SERVIÇOS POSTAIS,,CORREIOS - CAIXA DE ENCOMENDAS BÁSICA/CONVENCIONAL,RSP : 2211164,,,4.8,0,4.8,
55,2017-07-14 13:57:33,0,160575,1,407,2403,2015,2017,0,0,7,0,0,11,PT,DF,Erika Kokay,00000000000007,SERVIÇOS POSTAIS,,CORREIOS - CAIXA DE ENCOMENDAS BÁSICA/CONVENCIONAL,RSP : 2211655,,,7,0,7,
55,2017-10-02 10:39:25,0,160575,1,407,2403,2015,2017,0,0,10,0,0,11,PT,DF,Erika Kokay,00000000000007,SERVIÇOS POSTAIS,,CORREIOS - CAIXA DE ENCOMENDAS BÁSICA/CONVENCIONAL,RSP : 2221311,,,4.8,0,4.8,
55,2017-04-18 15:37:49,0,160575,1,407,2403,2015,2017,0,0,4,0,0,11,PT,DF,Erika Kokay,00000000000007,SERVIÇOS POSTAIS,,CORREIOS - CARTA COMERCIAL,RSP : 2199402,,,1.7,0,1.7,
55,2017-06-13 10:46:39,0,160575,1,407,2403,2015,2017,0,0,6,0,0,11,PT,DF,Erika Kokay,00000000000007,SERVIÇOS POSTAIS,,CORREIOS - CARTA COMERCIAL,RSP : 2208416,,,4.25,0,4.25,
55,2017-09-06 11:08:15,0,160575,1,407,2403,2015,2017,0,0,9,0,0,11,PT,DF,Erika Kokay,00000000000007,SERVIÇOS POSTAIS,,CORREIOS - CARTA COMERCIAL,RSP : 2217987,,,4.25,0,4.25,
55,2017-09-08 13:20:59,0,160575,1,407,2403,2015,2017,0,0,9,0,0,11,PT,DF,Erika Kokay,00000000000007,SERVIÇOS POSTAIS,,CORREIOS - CARTA COMERCIAL,RSP : 2218149,,,1.8,0,1.8,
55,2017-02-08 14:40:38,0,160575,1,407,2403,2015,2017,0,0,2,0,0,11,PT,DF,Erika Kokay,00000000000007,SERVIÇOS POSTAIS,,CORREIOS - CARTA REGISTRADA COM AR,RSP : 2190655,,,10.3,0,10.3,
55,2017-02-09 10:37:35,0,160575,1,407,2403,2015,2017,0,0,2,0,0,11,PT,DF,Erika Kokay,00000000000007,SERVIÇOS POSTAIS,,CORREIOS - CARTA REGISTRADA COM AR,RSP : 2190724,,,10.95,0,10.95,
55,2017-02-20 17:38:07,0,160575,1,407,2403,2015,2017,0,0,2,0,0,11,PT,DF,Erika Kokay,00000000000007,SERVIÇOS POSTAIS,,CORREIOS - CARTA REGISTRADA COM AR,RSP : 2191992,,,41.2,0,41.2,
55,2017-05-04 13:38:45,0,160575,1,407,2403,2015,2017,0,0,5,0,0,11,PT,DF,Erika Kokay,00000000000007,SERVIÇOS POSTAIS,,CORREIOS - CARTA REGISTRADA COM AR,RSP : 2203089,,,20.6,0,20.6,
55,2017-05-16 12:13:54,0,160575,1,407,2403,2015,2017,0,0,5,0,0,11,PT,DF,Erika Kokay,00000000000007,SERVIÇOS POSTAIS,,CORREIOS - CARTA REGISTRADA COM AR,RSP : 2205087,,,10.4,0,10.4,
55,2017-06-08 12:18:11,0,160575,1,407,2403,2015,2017,0,0,6,0,0,11,PT,DF,Erika Kokay,00000000000007,SERVIÇOS POSTAIS,,CORREIOS - CARTA REGISTRADA COM AR,RSP : 2206116,,,10.4,0,10.4,
55,2017-06-13 10:21:17,0,160575,1,407,2403,2015,2017,0,0,6,0,0,11,PT,DF,Erika Kokay,00000000000007,SERVIÇOS POSTAIS,,CORREIOS - CARTA REGISTRADA COM AR,RSP : 2208380,,,10.4,0,10.4,
55,2017-06-28 13:44:58,0,160575,1,407,2403,2015,2017,0,0,6,0,0,11,PT,DF,Erika Kokay,00000000000007,SERVIÇOS POSTAIS,,CORREIOS - CARTA REGISTRADA COM AR,RSP : 2209807,,,10.4,0,10.4,
55,2017-07-20 11:11:22,0,160575,1,407,2403,2015,2017,0,0,7,0,0,11,PT,DF,Erika Kokay,00000000000007,SERVIÇOS POSTAIS,,CORREIOS - CARTA REGISTRADA COM AR,RSP : 2212042,,,11.15,0,11.15,
55,2017-08-04 11:37:27,0,160575,1,407,2403,2015,2017,0,0,8,0,0,11,PT,DF,Erika Kokay,00000000000007,SERVIÇOS POSTAIS,,CORREIOS - CARTA REGISTRADA COM AR,RSP : 2213521,,,10.4,0,10.4,
55,2017-08-23 11:39:45,0,160575,1,407,2403,2015,2017,0,0,8,0,0,11,PT,DF,Erika Kokay,00000000000007,SERVIÇOS POSTAIS,,CORREIOS - CARTA REGISTRADA COM AR,RSP : 2215279,,,10.4,0,10.4,
55,2017-08-23 13:47:30,0,160575,1,407,2403,2015,2017,0,0,8,0,0,11,PT,DF,Erika Kokay,00000000000007,SERVIÇOS POSTAIS,,CORREIOS - CARTA REGISTRADA COM AR,RSP : 2215522,,,11.15,0,11.15,
55,2017-08-29 11:16:09,0,160575,1,407,2403,2015,2017,0,0,8,0,0,11,PT,DF,Erika Kokay,00000000000007,SERVIÇOS POSTAIS,,CORREIOS - CARTA REGISTRADA COM AR,RSP : 2216033,,,10.4,0,10.4,
55,2017-09-04 13:22:41,0,160575,1,407,2403,2015,2017,0,0,9,0,0,11,PT,DF,Erika Kokay,00000000000007,SERVIÇOS POSTAIS,,CORREIOS - CARTA REGISTRADA COM AR,RSP : 2217651,,,10.4,0,10.4,
55,2017-10-03 17:44:37,0,160575,1,407,2403,2015,2017,0,0,10,0,0,11,PT,DF,Erika Kokay,00000000000007,SERVIÇOS POSTAIS,,CORREIOS - CARTA REGISTRADA COM AR,RSP : 2221537,,,11.15,0,11.15,
55,2017-10-18 17:18:45,0,160575,1,407,2403,2015,2017,0,0,10,0,0,11,PT,DF,Erika Kokay,00000000000007,SERVIÇOS POSTAIS,,CORREIOS - CARTA REGISTRADA COM AR,RSP : 2223903,,,10.4,0,10.4,
55,2017-10-20 14:58:56,0,160575,1,407,2403,2015,2017,0,0,10,0,0,11,PT,DF,Erika Kokay,00000000000007,SERVIÇOS POSTAIS,,CORREIOS - CARTA REGISTRADA COM AR,RSP : 2224165,,,10.4,0,10.4,
55,2017-11-13 13:50:54,0,160575,1,407,2403,2015,2017,0,0,11,0,0,11,PT,DF,Erika Kokay,00000000000007,SERVIÇOS POSTAIS,,CORREIOS - CARTA REGISTRADA COM AR,RSP : 2226253,,,11.85,0,11.85,
55,2017-12-12 12:33:22,0,160575,1,407,2403,2015,2017,0,0,12,0,0,11,PT,DF,Erika Kokay,00000000000007,SERVIÇOS POSTAIS,,CORREIOS - CARTA REGISTRADA COM AR,RSP : 2230175,,,237,0,237,
55,2017-02-10 11:42:36,0,160575,1,407,2403,2015,2017,0,0,2,0,0,11,PT,DF,Erika Kokay,00000000000007,SERVIÇOS POSTAIS,,CORREIOS - ENCOMENDA PAC,RSP : 2190934,,,153.72,0,153.72,
55,2017-07-11 16:05:15,0,160575,1,407,2403,2015,2017,0,0,7,0,0,11,PT,DF,Erika Kokay,00000000000007,SERVIÇOS POSTAIS,,CORREIOS - ENCOMENDA PAC,RSP : 2211163,,,37.9,0,37.9,
55,2017-12-14 16:40:44,0,160575,1,407,2403,2015,2017,0,0,12,0,0,11,PT,DF,Erika Kokay,00000000000007,SERVIÇOS POSTAIS,,CORREIOS - ENCOMENDA PAC,RSP : 2230782,,,39.62,0,39.62,
55,2017-12-19 13:20:09,0,160575,1,407,2403,2015,2017,0,0,12,0,0,11,PT,DF,Erika Kokay,00000000000007,SERVIÇOS POSTAIS,,CORREIOS - ENCOMENDA PAC,RSP : 2231271,,,127.57,0,127.57,
55,2017-02-22 15:57:04,0,160575,1,407,2403,2015,2017,0,0,2,0,0,11,PT,DF,Erika Kokay,00000000000007,SERVIÇOS POSTAIS,,CORREIOS - SEDEX 10,RSP : 2192428,,,61.4,0,61.4,
55,2017-08-08 13:59:27,0,160575,1,407,2403,2015,2017,0,0,8,0,0,11,PT,DF,Erika Kokay,00000000000007,SERVIÇOS POSTAIS,,CORREIOS - SEDEX 10 COM AR,RSP : 2213852,,,31.6,0,31.6,
55,2017-05-25 13:08:23,0,160575,1,407,2403,2015,2017,0,0,5,0,0,11,PT,DF,Erika Kokay,00000000000007,SERVIÇOS POSTAIS,,CORREIOS - SEDEX 12,RSP : 2206327,,,61.4,0,61.4,
55,2017-02-23 14:31:26,0,160575,1,407,2403,2015,2017,0,0,2,0,0,11,PT,DF,Erika Kokay,00000000000007,SERVIÇOS POSTAIS,,CORREIOS - SEDEX CONVENCIONAL,RSP : 2192534,,,18.23,0,18.23,
55,2017-03-13 14:23:27,0,160575,1,407,2403,2015,2017,0,0,3,0,0,11,PT,DF,Erika Kokay,00000000000007,SERVIÇOS POSTAIS,,CORREIOS - SEDEX CONVENCIONAL,RSP : 2195083,,,15.58,0,15.58,
55,2017-03-20 17:25:18,0,160575,1,407,2403,2015,2017,0,0,3,0,0,11,PT,DF,Erika Kokay,00000000000007,SERVIÇOS POSTAIS,,CORREIOS - SEDEX CONVENCIONAL,RSP : 2196191,,,14.69,0,14.69,
55,2017-06-13 10:45:58,0,160575,1,407,2403,2015,2017,0,0,6,0,0,11,PT,DF,Erika Kokay,00000000000007,SERVIÇOS POSTAIS,,CORREIOS - SEDEX CONVENCIONAL,RSP : 2208395,,,55.84,0,55.84,
55,2017-07-28 12:51:53,0,160575,1,407,2403,2015,2017,0,0,7,0,0,11,PT,DF,Erika Kokay,00000000000007,SERVIÇOS POSTAIS,,CORREIOS - SEDEX CONVENCIONAL,RSP : 2210035,,,91.58,0,91.58,
55,2017-07-06 17:13:32,0,160575,1,407,2403,2015,2017,0,0,7,0,0,11,PT,DF,Erika Kokay,00000000000007,SERVIÇOS POSTAIS,,CORREIOS - SEDEX CONVENCIONAL,RSP : 2210685,,,117.71,0,117.71,
55,2017-07-14 13:58:05,0,160575,1,407,2403,2015,2017,0,0,7,0,0,11,PT,DF,Erika Kokay,00000000000007,SERVIÇOS POSTAIS,,CORREIOS - SEDEX CONVENCIONAL,RSP : 2211654,,,62.09,0,62.09,
55,2017-08-14 14:31:27,0,160575,1,407,2403,2015,2017,0,0,8,0,0,11,PT,DF,Erika Kokay,00000000000007,SERVIÇOS POSTAIS,,CORREIOS - SEDEX CONVENCIONAL,RSP : 2214458,,,390.27,0,390.27,
55,2017-10-02 10:39:04,0,160575,1,407,2403,2015,2017,0,0,10,0,0,11,PT,DF,Erika Kokay,00000000000007,SERVIÇOS POSTAIS,,CORREIOS - SEDEX CONVENCIONAL,RSP : 2221310,,,61.27,0,61.27,
55,2017-11-03 15:58:04,0,160575,1,407,2403,2015,2017,0,0,11,0,0,11,PT,DF,Erika Kokay,00000000000007,SERVIÇOS POSTAIS,,CORREIOS - SEDEX CONVENCIONAL,RSP : 2225406,,,405.88,0,405.88,
55,2017-02-08 17:14:52,0,160637,1,414,2365,2015,2017,0,0,2,0,0,11,PODE,DF,RONALDO FONSECA,00000000000007,SERVIÇOS POSTAIS,,CORREIOS - CARTA REGISTRADA COM AR,RSP : 2190692,,,10.95,0,10.95,
55,2017-05-26 11:06:56,0,160637,1,414,2365,2015,2017,0,0,5,0,0,11,PODE,DF,RONALDO FONSECA,00000000000007,SERVIÇOS POSTAIS,,CORREIOS - CARTA REGISTRADA COM AR,RSP : 2206439,,,10.4,0,10.4,
55,2017-10-17 12:03:42,0,160637,1,414,2365,2015,2017,0,0,10,0,0,11,PODE,DF,RONALDO FONSECA,00000000000007,SERVIÇOS POSTAIS,,CORREIOS - CARTA REGISTRADA COM AR,RSP : 2222731,,,11.15,0,11.15,
55,2017-03-16 00:00:00,0,178870,0,415,2904,2015,2017,0,0,1,0,0,10,PP,DF,RÔNEY NEMER,00000000000001,TELEFONIA,,CELULAR FUNCIONAL,6257218,,,0.51,0,0.51,
55,2017-03-16 00:00:00,0,178870,0,415,2904,2015,2017,0,0,2,0,0,10,PP,DF,RÔNEY NEMER,00000000000001,TELEFONIA,,CELULAR FUNCIONAL,6257218,,,588.28,0,588.28,
55,2017-04-12 00:00:00,0,178870,0,415,2904,2015,2017,0,0,2,0,0,10,PP,DF,RÔNEY NEMER,00000000000001,TELEFONIA,,CELULAR FUNCIONAL,6291162,,,12.28,0,12.28,
55,2017-04-12 00:00:00,0,178870,0,415,2904,2015,2017,0,0,3,0,0,10,PP,DF,RÔNEY NEMER,00000000000001,TELEFONIA,,CELULAR FUNCIONAL,6291162,,,758.83,0,758.83,
55,2017-02-17 00:00:00,0,178870,0,415,2904,2015,2017,0,0,2,0,0,10,PP,DF,RÔNEY NEMER,00000000000001,TELEFONIA,,CELULAR FUNCIONAL,6404968,,,0.5,0,0.5,
55,2017-02-17 00:00:00,0,178870,0,415,2904,2015,2017,0,0,1,0,0,10,PP,DF,RÔNEY NEMER,00000000000001,TELEFONIA,,CELULAR FUNCIONAL,6404968,,,672.79,0,672.79,
55,2017-01-10 11:51:08,0,178870,1,415,2904,2015,2017,0,0,1,0,0,11,PP,DF,RÔNEY NEMER,00000000000007,SERVIÇOS POSTAIS,,CORREIOS - CARTA COMERCIAL,RSP : 2188139,,,5.1,0,5.1,
55,2017-02-02 15:21:35,0,178870,1,415,2904,2015,2017,0,0,2,0,0,11,PP,DF,RÔNEY NEMER,00000000000007,SERVIÇOS POSTAIS,,CORREIOS - CARTA COMERCIAL,RSP : 2189966,,,3.4,0,3.4,
55,2017-02-03 15:49:46,0,178870,1,415,2904,2015,2017,0,0,2,0,0,11,PP,DF,RÔNEY NEMER,00000000000007,SERVIÇOS POSTAIS,,CORREIOS - CARTA COMERCIAL,RSP : 2190103,,,1.7,0,1.7,
55,2017-02-13 11:50:33,0,178870,1,415,2904,2015,2017,0,0,2,0,0,11,PP,DF,RÔNEY NEMER,00000000000007,SERVIÇOS POSTAIS,,CORREIOS - CARTA COMERCIAL,RSP : 2191071,,,1.7,0,1.7,
55,2017-02-20 15:32:03,0,178870,1,415,2904,2015,2017,0,0,2,0,0,11,PP,DF,RÔNEY NEMER,00000000000007,SERVIÇOS POSTAIS,,CORREIOS - CARTA COMERCIAL,RSP : 2192000,,,1.7,0,1.7,
55,2017-02-23 15:03:30,0,178870,1,415,2904,2015,2017,0,0,2,0,0,11,PP,DF,RÔNEY NEMER,00000000000007,SERVIÇOS POSTAIS,,CORREIOS - CARTA COMERCIAL,RSP : 2192578,,,3.4,0,3.4,
55,2017-03-07 15:40:19,0,178870,1,415,2904,2015,2017,0,0,3,0,0,11,PP,DF,RÔNEY NEMER,00000000000007,SERVIÇOS POSTAIS,,CORREIOS - CARTA COMERCIAL,RSP : 2193337,,,1.7,0,1.7,
55,2017-03-22 12:54:32,0,178870,1,415,2904,2015,2017,0,0,3,0,0,11,PP,DF,RÔNEY NEMER,00000000000007,SERVIÇOS POSTAIS,,CORREIOS - CARTA COMERCIAL,RSP : 2196296,,,3.4,0,3.4,
55,2017-03-27 15:08:46,0,178870,1,415,2904,2015,2017,0,0,3,0,0,11,PP,DF,RÔNEY NEMER,00000000000007,SERVIÇOS POSTAIS,,CORREIOS - CARTA COMERCIAL,RSP : 2197073,,,1.7,0,1.7,
55,2017-04-03 15:37:04,0,178870,1,415,2904,2015,2017,0,0,4,0,0,11,PP,DF,RÔNEY NEMER,00000000000007,SERVIÇOS POSTAIS,,CORREIOS - CARTA COMERCIAL,RSP : 2197951,,,1.7,0,1.7,
55,2017-04-06 11:10:13,0,178870,1,415,2904,2015,2017,0,0,4,0,0,11,PP,DF,RÔNEY NEMER,00000000000007,SERVIÇOS POSTAIS,,CORREIOS - CARTA COMERCIAL,RSP : 2198393,,,1.7,0,1.7,
55,2017-05-02 16:43:07,0,178870,1,415,2904,2015,2017,0,0,5,0,0,11,PP,DF,RÔNEY NEMER,00000000000007,SERVIÇOS POSTAIS,,CORREIOS - CARTA COMERCIAL,RSP : 2201786,,,6.8,0,6.8,
55,2017-05-09 10:27:21,0,178870,1,415,2904,2015,2017,0,0,5,0,0,11,PP,DF,RÔNEY NEMER,00000000000007,SERVIÇOS POSTAIS,,CORREIOS - CARTA COMERCIAL,RSP : 2203467,,,3.6,0,3.6,
55,2017-05-17 10:21:33,0,178870,1,415,2904,2015,2017,0,0,5,0,0,11,PP,DF,RÔNEY NEMER,00000000000007,SERVIÇOS POSTAIS,,CORREIOS - CARTA COMERCIAL,RSP : 2205211,,,1.8,0,1.8,
55,2017-05-24 12:14:25,0,178870,1,415,2904,2015,2017,0,0,5,0,0,11,PP,DF,RÔNEY NEMER,00000000000007,SERVIÇOS POSTAIS,,CORREIOS - CARTA COMERCIAL,RSP : 2206188,,,2.55,0,2.55,
55,2017-06-01 10:58:56,0,178870,1,415,2904,2015,2017,0,0,6,0,0,11,PP,DF,RÔNEY NEMER,00000000000007,SERVIÇOS POSTAIS,,CORREIOS - CARTA COMERCIAL,RSP : 2207101,,,1.8,0,1.8,
55,2017-06-05 15:08:54,0,178870,1,415,2904,2015,2017,0,0,6,0,0,11,PP,DF,RÔNEY NEMER,00000000000007,SERVIÇOS POSTAIS,,CORREIOS - CARTA COMERCIAL,RSP : 2207484,,,1.8,0,1.8,
55,2017-06-20 11:47:20,0,178870,1,415,2904,2015,2017,0,0,6,0,0,11,PP,DF,RÔNEY NEMER,00000000000007,SERVIÇOS POSTAIS,,CORREIOS - CARTA COMERCIAL,RSP : 2208834,,,1.8,0,1.8,
55,2017-06-27 15:43:05,0,178870,1,415,2904,2015,2017,0,0,6,0,0,11,PP,DF,RÔNEY NEMER,00000000000007,SERVIÇOS POSTAIS,,CORREIOS - CARTA COMERCIAL,RSP : 2209646,,,3.6,0,3.6,
55,2017-07-04 11:03:13,0,178870,1,415,2904,2015,2017,0,0,7,0,0,11,PP,DF,RÔNEY NEMER,00000000000007,SERVIÇOS POSTAIS,,CORREIOS - CARTA COMERCIAL,RSP : 2210322,,,1.8,0,1.8,
55,2017-07-06 16:58:54,0,178870,1,415,2904,2015,2017,0,0,7,0,0,11,PP,DF,RÔNEY NEMER,00000000000007,SERVIÇOS POSTAIS,,CORREIOS - CARTA COMERCIAL,RSP : 2210587,,,2.55,0,2.55,
55,2017-07-07 17:11:41,0,178870,1,415,2904,2015,2017,0,0,7,0,0,11,PP,DF,RÔNEY NEMER,00000000000007,SERVIÇOS POSTAIS,,CORREIOS - CARTA COMERCIAL,RSP : 2210912,,,1.8,0,1.8,
55,2017-07-20 10:49:46,0,178870,1,415,2904,2015,2017,0,0,7,0,0,11,PP,DF,RÔNEY NEMER,00000000000007,SERVIÇOS POSTAIS,,CORREIOS - CARTA COMERCIAL,RSP : 2212171,,,1.8,0,1.8,
55,2017-07-21 09:50:33,0,178870,1,415,2904,2015,2017,0,0,7,0,0,11,PP,DF,RÔNEY NEMER,00000000000007,SERVIÇOS POSTAIS,,CORREIOS - CARTA COMERCIAL,RSP : 2212383,,,1.8,0,1.8,
55,2017-08-21 16:16:02,0,178870,1,415,2904,2015,2017,0,0,8,0,0,11,PP,DF,RÔNEY NEMER,00000000000007,SERVIÇOS POSTAIS,,CORREIOS - CARTA COMERCIAL,RSP : 2215294,,,2.55,0,2.55,
55,2017-08-29 14:40:06,0,178870,1,415,2904,2015,2017,0,0,8,0,0,11,PP,DF,RÔNEY NEMER,00000000000007,SERVIÇOS POSTAIS,,CORREIOS - CARTA COMERCIAL,RSP : 2215995,,,3.6,0,3.6,
55,2017-09-04 17:15:41,0,178870,1,415,2904,2015,2017,0,0,9,0,0,11,PP,DF,RÔNEY NEMER,00000000000007,SERVIÇOS POSTAIS,,CORREIOS - CARTA COMERCIAL,RSP : 2217719,,,1.8,0,1.8,
55,2017-09-11 14:54:17,0,178870,1,415,2904,2015,2017,0,0,9,0,0,11,PP,DF,RÔNEY NEMER,00000000000007,SERVIÇOS POSTAIS,,CORREIOS - CARTA COMERCIAL,RSP : 2218244,,,7.2,0,7.2,
55,2017-10-04 11:16:14,0,178870,1,415,2904,2015,2017,0,0,10,0,0,11,PP,DF,RÔNEY NEMER,00000000000007,SERVIÇOS POSTAIS,,CORREIOS - CARTA COMERCIAL,RSP : 2221584,,,1.8,0,1.8,
55,2017-10-11 16:27:26,0,178870,1,415,2904,2015,2017,0,0,10,0,0,11,PP,DF,RÔNEY NEMER,00000000000007,SERVIÇOS POSTAIS,,CORREIOS - CARTA COMERCIAL,RSP : 2222185,,,1.8,0,1.8,
55,2017-10-30 16:27:50,0,178870,1,415,2904,2015,2017,0,0,10,0,0,11,PP,DF,RÔNEY NEMER,00000000000007,SERVIÇOS POSTAIS,,CORREIOS - CARTA COMERCIAL,RSP : 2224949,,,1.8,0,1.8,
55,2017-11-03 17:03:46,0,178870,1,415,2904,2015,2017,0,0,11,0,0,11,PP,DF,RÔNEY NEMER,00000000000007,SERVIÇOS POSTAIS,,CORREIOS - CARTA COMERCIAL,RSP : 2225399,,,1.85,0,1.85,
55,2017-11-20 16:40:26,0,178870,1,415,2904,2015,2017,0,0,11,0,0,11,PP,DF,RÔNEY NEMER,00000000000007,SERVIÇOS POSTAIS,,CORREIOS - CARTA COMERCIAL,RSP : 2227882,,,1.85,0,1.85,
55,2017-11-28 11:23:00,0,178870,1,415,2904,2015,2017,0,0,11,0,0,11,PP,DF,RÔNEY NEMER,00000000000007,SERVIÇOS POSTAIS,,CORREIOS - CARTA COMERCIAL,RSP : 2228660,,,1.85,0,1.85,
55,2017-12-04 16:45:35,0,178870,1,415,2904,2015,2017,0,0,12,0,0,11,PP,DF,RÔNEY NEMER,00000000000007,SERVIÇOS POSTAIS,,CORREIOS - CARTA COMERCIAL,RSP : 2229426,,,1.85,0,1.85,
55,2017-12-19 17:09:17,0,178870,1,415,2904,2015,2017,0,0,12,0,0,11,PP,DF,RÔNEY NEMER,00000000000007,SERVIÇOS POSTAIS,,CORREIOS - CARTA COMERCIAL,RSP : 2231317,,,1.85,0,1.85,
55,2017-12-22 15:01:25,0,178870,1,415,2904,2015,2017,0,0,12,0,0,11,PP,DF,RÔNEY NEMER,00000000000007,SERVIÇOS POSTAIS,,CORREIOS - CARTA COMERCIAL,RSP : 2231808,,,1.85,0,1.85,
55,2017-03-30 15:31:12,0,178870,1,415,2904,2015,2017,0,0,3,0,0,11,PP,DF,RÔNEY NEMER,00000000000007,SERVIÇOS POSTAIS,,CORREIOS - CARTA REGISTRADA COM AR,RSP : 2197550,,,43.8,0,43.8,
55,2017-06-07 17:00:54,0,178870,1,415,2904,2015,2017,0,0,6,0,0,11,PP,DF,RÔNEY NEMER,00000000000007,SERVIÇOS POSTAIS,,CORREIOS - CARTA REGISTRADA COM AR,RSP : 2207818,,,11.15,0,11.15,
55,2017-08-21 16:21:46,0,178870,1,415,2904,2015,2017,0,0,8,0,0,11,PP,DF,RÔNEY NEMER,00000000000007,SERVIÇOS POSTAIS,,CORREIOS - CARTA REGISTRADA COM AR,RSP : 2215292,,,10.4,0,10.4,
55,2017-11-13 17:15:50,0,178870,1,415,2904,2015,2017,0,0,11,0,0,11,PP,DF,RÔNEY NEMER,00000000000007,SERVIÇOS POSTAIS,,CORREIOS - CARTA REGISTRADA COM AR,RSP : 2226413,,,12.55,0,12.55,
55,2017-10-25 15:29:17,0,178870,1,415,2904,2015,2017,0,0,10,0,0,11,PP,DF,RÔNEY NEMER,00000000000007,SERVIÇOS POSTAIS,,CORREIOS - ENCOMENDA PAC,RSP : 2224509,,,14.1,0,14.1,
55,2017-07-31 13:25:49,0,178870,1,415,2904,2015,2017,0,0,7,0,0,11,PP,DF,RÔNEY NEMER,00000000000007,SERVIÇOS POSTAIS,,CORREIOS - MALA DIRETA POSTAL BÁSICA,RSP : 2212886,,,4536,0,4536,
55,2017-08-01 15:53:50,0,178870,1,415,2904,2015,2017,0,0,8,0,0,11,PP,DF,RÔNEY NEMER,00000000000007,SERVIÇOS POSTAIS,,CORREIOS - MALA DIRETA POSTAL BÁSICA,RSP : 2213068,,,3734.97,0,3734.97,
